Kode Produk,Barcode,Nama Produk,Kategori,Vendor,PIC,Satuan,UOM DC,UOM Store,Konversi Store
LB3802,5803802,89 CUKA APEL 500 ML,Minuman,GRX CUKA APPLE (SNACK),M KHOIRUL UMAM,PCS,1.00 PCS : 1.00 PCS,1.00 PCS : 1.00 PCS,1
LB1827,711844115057,ABC KECAP ASIN 131ML,Sembako,CV MITRA SEJATI DISTRIBUSI,EKO SUYANTO,PCS,1.00 PCS : 1.00 PCS,1.00 PCS : 1.00 PCS,1
LB2083,711844110762,ABC KECAP EXTRA PEDAS 135ML,Sembako,CV MITRA SEJATI DISTRIBUSI,EKO SUYANTO,PCS,1.00 PCS : 1.00 PCS,1.00 PCS : 1.00 PCS,1
LB1828,711844110700,ABC KECAP PEDAS 135ML,Sembako,CV MITRA SEJATI DISTRIBUSI,EKO SUYANTO,PCS,1.00 PCS : 1.00 PCS,1.00 PCS : 1.00 PCS,1
LB4890,28991002122035,ABC KOPI SUSU BRAZILIAN COFFE 200ML,Minuman,PT FASTRATA BUANA,PRASETYO PAMBUDI,BOX,1.00 BOX : 1.00 BOX,1.00 BOX : 12.00 PCS,12
LB1634,711844120037,ABC SAMBAL ASLI 130ML,Sembako,CV MITRA SEJATI DISTRIBUSI,EKO SUYANTO,PCS,1.00 PCS : 1.00 PCS,1.00 PCS : 1.00 PCS,1
LB0997,711844120419,ABC SAMBAL ASLI 270ML,Sembako,CV MITRA SEJATI DISTRIBUSI,EKO SUYANTO,PCS,1.00 PCS : 1.00 PCS,1.00 PCS : 1.00 PCS,1
LB1792,711844120082,ABC SAMBAL EXTRA PEDAS 130ML,Sembako,CV MITRA SEJATI DISTRIBUSI,EKO SUYANTO,PCS,1.00 PCS : 1.00 PCS,1.00 PCS : 1.00 PCS,1
LB2715,,ABC SARI KACANG HIJAU 250ML,Minuman,,,BOX,1.00 BOX : 1.00 BOX,1.00 BOX : 24.00 PCS,24
LB2135,711844130111,ABC SAUS TOMAT 130 ML,Sembako,CV MITRA SEJATI DISTRIBUSI,EKO SUYANTO,PCS,1.00 PCS : 1.00 PCS,1.00 PCS : 1.00 PCS,1
LB2134,711844130128,ABC SAUS TOMAT 275 ML,Sembako,CV MITRA SEJATI DISTRIBUSI,EKO SUYANTO,PCS,1.00 PCS : 1.00 PCS,1.00 PCS : 1.00 PCS,1
LB4444,,ABC SPESIAL COCOPANDAN 460ml,Seasonal,,,DUS,1.00 DUS : 1.00 DUS,1.00 DUS : 12.00 PCS,12
LB4445,,ABC SPESIAL MELON 460ML,Seasonal,,,DUS,1.00 DUS : 1.00 DUS,1.00 DUS : 12.00 PCS,12
LB3279,,ABC SQUASH JERUK FLORIDA 450ml,Seasonal,,,BOX,1.00 BOX : 1.00 BOX,1.00 BOX : 12.00 PCS,12
LB4446,,ABC SQUASH LECI 450ML,Seasonal,,,DUS,1.00 DUS : 1.00 DUS,1.00 DUS : 12.00 PCS,12
LB4447,,ABC SQUASH NANAS 450ML,Seasonal,,,DUS,1.00 DUS : 1.00 DUS,1.00 DUS : 12.00 PCS,12
LB4400,711844340008,ABC TERASI UDANG 76gr,Sembako,CV MITRA SEJATI DISTRIBUSI,EKO SUYANTO,PCS,1.00 PCS : 1.00 PCS,1.00 PCS : 1.00 PCS,1
LB3105,,ABON AYAM BESUKI JAYA 1KG,Sembako,,,PCS,1.00 PCS : 1.00 PCS,1.00 PCS : 1.00 PCS,1
LB3204,,ABON DAGING AYAM CAP AYAM MAS 2 KG,Sembako,,,BOX,1.00 BOX : 1.00 BOX,1.00 BOX : 1.00 BOX,1
LB3203,,ABON DAGING SAPI WAHID 5 KG,Sembako,,,BOX,1.00 BOX : 1.00 BOX,1.00 BOX : 1.00 BOX,1
LB3235,,ABON SAPI CAP BERUANG PUTIH ORIGINAL 1 KG,Sembako,,,PCS,1.00 PCS : 1.00 PCS,1.00 PCS : 1.00 PCS,1
LB3188,,ABON SAPI CAP KAKAK TUA 1KG,Sembako,,,PCS,1.00 PCS : 1.00 PCS,1.00 PCS : 1.00 PCS,1
LB0200,8992772586016,ADEM SARI CHINGKU 320ml,Minuman,P.T SUPRALITA MANDIRI,M KHOIRUL UMAM,BOX,1.00 BOX : 1.00 BOX,1.00 BOX : 24.00 PCS,24
LB0322,,ADEM SARI SPARKLING 320ml,Minuman,,,BOX,1.00 BOX : 1.00 BOX,1.00 BOX : 24.00 PCS,24
LB5015,8997239630103,ADEMSARI SPARKLING LIME 7GR,Sembako,P.T SUPRALITA MANDIRI,M MUJAHIDIN,PACK,1.00 PACK : 1.00 PACK,1.00 PACK : 24.00 PCS,24
LB3322,,AFCO AYAM PARTING,Frozen food,,,KG,1.00 KG : 1.00 KG,1.00 KG : 1.00 KG,1
LB5507,8994442201229,AGAR HOKIKU HIJAU 7GR,Sembako,GROSIR,ADITYA,PACK,1.00 PACK : 1.00 PACK,1.00 PACK : 12.00 PCS,12
LB5506,8994442201120,AGAR HOKIKU MERAH 7GR,Sembako,GROSIR,ADITYA,PACK,1.00 PACK : 1.00 PACK,1.00 PACK : 12.00 PCS,12
LB5508,8994442201021,AGAR HOKIKU PUTIH 7GR,Sembako,GROSIR,ADITYA,PACK,1.00 PACK : 1.00 PACK,1.00 PACK : 12.00 PCS,12
LB2211,8997220180150,AGAR SWALLOW GLOBE COKLAT 7GR,Sembako,PT PUJI SURYA INDAH,M ROISUL ANAM,BOX,1.00 BOX : 1.00 BOX,1.00 BOX : 12.00 PCS,12
LB1559,8997220180136,AGAR SWALLOW GLOBE HIJAU 7GR,Sembako,PT PUJI SURYA INDAH,M ROISUL ANAM,BOX,1.00 BOX : 1.00 BOX,1.00 BOX : 12.00 PCS,12
LB1561,8997220180112,AGAR SWALLOW GLOBE MERAH 7GR,Sembako,PT PUJI SURYA INDAH,M ROISUL ANAM,BOX,1.00 BOX : 1.00 BOX,1.00 BOX : 12.00 PCS,12
LB1563,8997220180099,AGAR SWALLOW GLOBE PUTIH 7GR,Sembako,PT PUJI SURYA INDAH,M ROISUL ANAM,BOX,1.00 BOX : 1.00 BOX,1.00 BOX : 12.00 PCS,12
LB1562,,AGAR SWALLOW MATAHARI COKLAT 7GR,Sembako,,,BOX,1.00 BOX : 1.00 BOX,1.00 BOX : 12.00 PCS,12
LB1564,,AGAR SWALLOW MATAHARI HIJAU 7GR,Sembako,,,BOX,1.00 BOX : 1.00 BOX,1.00 BOX : 12.00 PCS,12
LB1560,,AGAR SWALLOW MATAHARI MERAH 7GR,Sembako,,,BOX,1.00 BOX : 1.00 BOX,1.00 BOX : 12.00 PCS,12
LB2071,,AGAR SWALLOW MATAHARI PUTIH,Sembako,,,BOX,1.00 BOX : 1.00 BOX,1.00 BOX : 12.00 PCS,12
LB0594,,AGAR-AGAR HOKIKU 7GR,Kebutuhan,,,BOX,1.00 BOX : 1.00 BOX,1.00 BOX : 12.00 PCS,12
LB1914,,AGAR-AGAR SATELIT HIJAU,Sembako,,,BOX,1.00 BOX : 1.00 BOX,1.00 BOX : 12.00 PCS,12
LB2183,,AGARASA COKLAT 10GR,Sembako,,,BOX,1.00 BOX : 1.00 BOX,1.00 BOX : 6.00 PCS,6
LB1554,,AGARASA COKLAT 22GR,Sembako,,,BOX,1.00 BOX : 1.00 BOX,1.00 BOX : 6.00 PCS,6
LB1556,,AGARASA MELON 10GR,Sembako,,,BOX,1.00 BOX : 1.00 BOX,1.00 BOX : 6.00 PCS,6
LB1555,,AGARASA STROBERI 10GR,Sembako,,,BOX,1.00 BOX : 1.00 BOX,1.00 BOX : 6.00 PCS,6
LB2074,,AGARASA VANILA 10GR,Sembako,,,BOX,1.00 BOX : 1.00 BOX,1.00 BOX : 6.00 PCS,6
LB1294,,AICE 2 COLORS STICK,Konsinyasi,,,DUS,1.00 DUS : 1.00 DUS,1.00 DUS : 40.00 PCS,40
LB0038,,AICE 3 in 1,Konsinyasi,,,BOX,1.00 BOX : 1.00 BOX,1.00 BOX : 27.00 PCS,27
LB3016,,AICE BANANA CRISPY,Konsinyasi,,,BOX,1.00 BOX : 1.00 BOX,1.00 BOX : 30.00 PCS,30
LB3077,,AICE BELGIAN BERRY CHOCO,Konsinyasi,,,BOX,1.00 BOX : 1.00 BOX,1.00 BOX : 30.00 PCS,30
LB2059,,AICE BINGO COOKIES CONE,Konsinyasi,,,BOX,1.00 BOX : 1.00 BOX,1.00 BOX : 24.00 PCS,24
LB2216,,AICE BLUEBERRY COOKIES,Konsinyasi,,,BOX,1.00 BOX : 1.00 BOX,1.00 BOX : 24.00 PCS,24
LB0653,,AICE BOBA MILK TEA,Konsinyasi,,,BOX,1.00 BOX : 1.00 BOX,1.00 BOX : 30.00 PCS,30
LB1117,,AICE CHOCO BOOST,Konsinyasi,,,BOX,1.00 BOX : 1.00 BOX,1.00 BOX : 30.00 PCS,30
LB0005,,AICE CHOCO COOKIS,Konsinyasi,,,BOX,1.00 BOX : 1.00 BOX,1.00 BOX : 40.00 PCS,40
LB1829,,AICE CHOCO MALT,Konsinyasi,,,BOX,1.00 BOX : 1.00 BOX,1.00 BOX : 50.00 PCS,50
LB0013,,AICE CHOCO MEETS OATS 60gr,Konsinyasi,,,DUS,1.00 DUS : 1.00 DUS,1.00 DUS : 25.00 PCS,25
LB3078,,AICE CHOCOLATE ALMOND,Konsinyasi,,,BOX,1.00 BOX : 1.00 BOX,1.00 BOX : 30.00 PCS,30
LB0007,,AICE CHOCOLATE CRISPY,Konsinyasi,,,BOX,1.00 BOX : 1.00 BOX,1.00 BOX : 30.00 PCS,30
LB0009,,AICE CHOCOLATE STIK (BINGO),Konsinyasi,,,BOX,1.00 BOX : 1.00 BOX,1.00 BOX : 50.00 PCS,50
LB0094,,AICE CHOCOLATE STRIKE,Konsinyasi,,,BOX,1.00 BOX : 1.00 BOX,1.00 BOX : 20.00 PCS,20
LB0011,,AICE COFFE CRISPY,Konsinyasi,,,BOX,1.00 BOX : 1.00 BOX,1.00 BOX : 40.00 PCS,40
LB1431,,AICE COFFEE MACHIATO,Konsinyasi,,,BOX,1.00 BOX : 1.00 BOX,1.00 BOX : 12.00 PCS,12
LB1429,,AICE CONE CHOCO BERRY MAX,Konsinyasi,,,DUS,1.00 DUS : 1.00 DUS,1.00 DUS : 24.00 PCS,24
LB2703,,AICE CONE CHOCO MELT,Konsinyasi,,,BOX,1.00 BOX : 1.00 BOX,1.00 BOX : 24.00 PCS,24
LB0006,,AICE CONE CHOCOLATE MAX,Konsinyasi,,,BOX,1.00 BOX : 1.00 BOX,1.00 BOX : 24.00 PCS,24
LB3239,,AICE CORN WONDERLAND,Konsinyasi,,,BOX,1.00 BOX : 1.00 BOX,1.00 BOX : 30.00 PCS,30
LB3574,,AICE CRISPY BALLS,Konsinyasi,,,BOX,1.00 BOX : 1.00 BOX,1.00 BOX : 30.00 PCS,30
LB4152,,AICE DOUBLE CHOCOLATE CRISPY,Konsinyasi,,,DUS,1.00 DUS : 1.00 DUS,1.00 DUS : 30.00 PCS,30
LB1344,,AICE DURIAN CUP,Konsinyasi,,,BOX,1.00 BOX : 1.00 BOX,1.00 BOX : 24.00 PCS,24
LB4257,,AICE DURIAN STICK 65 ML,Konsinyasi,,,DUS,1.00 DUS : 1.00 DUS,1.00 DUS : 40.00 PCS,40
LB0014,,AICE ES JERUK,Konsinyasi,,,BOX,1.00 BOX : 1.00 BOX,1.00 BOX : 50.00 PCS,50
LB1342,,AICE FREEZY CHOCO,Konsinyasi,,,BOX,1.00 BOX : 1.00 BOX,1.00 BOX : 50.00 PCS,50
LB0015,,AICE FRUIT TWISTER,Konsinyasi,,,BOX,1.00 BOX : 1.00 BOX,1.00 BOX : 40.00 PCS,40
LB0906,,AICE FRUIZZY BLUEBERY YOGHURT,Konsinyasi,,,BOX,1.00 BOX : 1.00 BOX,1.00 BOX : 40.00 PCS,40
LB1701,,AICE FRUIZZY GRAPE,Konsinyasi,,,BOX,1.00 BOX : 1.00 BOX,1.00 BOX : 50.00 PCS,50
LB3705,,AICE FRUIZZY LYCHEE YOGHURT,Konsinyasi,,,BOX,1.00 BOX : 1.00 BOX,1.00 BOX : 50.00 PCS,50
LB0348,,AICE HISTERIA,Konsinyasi,,,BOX,1.00 BOX : 1.00 BOX,1.00 BOX : 24.00 PCS,24
LB4489,,AICE HISTERIA MATCHA,Konsinyasi,,,DUS,1.00 DUS : 1.00 DUS,1.00 DUS : 24.00 PCS,24
LB3241,,AICE HISTERIA PEACH FLAVOUR,Konsinyasi,,,BOX,1.00 BOX : 1.00 BOX,1.00 BOX : 24.00 PCS,24
LB2947,,AICE JAGUNG CRISPY,Konsinyasi,,,DUS,1.00 DUS : 1.00 DUS,1.00 DUS : 30.00 PCS,30
LB2388,,AICE JUJU APPLE STICK,Konsinyasi,,,BOX,1.00 BOX : 1.00 BOX,1.00 BOX : 40.00 PCS,40
LB1127,,AICE KETAN KISMIS,Konsinyasi,,,BOX,1.00 BOX : 1.00 BOX,1.00 BOX : 40.00 PCS,40
LB3360,,AICE LOLLY PINEAPPLE,Konsinyasi,,,DUS,1.00 DUS : 1.00 DUS,1.00 DUS : 40.00 PCS,40
LB0016,,AICE MANGO SLUSH,Konsinyasi,,,BOX,1.00 BOX : 1.00 BOX,1.00 BOX : 30.00 PCS,30
LB3491,,AICE MANGO SLUSH FAT LESS SUGAR,Konsinyasi,,,DUS,1.00 DUS : 1.00 DUS,1.00 DUS : 30.00 PCS,30
LB1122,,AICE MARKISA,Konsinyasi,,,BOX,1.00 BOX : 1.00 BOX,1.00 BOX : 50.00 PCS,50
LB0060,,AICE MAXI VANCHOCO,Konsinyasi,,,BOX,1.00 BOX : 1.00 BOX,1.00 BOX : 30.00 PCS,30
LB0916,,AICE MIKI MIKI DOUBLE CHOCO,Konsinyasi,,,BOX,1.00 BOX : 1.00 BOX,1.00 BOX : 60.00 PCS,60
LB0018,,AICE MIKI-MIKI VANILLA LAPIS COKLAT,Konsinyasi,,,BOX,1.00 BOX : 1.00 BOX,1.00 BOX : 60.00 PCS,60
LB2673,,AICE MILK CEREAL,Konsinyasi,,,BOX,1.00 BOX : 1.00 BOX,1.00 BOX : 40.00 PCS,40
LB0019,,AICE MILK MELON,Konsinyasi,,,BOX,1.00 BOX : 1.00 BOX,1.00 BOX : 40.00 PCS,40
LB0012,,AICE MILK MELON CONE,Konsinyasi,,,DUS,1.00 DUS : 1.00 DUS,1.00 DUS : 24.00 PCS,24
LB0020,,AICE MILK STIK (FUNKY),Konsinyasi,,,BOX,1.00 BOX : 1.00 BOX,1.00 BOX : 50.00 PCS,50
LB3347,,AICE MOCHI BANANA,Konsinyasi,,,BOX,1.00 BOX : 1.00 BOX,1.00 BOX : 40.00 PCS,40
LB0021,,AICE MOCHI CHOCOLATE,Konsinyasi,,,BOX,1.00 BOX : 1.00 BOX,1.00 BOX : 40.00 PCS,40
LB0022,,AICE MOCHI DURIAN,Konsinyasi,,,BOX,1.00 BOX : 1.00 BOX,1.00 BOX : 40.00 PCS,40
LB1168,,AICE MOCHI KLEPON,Konsinyasi,,,BOX,1.00 BOX : 1.00 BOX,1.00 BOX : 40.00 PCS,40
LB4478,,AICE MOCHI MANGGA,Konsinyasi,,,BOX,1.00 BOX : 1.00 BOX,1.00 BOX : 40.00 PCS,40
LB2396,,AICE MOCHI MILK TEA,Konsinyasi,,,BOX,1.00 BOX : 1.00 BOX,1.00 BOX : 40.00 PCS,40
LB3368,,AICE MOCHI PEACH,Konsinyasi,,,DUS,1.00 DUS : 1.00 DUS,1.00 DUS : 40.00 PCS,40
LB1099,,AICE MOCHI STRAWBERRY,Konsinyasi,,,BOX,1.00 BOX : 1.00 BOX,1.00 BOX : 40.00 PCS,40
LB0024,,AICE MOCHI VANILA,Konsinyasi,,,BOX,1.00 BOX : 1.00 BOX,1.00 BOX : 40.00 PCS,40
LB2711,,AICE MOONG BEAN,Konsinyasi,,,BOX,1.00 BOX : 1.00 BOX,1.00 BOX : 30.00 PCS,30
LB0025,,AICE NANAS,Konsinyasi,,,BOX,1.00 BOX : 1.00 BOX,1.00 BOX : 50.00 PCS,50
LB3517,,AICE RIA RIA KACANG HIJAU,Konsinyasi,,,BOX,1.00 BOX : 1.00 BOX,1.00 BOX : 50.00 PCS,50
LB0027,,AICE SEMANGKA,Konsinyasi,,,BOX,1.00 BOX : 1.00 BOX,1.00 BOX : 50.00 PCS,50
LB4405,,AICE SESAME CHOCOLATE CRISPY,Konsinyasi,,,DUS,1.00 DUS : 1.00 DUS,1.00 DUS : 30.00 PCS,30
LB1106,,AICE STICK GOAL,Konsinyasi,,,BOX,1.00 BOX : 1.00 BOX,1.00 BOX : 24.00 PCS,24
LB2702,,AICE STRAWBERRY CONE,Konsinyasi,,,BOX,1.00 BOX : 1.00 BOX,1.00 BOX : 24.00 PCS,24
LB0029,,AICE STRAWBERRY CRISPY STIK,Konsinyasi,,,BOX,1.00 BOX : 1.00 BOX,1.00 BOX : 40.00 PCS,40
LB0031,,AICE SUNDAE CHOCOLATE,Konsinyasi,,,DUS,1.00 DUS : 1.00 DUS,1.00 DUS : 24.00 PCS,24
LB0032,,AICE SUNDAE STRAWBERRY,Konsinyasi,,,BOX,1.00 BOX : 1.00 BOX,1.00 BOX : 24.00 PCS,24
LB0034,,AICE SWEET CORN,Konsinyasi,,,BOX,1.00 BOX : 1.00 BOX,1.00 BOX : 40.00 PCS,40
LB0036,,AICE TARO CRISPY,Konsinyasi,,,BOX,1.00 BOX : 1.00 BOX,1.00 BOX : 40.00 PCS,40
LB4174,,AICE VANILLA BERRY SUNDAE,Konsinyasi,,,DUS,1.00 DUS : 1.00 DUS,1.00 DUS : 24.00 PCS,24
LB1138,,AICE VANILLA CHOCOLATE CUP,Konsinyasi,,,BOX,1.00 BOX : 1.00 BOX,1.00 BOX : 24.00 PCS,24
LB3094,,AIR GALON ISI ULANG,Minuman,,,PCS,1.00 PCS : 1.00 PCS,1.00 PCS : 1.00 PCS,1
LB1613,8992770077769,AJINOMOTO 90GR,Sembako,PT. AJINOMOTO SALES INDONESIA,AGUS PURNOMO,PCS,1.00 PCS : 1.00 PCS,1.00 PCS : 1.00 PCS,1
LB5819,8995078300041,AKE 1500ML,Minuman,CV ANDHIKA,M KHOIRUL UMAM,DUS,1.00 DUS : 1.00 DUS,1.00 DUS : 12.00 PCS,12
LB4760,,ALPUKAT FROZEN 500gr,Frozen food,,,PCS,1.00 PCS : 1.00 PCS,1.00 PCS : 1.00 PCS,1
LB4391,8992628605151,AMANDA MARGARINE SERBAGUNA 200GR,Sembako,SAKTI SETIA SENTOSA,DANANG IMAM SANTOSO,PCS,1.00 PCS : 1.00 PCS,1.00 PCS : 1.00 PCS,1
LB4597,,AMPLOP MERPATI KECIL HIJAU,Kebutuhan,,,PACK,1.00 PACK : 1.00 PACK,1.00 PACK : 100.00 PCS,100
LB4596,,AMPLOP MERPATI TANGGUNG,Kebutuhan,,,PACK,1.00 PACK : 1.00 PACK,1.00 PACK : 100.00 PCS,100
LB3755,,ANEKA BISKUIT SQUARE PUFF 300GR,Snack,,,BOX,1.00 BOX : 1.00 BOX,1.00 BOX : 24.00 PCS,24
LB1105,,ANTANGIN CANDY HERBAL,Snack,,,PCS,1.00 PCS : 1.00 PCS,1.00 PCS : 1.00 PCS,1
LB0987,,ANTANGIN JRG SIRUP HERBAL 15ml,Minuman,,,BOX,1.00 BOX : 1.00 BOX,1.00 BOX : 12.00 PCS,12
LB1098,,ANTANGIN MINT SIRUP HERBAL 15ml,Minuman,,,BOX,1.00 BOX : 1.00 BOX,1.00 BOX : 12.00 PCS,12
LB2251,,AOKA ROTI PANGGANG RASA COKLAT 65gr,Snack,,,BOX,1.00 BOX : 1.00 BOX,1.00 BOX : 60.00 PCS,60
LB0056,8886008101091,AQUA 1500,Minuman,PT JAYA MULIA,PRASETYO PAMBUDI,BOX,1.00 BOX : 1.00 BOX,1.00 BOX : 12.00 PCS,12
LB0002,,AQUA 220ML,Minuman,,,BOX,1.00 BOX : 1.00 BOX,1.00 BOX : 1.00 BOX,1
LB0057,8886008101053,AQUA 600,Minuman,PT JAYA MULIA,PRASETYO PAMBUDI,BOX,1.00 BOX : 1.00 BOX,1.00 BOX : 24.00 PCS,24
LB0001,,AQUA GALON 19L,Minuman,,,PCS,1.00 PCS : 1.00 PCS,1.00 PCS : 1.00 PCS,1
LB6201,,AQUVIVA 250ml,Minuman,,,PACK,1.00 PACK : 1.00 PACK,1.00 PACK : 1.00 PACK,1
LB4865,8998866632287,AQUVIVA 700ML,Minuman,PT INTI NIAGA PRANASARI BJN,ADITYA,BOX,1.00 BOX : 1.00 BOX,1.00 BOX : 12.00 PCS,12
LB0989,,AROMANIS HOLYGOOD 100gr,Snack,,,BALL,1.00 BALL : 1.00 BALL,1.00 BALL : 10.00 PCS,10
LB6225,,AS,Snack,,,PACK,1.00 PACK : 1.00 PACK,1.00 PACK : 1.00 PACK,1
LB7898,8993207223186,ASIMO NAGET 250GR,Frozen food,PT JERINDO JAYA ABADI,PRASETYO PAMBUDI,PCS,1.00 PCS : 1.00 PCS,1.00 PCS : 1.00 PCS,1
LB2707,,ASIMO NAGET KOMBINASI BENTUK S 250gr,Frozen food,,,PCS,1.00 PCS : 1.00 PCS,1.00 PCS : 1.00 PCS,1
LB0323,,ASIMO NAGET STICK AYAM 250gr,Frozen food,,,PCS,1.00 PCS : 1.00 PCS,1.00 PCS : 1.00 PCS,1
LB0260,,ASIMO NAGGET KOMBINASI 250gr,Frozen food,,,PCS,1.00 PCS : 1.00 PCS,1.00 PCS : 1.00 PCS,1
LB3050,,ASIMO NUGET KOMBINASI BENTUK S 450gr,Frozen food,,,PCS,1.00 PCS : 1.00 PCS,1.00 PCS : 1.00 PCS,1
LB4282,,ASTOR KERO KERO CHOCOLATE 400GR,Seasonal,,,DUS,1.00 DUS : 1.00 DUS,1.00 DUS : 6.00 PCS,6
LB4284,,ASTOR KERO KERO CHOCOLATE X-TRA LONG 600GR,Seasonal,,,BOX,1.00 BOX : 1.00 BOX,1.00 BOX : 6.00 PCS,6
LB6577,,ASTOR KERO KERO SPESIAL VANILA 650GR,Seasonal,,,PACK,1.00 PACK : 1.00 PACK,1.00 PACK : 6.00 PCS,6
LB3150,,ASTOR TOPLES KERO-KERO 400GR,Seasonal,,,BOX,1.00 BOX : 1.00 BOX,1.00 BOX : 6.00 PCS,6
LB3151,,ASTOR TOPLES VOVO 300GR,Seasonal,,,BOX,1.00 BOX : 1.00 BOX,1.00 BOX : 6.00 PCS,6
LB4647,,AUTAN FLORAL DAN PROTECT 6ML,Kebutuhan,,,RENTENG,1.00 RENTENG : 1.00 RENTENG,1.00 RENTENG : 12.00 PCS,12
LB3531,,AYAM FROZEN,Frozen food,,,KG,1.00 KG : 1.00 KG,1.00 KG : 1.00 KG,1
LB4437,,AYAM JOPER UNGKEP,Frozen food,,,PCS,1.00 PCS : 1.00 PCS,1.00 PCS : 1.00 PCS,1
LB2189,,BABY CRAB,Frozen food,,,PACK,1.00 PACK : 1.00 PACK,1.00 PACK : 1.00 PACK,1
LB5655,,BAK KENDURI BULAT,Kebutuhan,,,PCS,1.00 LUSIN : 1.00 LUSIN,1.00 LUSIN : 12.00 PCS,12
LB5653,,BAK KENDURI MAWAR,Kebutuhan,,,PCS,1.00 LUSIN : 1.00 LUSIN,1.00 LUSIN : 12.00 PCS,12
LB3024,,BAKERINE PLUS 500GR,Sembako,,,BOX,1.00 BOX : 1.00 BOX,1.00 BOX : 20.00 PCS,20
LB4404,,BAKSO DAGING SAPI UNYIL 250GR,Frozen food,,,PCS,1.00 PCS : 1.00 PCS,1.00 PCS : 1.00 PCS,1
LB4403,8993200000005,BAKSO KANZLER SINGLES GOCHUJANG,Frozen food,PT. TIRTA PRIMA RASA,MOHAMMAD AMINUDIN,PACK,1.00 PACK : 1.00 PACK,1.00 PACK : 12.00 PCS,12
LB2971,8993200669127,BAKSO KANZLER SINGLES HOT,Frozen food,PT. TIRTA PRIMA RASA,MOHAMMAD AMINUDIN,PACK,1.00 PACK : 1.00 PACK,1.00 PACK : 12.00 PCS,12
LB2972,8993200669110,BAKSO KANZLER SINGLES KEJU,Frozen food,PT. TIRTA PRIMA RASA,MOHAMMAD AMINUDIN,PACK,1.00 PACK : 1.00 PACK,1.00 PACK : 12.00 PCS,12
LB2970,8993200669103,BAKSO KANZLER SINGLES ORIGINAL,Frozen food,PT. TIRTA PRIMA RASA,MOHAMMAD AMINUDIN,PACK,1.00 PACK : 1.00 PACK,1.00 PACK : 12.00 PCS,12
LB6650,8997009538578,BALIMAS ROPANG COKELAT 60GR,Snack,CV MITRA SEJATI DISTRIBUSI,M ROISUL ANAM,DUS,1.00 DUS : 1.00 DUS,1.00 DUS : 60.00 PCS,60
LB6651,8997009538493,BALIMAS ROPANG PANDAN SARIKAYA 60GR,Snack,CV MITRA SEJATI DISTRIBUSI,M ROISUL ANAM,DUS,1.00 DUS : 1.00 DUS,1.00 DUS : 60.00 PCS,60
LB4659,,BALSEM LANG 10GR,Kebutuhan,,,PACK,1.00 PACK : 1.00 PACK,1.00 PACK : 12.00 PCS,12
LB4664,,BALSEM LANG 20GR,Kebutuhan,,,PACK,1.00 PACK : 1.00 PACK,1.00 PACK : 12.00 PCS,12
LB4651,,BALSEM OTOT GELIGA 20GR,Kebutuhan,,,BOX,1.00 BOX : 1.00 BOX,1.00 BOX : 12.00 PCS,12
LB1592,8990121011073,BANGO KECAP MANIS 189gr,Sembako,UD. SANUR BOJONEGORO,M MUJAHIDIN,PCS,1.00 PCS : 1.00 PCS,1.00 PCS : 1.00 PCS,1
LB1846,,BANGO KECAP MANIS 20ML,Sembako,,,BOX,1.00 BOX : 1.00 BOX,1.00 BOX : 144.00 PCS,144
LB3464,8999999533496,BANGO KECAP MANIS 25G,Sembako,UD. SANUR BOJONEGORO,M MUJAHIDIN,BOX,1.00 BOX : 1.00 BOX,1.00 BOX : 144.00 PCS,144
LB4293,8999999593223,BANGO KECAP MANIS 265GR,Sembako,UD. SANUR BOJONEGORO,M MUJAHIDIN,DUS,1.00 DUS : 1.00 DUS,1.00 DUS : 24.00 PCS,24
LB4294,8999999210748,BANGO KECAP MANIS 700GR,Sembako,UD. SANUR BOJONEGORO,M MUJAHIDIN,DUS,1.00 DUS : 1.00 DUS,1.00 DUS : 12.00 PCS,12
LB1586,,BANGO KECAP MANIS LIGHT REFILL 550ML,Sembako,,,BOX,1.00 BOX : 1.00 BOX,1.00 BOX : 12.00 PCS,12
LB1710,,BANGO KECAP MANIS REFILL 520ML,Sembako,,,BOX,1.00 BOX : 1.00 BOX,1.00 BOX : 12.00 PCS,12
LB1589,,BANGO KECAP MANIS SOYA 60ML,Sembako,,,BOX,1.00 BOX : 1.00 BOX,1.00 BOX : 48.00 PCS,48
LB3460,8999999514006,BANGO KECAP MANIS SOYA 77G,Sembako,UD. SANUR BOJONEGORO,M MUJAHIDIN,BOX,1.00 BOX : 1.00 BOX,1.00 BOX : 48.00 PCS,48
LB1348,,BASRENG MBAK UNA IKAN,Snack,,,PCS,1.00 PCS : 1.00 PCS,1.00 PCS : 1.00 PCS,1
LB1022,,BASRENG MBAK UNA ORIGINAL,Snack,,,PCS,1.00 PCS : 1.00 PCS,1.00 PCS : 1.00 PCS,1
LB3519,,BASTIK ORIGINAL JEDEPE 2KG,Grosir,,,BALL,1.00 BALL : 1.00 BALL,1.00 BALL : 2.00 KG,2
LB1374,,BASTIK PEDAS JEDEPE 2KG,Grosir,,,BALL,1.00 BALL : 1.00 BALL,1.00 BALL : 2.00 KG,2
LB4682,,BATERAI ABC A2,Kebutuhan,,,PACK,1.00 PACK : 1.00 PACK,1.00 PACK : 24.00 PCS,24
LB4683,,BATERAI ABC A3,Kebutuhan,,,PACK,1.00 PACK : 1.00 PACK,1.00 PACK : 12.00 PCS,12
LB2065,8990168651195,BAWANG MERAH GORENG BJ 50 GR,Sembako,PT. INDRAMUKTI SEGARA,AGUS PURNOMO,BALL,1.00 BALL : 1.00 BALL,1.00 BALL : 20.00 PCS,20
LB2164,745760316687,BAWANG PUTIH BUBUK BUMBUKU 5GR,Sembako,CV LANDAHUR,M KHOIRUL UMAM,RENTENG,1.00 RENTENG : 1.00 RENTENG,1.00 RENTENG : 12.00 PCS,12
LB1996,,BAWANG PUTIH BUBUK KEPIK MERAH 4GR RENTENG,Sembako,,,RENTENG,1.00 RENTENG : 1.00 RENTENG,1.00 RENTENG : 12.00 PCS,12
LB2064,,BAWANG PUTIH GORENG SINTI 50GR,Sembako,,,BALL,1.00 BALL : 1.00 BALL,1.00 BALL : 20.00 PCS,20
LB0061,8992696404441,BEAR BRAND,Minuman,PT PANCA BAKTI MULIA,M ROISUL ANAM,DUS,1.00 DUS : 1.00 DUS,1.00 DUS : 30.00 PCS,30
LB0586,,BEDAK HEROCYN 50GR,Kebutuhan,,,PCS,1.00 PCS : 1.00 PCS,1.00 PCS : 1.00 PCS,1
LB4225,5804225,BEEF SLICE MIX 500GR,Frozen food,CV. 45 JAYA MEAT,PRASETYO PAMBUDI,PCS,1.00 PCS : 1.00 PCS,1.00 PCS : 1.00 PCS,1
LB2722,,BELFOODS FRENCH FRIES 175gr,Frozen food,,,PACK,1.00 PACK : 1.00 PACK,1.00 PACK : 1.00 PACK,1
LB2721,,BELFOODS NUGET CRUNCHY 140gr,Frozen food,,,PACK,1.00 PACK : 1.00 PACK,1.00 PACK : 1.00 PACK,1
LB2720,,BELFOODS NUGET CRYSPY 265gr,Frozen food,,,PACK,1.00 PACK : 1.00 PACK,1.00 PACK : 1.00 PACK,1
LB4624,,BENANG JAHIT WR PACMAN,Kebutuhan,,,PACK,1.00 PACK : 1.00 PACK,1.00 PACK : 36.00 PCS,36
LB4370,8996001355978,BENG-BENG SHARE IT 80GR,Snack,BI PT. CIPTA NIAGA SEMESTA BJN,MIFTAKHUR ROZI,DUS,1.00 DUS : 1.00 DUS,1.00 DUS : 16.00 PCS,16
LB1780,,BERAS BENGAWAN 5KG,Sembako,,,PCS,1.00 PCS : 1.00 PCS,1.00 PCS : 1.00 PCS,1
LB1321,,BERAS CAP 44S 5Kg.,Sembako,,,PACK,1.00 PACK : 1.00 PACK,1.00 PACK : 1.00 PACK,1
LB0233,,BERAS CAP BAMBU 5KG,Sembako,,,PCS,1.00 PCS : 1.00 PCS,1.00 PCS : 1.00 PCS,1
LB0657,,BERAS CAP BUNGA 5KG,Sembako,,,PCS,1.00 PCS : 1.00 PCS,1.00 PCS : 1.00 PCS,1
LB0799,,BERAS DUA LELE MEDIUM 2.5KG,Sembako,,,PCS,1.00 PCS : 1.00 PCS,1.00 PCS : 1.00 PCS,1
LB0797,,BERAS DUA LELE MEDIUM 5KG,Sembako,,,PCS,1.00 PCS : 1.00 PCS,1.00 PCS : 1.00 PCS,1
LB0798,,BERAS DUA LELE PREMIUM 2.5KG,Sembako,,,PCS,1.00 PCS : 1.00 PCS,1.00 PCS : 1.00 PCS,1
LB0796,,BERAS DUA LELE PREMIUM 5KG,Sembako,,,PCS,1.00 PCS : 1.00 PCS,1.00 PCS : 1.00 PCS,1
LB1917,,BERAS IDUL FITRI 3KG,Seasonal,,,PCS,1.00 PCS : 1.00 PCS,1.00 PCS : 1.00 PCS,1
LB1423,5801423,BERAS KONSUMSI,Oprasional,FAJAR MANDIRI,ADITYA,PACK,1.00 PACK : 1.00 PACK,1.00 PACK : 1.00 PACK,1
LB1274,5801274,BERAS LBB 10KG,Sembako,FAJAR MANDIRI,ADITYA,PCS,1.00 PCS : 1.00 PCS,1.00 PCS : 1.00 PCS,1
LB3061,,BERAS LBB 2.5KG,Sembako,,,PCS,1.00 PCS : 1.00 PCS,1.00 PCS : 1.00 PCS,1
LB1275,5801275,BERAS LBB 5KG,Sembako,FAJAR MANDIRI,ADITYA,PCS,1.00 PCS : 1.00 PCS,1.00 PCS : 1.00 PCS,1
LB1506,,BERAS MADHUKARA 5kg,Sembako,,,PCS,1.00 PCS : 1.00 PCS,1.00 PCS : 1.00 PCS,1
LB3985,5803985,BERAS MEDIUM SUPER CAP MOBIL IJO 3KG,Sembako,UD MAKMUR JAYA,ADITYA,PCS,1.00 PCS : 1.00 PCS,1.00 PCS : 1.00 PCS,1
LB0666,,BERAS PREMIUM JAYATI 5KG,Sembako,,,PCS,1.00 PCS : 1.00 PCS,1.00 PCS : 1.00 PCS,1
LB0800,5800800,BERAS RAJA LELE 5KG,Sembako,FAJAR MANDIRI,ADITYA,PCS,1.00 PCS : 1.00 PCS,1.00 PCS : 1.00 PCS,1
LB5689,,BERAS RAJALELE 3KG,Sembako,,,PCS,1.00 PCS : 1.00 PCS,1.00 PCS : 1.00 PCS,1
LB5293,5805293,BERAS RAYATANI 1KG,Sembako,FAJAR MANDIRI,ADITYA,PCS,1.00 PCS : 1.00 PCS,1.00 PCS : 1.00 PCS,1
LB3638,5803638,BERAS RAYATANI 5KG,Sembako,FAJAR MANDIRI,ADITYA,PCS,1.00 PCS : 1.00 PCS,1.00 PCS : 1.00 PCS,1
LB4396,,BERAS TERATAI 10KG,Sembako,,,PCS,1.00 PCS : 1.00 PCS,1.00 PCS : 1.00 PCS,1
LB1131,5801131,BERAS TERATAI 2.5KG,Sembako,UD. SUMBER JAYA,ADITYA,PCS,1.00 PCS : 1.00 PCS,1.00 PCS : 1.00 PCS,1
LB1130,5801130,BERAS TERATAI 5KG,Sembako,UD. SUMBER JAYA,ADITYA,PCS,1.00 PCS : 1.00 PCS,1.00 PCS : 1.00 PCS,1
LB3228,,BERNARDI SOSIS AYAM 500 GR,Sembako,,,PCS,1.00 PCS : 1.00 PCS,1.00 PCS : 1.00 PCS,1
LB3229,,BERNARDI SOSIS SAPI GORENG 500 GR,Sembako,,,PCS,1.00 PCS : 1.00 PCS,1.00 PCS : 1.00 PCS,1
LB2099,,BESEK DAGING,Kebutuhan,,,PCS,1.00 PCS : 1.00 PCS,1.00 PCS : 1.00 PCS,1
LB1730,,BIDARAN KEJU ARWANA 1.7KG,Grosir,,,BALL,1.00 BALL : 1.00 BALL,1.00 BALL : 1.70 KG,1.7
LB1012,8991115012106,BIG BABOL RASA STROBERI KRIM,Snack,CV MITRA SEJATI DISTRIBUSI,EKO SUYANTO,BOX,1.00 BOX : 1.00 BOX,1.00 BOX : 20.00 PCS,20
LB1011,8991115010102,BIG BABOL RASA TUTTI FRUITI,Snack,CV MITRA SEJATI DISTRIBUSI,EKO SUYANTO,BOX,1.00 BOX : 1.00 BOX,1.00 BOX : 20.00 PCS,20
LB1616,8997011700154,BIHUN BIJAG 150GR,Sembako,CV LANGGENG JAYA SENTOSA,EKO SUYANTO,BOX,1.00 BOX : 1.00 BOX,1.00 BOX : 24.00 PCS,24
LB1617,8997011700390,BIHUN JAGUNG PADAMU 160GR,Sembako,CV. BINTANG JAYA,M MUJAHIDIN,BOX,1.00 BOX : 1.00 BOX,1.00 BOX : 24.00 PCS,24
LB1620,8997011700093,BIHUN JAGUNG PADAMU 60GR,Sembako,CV. BINTANG JAYA,M MUJAHIDIN,BOX,1.00 BOX : 1.00 BOX,1.00 BOX : 60.00 PCS,60
LB1978,,BIJI KOPI CAP JAGO,Sembako,,,KG,1.00 KG : 1.00 KG,1.00 KG : 1.00 KG,1
LB7892,8992727006187,BIORE LOVELY SAKURA SCENT 400ML,Kebutuhan,PT BERKAT MUTIARA HATI,ADITYA,PCS,1.00 PCS : 1.00 PCS,1.00 PCS : 1.00 PCS,1
LB7893,8992727001700,BIORE PURE MILD 400ML,Kebutuhan,PT BERKAT MUTIARA HATI,ADITYA,PCS,1.00 PCS : 1.00 PCS,1.00 PCS : 1.00 PCS,1
LB7891,8992727002592,BIORE RELAXING AROMATIC 400ML,Kebutuhan,PT BERKAT MUTIARA HATI,ADITYA,PCS,1.00 PCS : 1.00 PCS,1.00 PCS : 1.00 PCS,1
LB4667,,BODREX,Kebutuhan,,,PACK,1.00 PACK : 1.00 PACK,1.00 PACK : 20.00 PCS,20
LB4646,,BODREXIN,Kebutuhan,,,BOX,1.00 BOX : 1.00 BOX,1.00 BOX : 4.00 TABLET,4
LB1259,,BOLPOIN,Oprasional,,,PACK,1.00 PACK : 1.00 PACK,1.00 PACK : 1.00 PACK,1
LB4638,,BOLPOIN ESELON GEL ES 009 MINI HITAM,Kebutuhan,,,PACK,1.00 PACK : 1.00 PACK,1.00 PACK : 12.00 PCS,12
LB4602,,BOLPOIN ULIR STARK,Kebutuhan,,,PACK,1.00 PACK : 1.00 PACK,1.00 PACK : 12.00 PCS,12
LB2325,,BONCABE REFILL RASA EBI KRIUK LEVEL 2 35GR,Sembako,,,PCS,1.00 PCS : 1.00 PCS,1.00 PCS : 1.00 PCS,1
LB3861,,BOTOL MADU 1000ML,Alat,,,PCS,1.00 PCS : 1.00 PCS,1.00 PCS : 1.00 PCS,1
LB3862,,BOTOL MADU 380ML,Alat,,,PCS,1.00 PCS : 1.00 PCS,1.00 PCS : 1.00 PCS,1
LB5056,,BOTOL PIER SAP 250ML,Oprasional,,,BALL,1.00 BALL : 1.00 BALL,1.00 BALL : 1.00 BALL,1
LB3810,,BOTOL PLASTIK 500ml,Oprasional,,,BALL,1.00 BALL : 1.00 BALL,1.00 BALL : 1.00 BALL,1
LB3581,,BOX ROLLA BOLU PISANG,Oprasional,,,PCS,1.00 PCS : 1.00 PCS,1.00 PCS : 1.00 PCS,1
LB3584,,BOX ROLLA BROWNIES KUKUS,Oprasional,,,PCS,1.00 PCS : 1.00 PCS,1.00 PCS : 1.00 PCS,1
LB3583,,BOX ROLLA BROWNIES PANGGANG,Oprasional,,,PCS,1.00 PCS : 1.00 PCS,1.00 PCS : 1.00 PCS,1
LB3580,,BOX ROLLA LAPIS KUKUS KAYANGAN,Oprasional,,,PCS,1.00 PCS : 1.00 PCS,1.00 PCS : 1.00 PCS,1
LB3582,,BOX ROLLA PROLL TAPE,Oprasional,,,PCS,1.00 PCS : 1.00 PCS,1.00 PCS : 1.00 PCS,1
LB3621,,BOX ROLLA SPECIAL BOLEN,Oprasional,,,PCS,1.00 PCS : 1.00 PCS,1.00 PCS : 1.00 PCS,1
LB3041,,BREADMATE BREAD GEL 10KG,Sembako,,,BOX,1.00 BOX : 1.00 BOX,1.00 BOX : 10.00 KG,10
LB0905,,BROWNIS KERING NGUDI ROSO,Snack,,,BALL,1.00 BALL : 1.00 BALL,1.00 BALL : 10.00 PCS,10
LB1698,,BUACHES TEPUNG BERAS,Sembako,,,BALL,1.00 BALL : 1.00 BALL,1.00 BALL : 40.00 PCS,40
LB0073,8998009020520,BUAVITA 125,Minuman,UD. SANUR BOJONEGORO,M MUJAHIDIN,BOX,1.00 BOX : 1.00 BOX,1.00 BOX : 40.00 PCS,40
LB0074,8998009020186,BUAVITA 245,Minuman,UD. SANUR BOJONEGORO,M MUJAHIDIN,BOX,1.00 BOX : 1.00 BOX,1.00 BOX : 24.00 PCS,24
LB4607,,BUKU OKTAVO SUKHOI ISI 100,Kebutuhan,,,PACK,1.00 PACK : 1.00 PACK,1.00 PACK : 10.00 PCS,10
LB4637,,BUKU TULIS SKOLA 38,Kebutuhan,,,PACK,1.00 PACK : 1.00 PACK,1.00 PACK : 10.00 PCS,10
LB4636,,BUKU TULIS SKOLA 58,Kebutuhan,,,PACK,1.00 PACK : 1.00 PACK,1.00 PACK : 10.00 PCS,10
LB2127,5802127,BUMBU BMJ BAKSO,Sembako,UD. IBU,M MUJAHIDIN,PACK,1.00 PACK : 1.00 PACK,1.00 PACK : 25.00 PCS,25
LB2128,5802128,BUMBU BMJ BALI,Sembako,UD. IBU,M MUJAHIDIN,PACK,1.00 PACK : 1.00 PACK,1.00 PACK : 12.00 PCS,12
LB2123,5802123,BUMBU BMJ GULAI,Sembako,UD. IBU,M MUJAHIDIN,PACK,1.00 PACK : 1.00 PACK,1.00 PACK : 12.00 PCS,12
LB2122,5802122,BUMBU BMJ KARE,Sembako,UD. IBU,M MUJAHIDIN,PACK,1.00 PACK : 1.00 PACK,1.00 PACK : 12.00 PCS,12
LB2284,5802284,BUMBU BMJ LODEH,Sembako,UD. IBU,M MUJAHIDIN,PACK,1.00 PACK : 1.00 PACK,1.00 PACK : 12.00 PCS,12
LB2121,5802121,BUMBU BMJ RAWON,Sembako,UD. IBU,M MUJAHIDIN,PACK,1.00 PACK : 1.00 PACK,1.00 PACK : 12.00 PCS,12
LB2129,5802129,BUMBU BMJ RENDANG,Sembako,UD. IBU,M MUJAHIDIN,PACK,1.00 PACK : 1.00 PACK,1.00 PACK : 12.00 PCS,12
LB2124,5802124,BUMBU BMJ RICA RICA,Sembako,UD. IBU,M MUJAHIDIN,PACK,1.00 PACK : 1.00 PACK,1.00 PACK : 12.00 PCS,12
LB2126,5802126,BUMBU BMJ SEMUR,Sembako,UD. IBU,M MUJAHIDIN,PACK,1.00 PACK : 1.00 PACK,1.00 PACK : 12.00 PCS,12
LB2120,5802120,BUMBU BMJ SOTO,Sembako,UD. IBU,M MUJAHIDIN,PACK,1.00 PACK : 1.00 PACK,1.00 PACK : 12.00 PCS,12
LB2270,,BUMBU BNM LODEH,Sembako,,,PACK,1.00 PACK : 1.00 PACK,1.00 PACK : 25.00 PCS,25
LB2321,5802321,BUMBU RUJAK MANIS EXTRA PEDAS BU RIA 330GR,Snack,UD. DUA BERSAUDARA,M KHOIRUL UMAM,PACK,1.00 PACK : 1.00 PACK,1.00 PACK : 5.00 PCS,5
LB6487,5806487,BUMBU RUJAK MANIS EXTRA PEDAS BU RIA 35gr,Snack,UD. DUA BERSAUDARA,M KHOIRUL UMAM,PACK,1.00 PACK : 1.00 PACK,1.00 PACK : 10.00 PCS,10
LB2322,5802322,BUMBU RUJAK MANIS EXTRA SEDANG BU RIA 330GR,Snack,UD. DUA BERSAUDARA,M KHOIRUL UMAM,PACK,1.00 PACK : 1.00 PACK,1.00 PACK : 5.00 PCS,5
LB4983,5804983,C BASRENG STICK ORIGINAL,Grosir,DC GROSIR & REPACKING,SITI THOIRUL MAQULAH,BALL,1.00 BALL : 1.00 BALL,1.00 BALL : 2.00 KG,2
LB4985,5804985,C BASRENG STICK PEDAS,Grosir,DC GROSIR & REPACKING,SITI THOIRUL MAQULAH,BALL,1.00 BALL : 1.00 BALL,1.00 BALL : 2.00 KG,2
LB4988,5804988,C BIDARAN KEJU,Grosir,DC GROSIR & REPACKING,SITI THOIRUL MAQULAH,BALL,1.00 BALL : 1.00 BALL,1.00 BALL : 1.70 KG,1.7
LB4991,,C CHOCO CRUNCH COKELAT,Grosir,,,BALL,1.00 BALL : 1.00 BALL,1.00 BALL : 2.00 KG,2
LB5664,,C CONTONG KUNING PALAPA,Grosir,,,BALL,1.00 BALL : 1.00 BALL,1.00 BALL : 5.00 KG,5
LB4993,,C EMPING JAGUNG ASIN,Grosir,,,BALL,1.00 BALL : 1.00 BALL,1.00 BALL : 2.50 KG,2.5
LB4996,,C EMPING JAGUNG PEDAS MANIS,Grosir,,,BALL,1.00 BALL : 1.00 BALL,1.00 BALL : 2.50 KG,2.5
LB4998,5804998,C KACANG OVEN,Grosir,DC GROSIR & REPACKING,SITI THOIRUL MAQULAH,BALL,1.00 BALL : 1.00 BALL,1.00 BALL : 5.00 KG,5
LB6711,,C KACANG SEMBUNYI,Grosir,,,BALL,1.00 BALL : 1.00 BALL,1.00 BALL : 4.00 KG,4
LB5000,5805000,C KACANG TELUR,Grosir,DC GROSIR & REPACKING,SITI THOIRUL MAQULAH,BALL,1.00 BALL : 1.00 BALL,1.00 BALL : 4.00 KG,4
LB6713,5806713,C KECIPUT BULAT,Grosir,DC GROSIR & REPACKING,SITI THOIRUL MAQULAH,BALL,1.00 BALL : 1.00 BALL,1.00 BALL : 3.00 KG,3
LB6714,,C KECIPUT PANJANG,Grosir,,,BALL,1.00 BALL : 1.00 BALL,1.00 BALL : 5.00 KG,5
LB5001,5805001,C KENTANG UDANG MINI,Grosir,DC GROSIR & REPACKING,SITI THOIRUL MAQULAH,BALL,1.00 BALL : 1.00 BALL,1.00 BALL : 2.00 KG,2
LB5002,5805002,C KERIPIK USUS ORIGINAL,Grosir,DC GROSIR & REPACKING,SITI THOIRUL MAQULAH,BALL,1.00 BALL : 1.00 BALL,1.00 BALL : 2.00 KG,2
LB4999,5704999,C KERUPUK KULIT SAPI,Grosir,DC GROSIR & REPACKING,SITI THOIRUL MAQULAH,BALL,1.00 BALL : 1.00 BALL,1.00 BALL : 1.00 KG,1
LB4997,,C KERUPUK TENGIRI,Grosir,,,BALL,1.00 BALL : 1.00 BALL,1.00 BALL : 2.00 KG,2
LB4995,5704995,C KORO BALADO,Grosir,DC GROSIR & REPACKING,SITI THOIRUL MAQULAH,BALL,1.00 BALL : 1.00 BALL,1.00 BALL : 4.00 KG,4
LB6712,5806712,C KORO MIX,Grosir,DC GROSIR & REPACKING,SITI THOIRUL MAQULAH,BALL,1.00 BALL : 1.00 BALL,1.00 BALL : 3.00 KG,3
LB4994,5704994,C KRIPIK USUS BALADO,Grosir,DC GROSIR & REPACKING,SITI THOIRUL MAQULAH,BALL,1.00 BALL : 1.00 BALL,1.00 BALL : 2.00 KG,2
LB4992,5704992,C MAKARONI SPIRAL,Grosir,DC GROSIR & REPACKING,SITI THOIRUL MAQULAH,BALL,1.00 BALL : 1.00 BALL,1.00 BALL : 4.00 KG,4
LB4990,5704990,C MARNING JAGUNG MEKAR,Grosir,DC GROSIR & REPACKING,SITI THOIRUL MAQULAH,BALL,1.00 BALL : 1.00 BALL,1.00 BALL : 5.00 KG,5
LB6710,5806710,C MLINJO MANIS,Grosir,DC GROSIR & REPACKING,SITI THOIRUL MAQULAH,BALL,1.00 BALL : 1.00 BALL,1.00 BALL : 5.00 KG,5
LB6709,5806709,C MLINJO PEDAS,Grosir,DC GROSIR & REPACKING,SITI THOIRUL MAQULAH,BALL,1.00 BALL : 1.00 BALL,1.00 BALL : 5.00 KG,5
LB4989,5704989,C PILUS KAPSUL PEDAS,Grosir,DC GROSIR & REPACKING,SITI THOIRUL MAQULAH,BALL,1.00 BALL : 1.00 BALL,1.00 BALL : 1.70 KG,1.7
LB4987,5704987,C SEBLAK KENCUR,Grosir,DC GROSIR & REPACKING,SITI THOIRUL MAQULAH,BALL,1.00 BALL : 1.00 BALL,1.00 BALL : 2.70 KG,2.7
LB4986,5704986,C SEBLAK MAWAR PEDAS,Grosir,DC GROSIR & REPACKING,SITI THOIRUL MAQULAH,BALL,1.00 BALL : 1.00 BALL,1.00 BALL : 1.50 KG,1.5
LB4984,5704984,C SUMPIA PENDEK,Grosir,DC GROSIR & REPACKING,SITI THOIRUL MAQULAH,BALL,1.00 BALL : 1.00 BALL,1.00 BALL : 5.00 KG,5
LB4982,5704982,C SUS COKLAT,Grosir,DC GROSIR & REPACKING,SITI THOIRUL MAQULAH,BALL,1.00 BALL : 1.00 BALL,1.00 BALL : 2.00 KG,2
LB5726,5805726,C SUS ES TELER,Grosir,DC GROSIR & REPACKING,SITI THOIRUL MAQULAH,DUS,1.00 DUS : 1.00 DUS,1.00 DUS : 2.00 KG,2
LB5727,5805727,C SUS KLEPON,Grosir,DC GROSIR & REPACKING,SITI THOIRUL MAQULAH,DUS,1.00 DUS : 1.00 DUS,1.00 DUS : 2.00 KG,2
LB4981,5704981,C WIDARAN GETAS MANIS,Grosir,DC GROSIR & REPACKING,SITI THOIRUL MAQULAH,BALL,1.00 BALL : 1.00 BALL,1.00 BALL : 1.60 KG,1.6
LB0210,,CAMPINA ARIEL MELON STRAWBERRY,Konsinyasi,,,BOX,1.00 BOX : 1.00 BOX,1.00 BOX : 36.00 PCS,36
LB0303,,CAMPINA FANTASY STRAWBERRY,Konsinyasi,,,BOX,1.00 BOX : 1.00 BOX,1.00 BOX : 36.00 PCS,36
LB2271,,CAMPINA HULA HULA DURIAN 90ml,Konsinyasi,,,BOX,1.00 BOX : 1.00 BOX,1.00 BOX : 24.00 PCS,24
LB0257,,CAMPINA HULA HULA TAPE KETAN,Konsinyasi,,,BOX,1.00 BOX : 1.00 BOX,1.00 BOX : 46.00 PCS,46
LB0278,,CAMPINA HULA-HULA TARO,Konsinyasi,,,BOX,1.00 BOX : 1.00 BOX,1.00 BOX : 46.00 PCS,46
LB0030,,CAMPINA MINI CONCERTO CHOCOLATE,Konsinyasi,,,BOX,1.00 BOX : 1.00 BOX,1.00 BOX : 30.00 PCS,30
LB2112,,CAMPINA MINI CONCERTO STRAWBERRY,Konsinyasi,,,BOX,1.00 BOX : 1.00 BOX,1.00 BOX : 30.00 PCS,30
LB0461,,CAMPINA MOCHI VANILLA CHOCO CHUNK,Konsinyasi,,,BOX,1.00 BOX : 1.00 BOX,1.00 BOX : 24.00 PCS,24
LB0822,,CAMPINA NEAPOLITAN 350ml,Konsinyasi,,,PCS,1.00 PCS : 1.00 PCS,1.00 PCS : 1.00 PCS,1
LB0133,,CAMPINA PETIT CHOCOMIX STICK,Konsinyasi,,,BOX,1.00 BOX : 1.00 BOX,1.00 BOX : 60.00 PCS,60
LB0972,,CAMPINA SPIDERMAN,Konsinyasi,,,BOX,1.00 BOX : 1.00 BOX,1.00 BOX : 20.00 PCS,20
LB0595,,CAMPINA STRAWBERRY CHOCO,Konsinyasi,,,BOX,1.00 BOX : 1.00 BOX,1.00 BOX : 20.00 PCS,20
LB2220,,CAMPINA TROPICANA KREZ KREZ,Konsinyasi,,,BOX,1.00 BOX : 1.00 BOX,1.00 BOX : 24.00 PCS,24
LB3232,,CARLO PENGOLES LOYANG 500 G,Sembako,,,PCS,1.00 PCS : 1.00 PCS,1.00 PCS : 1.00 PCS,1
LB2302,,CAROLA KERUPUK JALA RASA AYAM BAWANG 35GR,Snack,,,BOX,1.00 BOX : 1.00 BOX,1.00 BOX : 40.00 PCS,40
LB2298,,CAROLA KRUPUK UDANG RASA BALADO 30GR,Snack,,,BOX,1.00 BOX : 1.00 BOX,1.00 BOX : 40.00 PCS,40
LB5233,,CEDEA EOMUK BAR 200gr,Frozen food,,,PCS,1.00 PCS : 1.00 PCS,1.00 PCS : 1.00 PCS,1
LB5234,,CEDEA FISH ROLL 200gr,Frozen food,,,PCS,1.00 PCS : 1.00 PCS,1.00 PCS : 1.00 PCS,1
LB5231,,CEDEA KOREAN STICK ORIGINAL 240gr,Frozen food,,,PCS,1.00 PCS : 1.00 PCS,1.00 PCS : 1.00 PCS,1
LB5232,,CEDEA KOREAN STICK POTATO 300gr,Frozen food,,,PCS,1.00 PCS : 1.00 PCS,1.00 PCS : 1.00 PCS,1
LB4253,,CEKER AYAM FROZEN,Frozen food,,,KG,1.00 KG : 1.00 KG,1.00 KG : 1.00 KG,1
LB5103,5805103,CEKER TATUL 250GR,Frozen food,CHEKER TATUL,PRASETYO PAMBUDI,PCS,1.00 PCS : 1.00 PCS,1.00 PCS : 1.00 PCS,1
LB4961,,CHARM SAFE NIGHT 290MM,Kebutuhan,,,RENTENG,1.00 RENTENG : 1.00 RENTENG,1.00 RENTENG : 10.00 PCS,10
LB4963,,CHARM SAFE NIGHT 350MM,Kebutuhan,,,RENTENG,1.00 RENTENG : 1.00 RENTENG,1.00 RENTENG : 10.00 PCS,10
LB6254,,CHARM SN 9 PADS,Kebutuhan,,,PCS,1.00 PCS : 1.00 PCS,1.00 PCS : 1.00 PCS,1
LB7699,18994462790083,CHEETOS JAGUNG BAKAR KEJU 60gr,Snack,PT. MENSA BINASUKSES,EKO SUYANTO,DUS,1.00 DUS : 1.00 DUS,1.00 DUS : 30.00 PCS,30
LB4648,,CHIKI TWIST RASA JAGUNG BAKAR 22.5GR,Snack,,,DUS,1.00 DUS : 1.00 DUS,1.00 DUS : 60.00 PCS,60
LB4643,89686732009,CHITATO LITE RASA RUMPUT LAUT 14GR,Snack,PT. INDOMARCO ADI PRIMA,MIFTAKHUR ROZI,DUS,1.00 DUS : 1.00 DUS,1.00 DUS : 60.00 PCS,60
LB2149,,CHITATO LITE RUMPUT LAUT 168GR,Snack,,,BOX,1.00 BOX : 1.00 BOX,1.00 BOX : 12.00 PCS,12
LB2147,,CHITATO LITE RUMPUT LAUT 35GR,Snack,,,BOX,1.00 BOX : 1.00 BOX,1.00 BOX : 40.00 PCS,40
LB2148,,CHITATO LITE RUMPUT LAUT 55GR,Snack,,,BOX,1.00 BOX : 1.00 BOX,1.00 BOX : 32.00 PCS,32
LB2000,,CHITATO LITE RUMPUT LAUT 68GR,Snack,,,BOX,1.00 BOX : 1.00 BOX,1.00 BOX : 30.00 PCS,30
LB1085,,CHITATO RASA BUMBU AYAM,Snack,,,BOX,1.00 BOX : 1.00 BOX,1.00 BOX : 30.00 PCS,30
LB4644,89686598018,CHITATO RASA SAPI PANGGANG 15GR,Snack,PT. INDOMARCO ADI PRIMA,MIFTAKHUR ROZI,DUS,1.00 DUS : 1.00 DUS,1.00 DUS : 60.00 PCS,60
LB0080,89686598056,CHITATO RASA SAPI PANGGANG 65GR,Snack,PT. INDOMARCO ADI PRIMA,MIFTAKHUR ROZI,BOX,1.00 BOX : 1.00 BOX,1.00 BOX : 30.00 PCS,30
LB2323,,CHITATO SAPI BUMBU BAKAR 35GR,Snack,,,BOX,1.00 BOX : 1.00 BOX,1.00 BOX : 40.00 PCS,40
LB0911,,CHITATO SAPI PANGGANG 35gr,Snack,,,BOX,1.00 BOX : 1.00 BOX,1.00 BOX : 40.00 PCS,40
LB5310,,CHOCOLATE BATANG SPARROW 500GR,Sembako,,,PCS,1.00 PCS : 1.00 PCS,1.00 PCS : 1.00 PCS,1
LB3030,,CHOCOLATES DARK COMPOUND COLATTA 12X1KG,MATERIAL PRODUKSI,,,BOX,1.00 BOX : 1.00 BOX,1.00 BOX : 12.00 PCS,12
LB5368,8992775003961,CHOCOLATOS WAFER ROLL COKLAT 6.5GR,Snack,CV LANGGENG JAYA SENTOSA,M MUJAHIDIN,DUS,1.00 DUS : 1.00 DUS,1.00 DUS : 288.00 PCS,288
LB1017,8996001370063,CHOKI CHOKI STIK,Snack,BI PT. CIPTA NIAGA SEMESTA BJN,MIFTAKHUR ROZI,DUS,1.00 DUS : 1.00 DUS,1.00 DUS : 9.00 PCS,9
LB5894,,CHOKI CHOKI STIX BISCUIT,Snack,,,PACK,1.00 PACK : 1.00 PACK,1.00 PACK : 12.00 PCS,12
LB5860,,CHOP CHOP BEEF BURGER SLICE 250gr,Frozen food,,,PCS,1.00 PCS : 1.00 PCS,1.00 PCS : 1.00 PCS,1
LB6163,8997021179551,CHOP2 BK(12)500,Frozen food,PT. ADILMART,MOHAMMAD AMINUDIN,PCS,1.00 PCS : 1.00 PCS,1.00 PCS : 1.00 PCS,1
LB3212,,CIKI RING BALADO 1KG,Grosir,,,KG,1.00 KG : 1.00 KG,1.00 KG : 1.00 KG,1
LB6757,,CIKRAK PLASTIK ORI,Kebutuhan,,,PCS,1.00 PCS : 1.00 PCS,1.00 PCS : 1.00 PCS,1
LB1134,,CIMORY KOTAK 125ML COKELAT,Minuman,,,PCS,1.00 PCS : 1.00 PCS,1.00 PCS : 1.00 PCS,1
LB0083,8993200666959,CIMORY SQUEEZE BLUEBERRY 120GR,Minuman,KOPERASI KAREB ATAU WILAYAH,ADITYA,PCS,1.00 PCS : 1.00 PCS,1.00 PCS : 1.00 PCS,1
LB1406,,CIMORY SQUEEZE CAVENDISH BANANA 120GR,Minuman,,,PCS,1.00 PCS : 1.00 PCS,1.00 PCS : 1.00 PCS,1
LB1014,,CIMORY SQUEEZE HONEY,Minuman,,,PCS,1.00 PCS : 1.00 PCS,1.00 PCS : 1.00 PCS,1
LB1725,8993200661343,CIMORY SQUEEZE MANGO STICKY RICE 120GR,Minuman,KOPERASI KAREB ATAU WILAYAH,ADITYA,PCS,1.00 PCS : 1.00 PCS,1.00 PCS : 1.00 PCS,1
LB0099,8993200666935,CIMORY SQUEEZE ORIGINAL 120GR,Minuman,KOPERASI KAREB ATAU WILAYAH,ADITYA,PCS,1.00 PCS : 1.00 PCS,1.00 PCS : 1.00 PCS,1
LB1013,8993200667406,CIMORY SQUEEZE PEACH 120GR,Minuman,KOPERASI KAREB ATAU WILAYAH,ADITYA,PCS,1.00 PCS : 1.00 PCS,1.00 PCS : 1.00 PCS,1
LB0106,8993200666942,CIMORY SQUEEZE STRAWBERRY 120GR,Minuman,KOPERASI KAREB ATAU WILAYAH,ADITYA,PCS,1.00 PCS : 1.00 PCS,1.00 PCS : 1.00 PCS,1
LB1060,,CIMORY UHT 125ML CASHEW,Minuman,,,PCS,1.00 PCS : 1.00 PCS,1.00 PCS : 1.00 PCS,1
LB1401,,CIMORY UHT 125ML CHOCO MALT,Minuman,,,PCS,1.00 PCS : 1.00 PCS,1.00 PCS : 1.00 PCS,1
LB0104,8993200666263,CIMORY UHT 125ML CHOCOLATE,Minuman,KOPERASI KAREB ATAU WILAYAH,ADITYA,PCS,1.00 PCS : 1.00 PCS,1.00 PCS : 1.00 PCS,1
LB0105,8993200666348,CIMORY UHT 125ML STRAWBERRY,Minuman,KOPERASI KAREB ATAU WILAYAH,ADITYA,PCS,1.00 PCS : 1.00 PCS,1.00 PCS : 1.00 PCS,1
LB1051,,CIMORY UHT 250ml BANANA,Minuman,,,PCS,1.00 PCS : 1.00 PCS,1.00 PCS : 1.00 PCS,1
LB1058,,CIMORY UHT 250ml BEBAS LAKTOSA,Minuman,,,PCS,1.00 PCS : 1.00 PCS,1.00 PCS : 1.00 PCS,1
LB1052,8993200666126,CIMORY UHT 250ML BLUEBERRY,Minuman,KOPERASI KAREB ATAU WILAYAH,ADITYA,PCS,1.00 PCS : 1.00 PCS,1.00 PCS : 1.00 PCS,1
LB1055,8993200666867,CIMORY UHT 250ML CASHEW,Minuman,KOPERASI KAREB ATAU WILAYAH,ADITYA,PCS,1.00 PCS : 1.00 PCS,1.00 PCS : 1.00 PCS,1
LB1057,8993200666898,CIMORY UHT 250ML CHOCO MALT,Minuman,KOPERASI KAREB ATAU WILAYAH,ADITYA,PCS,1.00 PCS : 1.00 PCS,1.00 PCS : 1.00 PCS,1
LB0095,8993200666133,CIMORY UHT 250ML CHOCOLATE,Minuman,KOPERASI KAREB ATAU WILAYAH,ADITYA,PCS,1.00 PCS : 1.00 PCS,1.00 PCS : 1.00 PCS,1
LB0689,8993200667246,CIMORY UHT 250ml CHOCOLATE TIRAMISU,Minuman,KOPERASI KAREB,ADITYA,PCS,1.00 PCS : 1.00 PCS,1.00 PCS : 1.00 PCS,1
LB1054,8993200666836,CIMORY UHT 250ML COKLAT ALMOND,Minuman,KOPERASI KAREB ATAU WILAYAH,ADITYA,PCS,1.00 PCS : 1.00 PCS,1.00 PCS : 1.00 PCS,1
LB1053,8993200666805,CIMORY UHT 250ML HAZELNUT,Minuman,KOPERASI KAREB ATAU WILAYAH,ADITYA,PCS,1.00 PCS : 1.00 PCS,1.00 PCS : 1.00 PCS,1
LB1059,8993200666928,CIMORY UHT 250ML MARIE REGAL,Minuman,KOPERASI KAREB,ADITYA,PCS,1.00 PCS : 1.00 PCS,1.00 PCS : 1.00 PCS,1
LB0097,8993200666201,CIMORY UHT 250ML MATCHA,Minuman,KOPERASI KAREB ATAU WILAYAH,ADITYA,PCS,1.00 PCS : 1.00 PCS,1.00 PCS : 1.00 PCS,1
LB0688,,CIMORY UHT 250ml SALTED CARAMEL,Minuman,,,PCS,1.00 PCS : 1.00 PCS,1.00 PCS : 1.00 PCS,1
LB1056,,CIMORY UHT 250ML SEA SALT,Minuman,,,PCS,1.00 PCS : 1.00 PCS,1.00 PCS : 1.00 PCS,1
LB0098,8993200666218,CIMORY UHT 250ML STAWBERRY,Minuman,KOPERASI KAREB ATAU WILAYAH,ADITYA,PCS,1.00 PCS : 1.00 PCS,1.00 PCS : 1.00 PCS,1
LB1256,8993200663835,CIMORY YOGURT DRINK 200ML BLUEBERRY,Minuman,KOPERASI KAREB ATAU WILAYAH,ADITYA,PCS,1.00 PCS : 1.00 PCS,1.00 PCS : 1.00 PCS,1
LB1255,8993200663828,CIMORY YOGURT DRINK 200ML STRAWBERRY,Minuman,KOPERASI KAREB ATAU WILAYAH,ADITYA,PCS,1.00 PCS : 1.00 PCS,1.00 PCS : 1.00 PCS,1
LB0100,8993200664061,CIMORY YOGURT DRINK 65ML BLUEBERRY,Minuman,KOPERASI KAREB ATAU WILAYAH,ADITYA,PACK,1.00 PACK : 1.00 PACK,1.00 PACK : 1.00 PACK,1
LB0082,,CIMORY YOGURT DRINK BANANA LOW FAT 240ML,Minuman,,,PCS,1.00 PCS : 1.00 PCS,1.00 PCS : 1.00 PCS,1
LB1049,8993200661657,CIMORY YOGURT DRINK BLUEBERRY 240ML,Minuman,KOPERASI KAREB ATAU WILAYAH,ADITYA,PCS,1.00 PCS : 1.00 PCS,1.00 PCS : 1.00 PCS,1
LB0084,8993200661299,CIMORY YOGURT DRINK LECHY 240ML,Minuman,KOPERASI KAREB ATAU WILAYAH,ADITYA,PCS,1.00 PCS : 1.00 PCS,1.00 PCS : 1.00 PCS,1
LB0091,,CIMORY YOGURT DRINK LOW FAT STRAW & MANGO 240ML,Minuman,,,PCS,1.00 PCS : 1.00 PCS,1.00 PCS : 1.00 PCS,1
LB0085,8993200661336,CIMORY YOGURT DRINK MANGO 240ML,Minuman,KOPERASI KAREB ATAU WILAYAH,ADITYA,PCS,1.00 PCS : 1.00 PCS,1.00 PCS : 1.00 PCS,1
LB0086,8993200663057,CIMORY YOGURT DRINK MIXED BERRY 240ML,Minuman,KOPERASI KAREB ATAU WILAYAH,ADITYA,PCS,1.00 PCS : 1.00 PCS,1.00 PCS : 1.00 PCS,1
LB0087,8993200661350,CIMORY YOGURT DRINK MIXED FRUIT 240ML,Minuman,KOPERASI KAREB ATAU WILAYAH,ADITYA,PCS,1.00 PCS : 1.00 PCS,1.00 PCS : 1.00 PCS,1
LB0088,8993200663064,CIMORY YOGURT DRINK ORIGINAL240ML,Minuman,KOPERASI KAREB ATAU WILAYAH,ADITYA,PCS,1.00 PCS : 1.00 PCS,1.00 PCS : 1.00 PCS,1
LB0090,8993200661312,CIMORY YOGURT DRINK RED GRAPE 240ML,Minuman,KOPERASI KAREB ATAU WILAYAH,ADITYA,PCS,1.00 PCS : 1.00 PCS,1.00 PCS : 1.00 PCS,1
LB0092,8993200661305,CIMORY YOGURT DRINK STRAWBERRY 240ML,Minuman,KOPERASI KAREB ATAU WILAYAH,ADITYA,PCS,1.00 PCS : 1.00 PCS,1.00 PCS : 1.00 PCS,1
LB0103,8993200664054,CIMORY YOGURT DRINK STRAWBERY 65ML,Minuman,KOPERASI KAREB ATAU WILAYAH,ADITYA,PACK,1.00 PACK : 1.00 PACK,1.00 PACK : 1.00 PACK,1
LB2329,,CIMORY YOGURT DRINK TAYO 70ML BLUEBERRY,Minuman,,,PACK,1.00 PACK : 1.00 PACK,1.00 PACK : 1.00 PACK,1
LB2330,,CIMORY YOGURT DRINK TAYO 70ML STRAWBERRY,Minuman,,,PACK,1.00 PACK : 1.00 PACK,1.00 PACK : 1.00 PACK,1
LB0093,,CIMORY YOGURT DRINK TROPICAL FRUIT LOW FAT 240ML,Minuman,,,PCS,1.00 PCS : 1.00 PCS,1.00 PCS : 1.00 PCS,1
LB2985,,CIMORY YOGURT DRINK UHT BLUEBERRY 125ml,Minuman,,,PCS,1.00 PCS : 1.00 PCS,1.00 PCS : 1.00 PCS,1
LB2984,,CIMORY YOGURT DRINK UHT STRAWBERRY 125ml,Minuman,,,PCS,1.00 PCS : 1.00 PCS,1.00 PCS : 1.00 PCS,1
LB3761,8993200668922,CIMORY YOGURT STIK BLUEBERRY 40ML,Minuman,KOPERASI KAREB ATAU WILAYAH,ADITYA,PACK,1.00 PACK : 1.00 PACK,1.00 PACK : 25.00 PCS,25
LB0711,8995227500582,CINCAU CAP PANDA,Minuman,CV LANGGENG JAYA SENTOSA,PRASETYO PAMBUDI,BOX,1.00 BOX : 1.00 BOX,1.00 BOX : 24.00 PCS,24
LB4461,,CIRENG FAZSA AYAM SUWIR PEDAS 250 GR,Frozen food,,,BALL,1.00 BALL : 1.00 BALL,1.00 BALL : 10.00 PCS,10
LB5556,,CIRENG LAVERIA ISI AYAM,Frozen food,,,BOX,1.00 BOX : 1.00 BOX,1.00 BOX : 10.00 PCS,10
LB5062,,CITRA BODY LOTION BENGKOANG 110ML,Kebutuhan,,,PCS,1.00 PCS : 1.00 PCS,1.00 PCS : 1.00 PCS,1
LB5060,,CITRA BODY LOTION BENGKOANG 60ML,Kebutuhan,,,PCS,1.00 PCS : 1.00 PCS,1.00 PCS : 1.00 PCS,1
LB5061,,CITRA BODY LOTION PEARL 110ML,Kebutuhan,,,PCS,1.00 PCS : 1.00 PCS,1.00 PCS : 1.00 PCS,1
LB5059,,CITRA BODY LOTION PEARL 60ML,Kebutuhan,,,PCS,1.00 PCS : 1.00 PCS,1.00 PCS : 1.00 PCS,1
LB3334,,CLEO 120ML,Minuman,,,BOX,1.00 BOX : 1.00 BOX,1.00 BOX : 1.00 BOX,1
LB3018,,CLEO 550ml,Minuman,,,PACK,1.00 PACK : 1.00 PACK,1.00 PACK : 24.00 PCS,24
LB6550,8996129809131,CLEO BOTOL 220ML,Minuman,PT SENTRALSARI PRIMA SENTOSA,MOHAMMAD AMINUDIN,PACK,1.00 PACK : 1.00 PACK,1.00 PACK : 1.00 PACK,1
LB4969,,CLUB 220ML,Minuman,,,BOX,1.00 BOX : 1.00 BOX,1.00 BOX : 1.00 BOX,1
LB6660,,COCA COLA ORIGINAL 1L,Seasonal,,,BOX,1.00 BOX : 1.00 BOX,1.00 BOX : 12.00 PCS,12
LB0708,8992696428263,COCO CRUNCH COMBO,Snack,PT PANCA BAKTI MULIA,M ROISUL ANAM,PCS,1.00 PCS : 1.00 PCS,1.00 PCS : 1.00 PCS,1
LB6210,,COCODE BLOSS50m,Kebutuhan,,,PCS,1.00 PCS : 1.00 PCS,1.00 PCS : 1.00 PCS,1
LB6209,,COCODE OPIUM50m,Kebutuhan,,,PCS,1.00 PCS : 1.00 PCS,1.00 PCS : 1.00 PCS,1
LB6211,,COCODE PEAR50m,Kebutuhan,,,PCS,1.00 PCS : 1.00 PCS,1.00 PCS : 1.00 PCS,1
LB3752,,COFFEE BEAR 320ML,Minuman,,,BOX,1.00 BOX : 1.00 BOX,1.00 BOX : 24.00 PCS,24
LB3029,,COKLAT BUBUK BENDICO XD 5KG,MATERIAL PRODUKSI,,,DUS,1.00 KARUNG : 1.00 KARUNG,1.00 KARUNG : 5.00 KG,5
LB0531,,COKLAT LUMER PRAFERSI,Konsinyasi,,,PCS,1.00 PCS : 1.00 PCS,1.00 PCS : 1.00 PCS,1
LB3181,,COLATTA GLAZE CAPPUCINO 5KG,Kebutuhan,,,BOX,1.00 BOX : 1.00 BOX,1.00 BOX : 1.00 BOX,1
LB3180,,COLATTA GLAZE DARK CHOCOLATE 5KG,MATERIAL PRODUKSI,,,PAIL,1.00 PAIL : 1.00 PAIL,1.00 PAIL : 5.00 KG,5
LB3202,,COLATTA GLAZE GREEN TEA 5KG,MATERIAL PRODUKSI,,,BOX,1.00 BOX : 1.00 BOX,1.00 BOX : 1.00 BOX,1
LB3201,,COLATTA GLAZE STRAWBERRY 5KG,MATERIAL PRODUKSI,,,BOX,1.00 BOX : 1.00 BOX,1.00 BOX : 1.00 BOX,1
LB3179,,COLATTA GLAZE TIRAMISU 5KG,Kebutuhan,,,BOX,1.00 BOX : 1.00 BOX,1.00 BOX : 1.00 BOX,1
LB3868,18996001601058,COLLAGENA 189ML,Minuman,BI PT. CIPTA NIAGA SEMESTA BJN,EKO SUYANTO,PACK,1.00 PACK : 1.00 PACK,1.00 PACK : 12.00 PCS,12
LB6704,,COLUMBIA BATA STRAWBERY 250GR,Seasonal,,,DUS,1.00 DUS : 1.00 DUS,1.00 DUS : 6.00 PCS,6
LB6705,,COLUMBIA BATA VANILA 250GR,Seasonal,,,DUS,1.00 DUS : 1.00 DUS,1.00 DUS : 6.00 PCS,6
LB3323,,COLUMBIA BUTTER COOKIES 350gr,Seasonal,,,BOX,1.00 BOX : 1.00 BOX,1.00 BOX : 6.00 PCS,6
LB3168,,COLUMBIA CARAMEL BUTTER COOKIES 350GR,Seasonal,,,BOX,1.00 BOX : 1.00 BOX,1.00 BOX : 6.00 PCS,6
LB3169,,COLUMBIA EXCLUSIVE ASSORTED BISCUITY 350GR,Seasonal,,,BOX,1.00 BOX : 1.00 BOX,1.00 BOX : 6.00 PCS,6
LB3167,,COLUMBIA WAFER CHOCOLATE 270GR,Seasonal,,,BOX,1.00 BOX : 1.00 BOX,1.00 BOX : 6.00 PCS,6
LB3987,,COLUMBIA WAFER STRAWBERRY 270G,Seasonal,,,BOX,1.00 BOX : 1.00 BOX,1.00 BOX : 6.00 PCS,6
LB2272,,CONCERTO BLACK & WHITE,Konsinyasi,,,BOX,1.00 BOX : 1.00 BOX,1.00 BOX : 24.00 PCS,24
LB0942,,CONCERTO CHOCO PASSION,Konsinyasi,,,DUS,1.00 DUS : 1.00 DUS,1.00 DUS : 18.00 PCS,18
LB0944,,CONCERTO COOKIE CREAMY,Konsinyasi,,,DUS,1.00 DUS : 1.00 DUS,1.00 DUS : 22.00 PCS,22
LB0706,,CONCERTO MIDI STRAWBERRY CHUNK,Konsinyasi,,,DUS,1.00 DUS : 1.00 DUS,1.00 DUS : 22.00 PCS,22
LB0277,,CONCERTO MIDI TIRAMISU,Konsinyasi,,,BOX,1.00 BOX : 1.00 BOX,1.00 BOX : 22.00 PCS,22
LB0948,,CONCERTO SUNDAE CHOCOLATE,Konsinyasi,,,BOX,1.00 BOX : 1.00 BOX,1.00 BOX : 16.00 PCS,16
LB0241,,CONTONG KUNING PALAPA 5KG,Grosir,,,BALL,1.00 BALL : 1.00 BALL,1.00 BALL : 5.00 KG,5
LB4202,5804202,CRISPELLA BASRENG STICK PEDAS,Grosir,DC GROSIR & REPACKING,SITI THOIRUL MAQULAH,DUS,1.00 DUS : 1.00 DUS,1.00 DUS : 10.00 PCS,10
LB5441,5805441,CRISPELLA EMPING MLINJO,Grosir,DC GROSIR & REPACKING,SITI THOIRUL MAQULAH,DUS,1.00 DUS : 1.00 DUS,1.00 DUS : 10.00 PCS,10
LB6059,5806059,CRISPELLA KERIPIK PISANG COKLAT,Grosir,DC GROSIR & REPACKING,SITI THOIRUL MAQULAH,DUS,1.00 DUS : 1.00 DUS,1.00 DUS : 10.00 PCS,10
LB6058,5806058,CRISPELLA KERIPIK PISANG NANGKA,Grosir,DC GROSIR & REPACKING,SITI THOIRUL MAQULAH,DUS,1.00 DUS : 1.00 DUS,1.00 DUS : 10.00 PCS,10
LB4793,5804793,CRISPELLA KRIPIK SINGKONG BALADO,Grosir,DC GROSIR & REPACKING,SITI THOIRUL MAQULAH,DUS,1.00 DUS : 1.00 DUS,1.00 DUS : 10.00 PCS,10
LB4790,5804790,CRISPELLA KRIPIK UBI UNGU,Grosir,DC GROSIR & REPACKING,SITI THOIRUL MAQULAH,DUS,1.00 DUS : 1.00 DUS,1.00 DUS : 10.00 PCS,10
LB4172,5804172,CRISPELLA KRIPIK USUS,Grosir,DC GROSIR & REPACKING,SITI THOIRUL MAQULAH,DUS,1.00 DUS : 1.00 DUS,1.00 DUS : 10.00 PCS,10
LB4201,5804201,CRISPELLA MAKARONI PIPA,Grosir,DC GROSIR & REPACKING,SITI THOIRUL MAQULAH,DUS,1.00 DUS : 1.00 DUS,1.00 DUS : 10.00 PCS,10
LB5620,5805620,CRISPELLA MIE LIDI BALADO,Grosir,DC GROSIR & REPACKING,SITI THOIRUL MAQULAH,DUS,1.00 DUS : 1.00 DUS,1.00 DUS : 10.00 PCS,10
LB5619,5805619,CRISPELLA MIE LIDI PEDAS,Grosir,DC GROSIR & REPACKING,SITI THOIRUL MAQULAH,DUS,1.00 DUS : 1.00 DUS,1.00 DUS : 10.00 PCS,10
LB5580,5805580,CRISPELLA SUMPIA ABON,Grosir,DC GROSIR & REPACKING,SITI THOIRUL MAQULAH,DUS,1.00 DUS : 1.00 DUS,1.00 DUS : 10.00 PCS,10
LB3768,5803768,CRISPELLA SUS COKLAT,Grosir,DC GROSIR & REPACKING,SITI THOIRUL MAQULAH,BALL,1.00 BALL : 1.00 BALL,1.00 BALL : 10.00 PCS,10
LB5728,5805728,CRISPELLA SUS ES TELER,Grosir,DC GROSIR & REPACKING,SITI THOIRUL MAQULAH,DUS,1.00 DUS : 1.00 DUS,1.00 DUS : 10.00 PCS,10
LB5729,5805729,CRISPELLA SUS KLEPON,Grosir,DC GROSIR & REPACKING,SITI THOIRUL MAQULAH,DUS,1.00 DUS : 1.00 DUS,1.00 DUS : 10.00 PCS,10
LB6079,,CRISPELLA TOP BOLA BOLA COKLAT,Seasonal,,,BALL,1.00 BALL : 1.00 BALL,1.00 BALL : 10.00 PCS,10
LB6095,,CRISPELLA TOP KACANG BALI,Seasonal,,,BALL,1.00 BALL : 1.00 BALL,1.00 BALL : 10.00 PCS,10
LB6390,,CRISPELLA TOP KACANG TELUR,Seasonal,,,BALL,1.00 BALL : 1.00 BALL,1.00 BALL : 10.00 PCS,10
LB6089,,CRISPELLA TOP KUE SUS COKLAT,Seasonal,,,BALL,1.00 BALL : 1.00 BALL,1.00 BALL : 10.00 PCS,10
LB6091,,CRISPELLA TOP KUPING GAJAH HITAM,Seasonal,,,BALL,1.00 BALL : 1.00 BALL,1.00 BALL : 10.00 PCS,10
LB6387,,CRISPELLA TOP MIE LIDI,Seasonal,,,BALL,1.00 BALL : 1.00 BALL,1.00 BALL : 10.00 PCS,10
LB6097,,CRISPELLA TOP MLINJO MANIS,Seasonal,,,BALL,1.00 BALL : 1.00 BALL,1.00 BALL : 10.00 PCS,10
LB6098,,CRISPELLA TOP MLINJO PEDAS MANIS,Seasonal,,,BALL,1.00 BALL : 1.00 BALL,1.00 BALL : 10.00 PCS,10
LB6389,,CRISPELLA TOP PISANG COKLAT,Seasonal,,,BALL,1.00 BALL : 1.00 BALL,1.00 BALL : 10.00 PCS,10
LB6388,,CRISPELLA TOP PISANG NANGKA,Seasonal,,,BALL,1.00 BALL : 1.00 BALL,1.00 BALL : 10.00 PCS,10
LB6093,,CRISPELLA TOP SUMPIA PENDEK,Seasonal,,,BALL,1.00 BALL : 1.00 BALL,1.00 BALL : 10.00 PCS,10
LB6083,,CRISPELLA TOP WAFER ROLL BLUEBERRY,Seasonal,,,BALL,1.00 BALL : 1.00 BALL,1.00 BALL : 10.00 PCS,10
LB6080,,CRISPELLA TOP WAFER ROLL COKLAT,Seasonal,,,BALL,1.00 BALL : 1.00 BALL,1.00 BALL : 10.00 PCS,10
LB6087,,CRISPELLA TOP WAFER ROLL PANDAN,Seasonal,,,BALL,1.00 BALL : 1.00 BALL,1.00 BALL : 10.00 PCS,10
LB6085,,CRISPELLA TOP WAFER ROLL STRAWBERRY,Seasonal,,,BALL,1.00 BALL : 1.00 BALL,1.00 BALL : 10.00 PCS,10
LB4798,5804798,CRISPELLA TORTILLA JAGUNG BAKAR,Grosir,DC GROSIR & REPACKING,SITI THOIRUL MAQULAH,DUS,1.00 DUS : 1.00 DUS,1.00 DUS : 10.00 PCS,10
LB2041,,CUKA MATAHARI 150 ML,Sembako,,,PCS,1.00 PCS : 1.00 PCS,1.00 PCS : 1.00 PCS,1
LB1043,,CUKA MEJA CAP BURUNG WALET 150ml,Kebutuhan,,,PCS,1.00 PCS : 1.00 PCS,1.00 PCS : 1.00 PCS,1
LB2190,8994297101316,CUKA MEJA SUKA SARI 210ML,Sembako,CV LANGGENG JAYA SENTOSA,EKO SUYANTO,PCS,1.00 PCS : 1.00 PCS,1.00 PCS : 1.00 PCS,1
LB1842,8994297101309,CUKA MEJA SUKA SARI 80ML,Sembako,CV LANGGENG JAYA SENTOSA,EKO SUYANTO,PCS,1.00 PCS : 1.00 PCS,1.00 PCS : 1.00 PCS,1
LB0805,5800805,CUMI CUMI PANGSIT SARINAH,Snack,SNACK SARINAH,DANANG IMAM SANTOSO,BALL,1.00 BALL : 1.00 BALL,1.00 BALL : 10.00 PCS,10
LB6397,,CUP HOK 16OZ (TEA),Oprasional,,,DUS,1.00 DUS : 1.00 DUS,1.00 DUS : 1.00 DUS,1
LB3653,,CUP HOK SLIM 18oz,Oprasional,,,PACK,1.00 PACK : 1.00 PACK,1.00 PACK : 25.00 PCS,25
LB3913,,CUP HOKKAKU 12Oz,Oprasional,,,DUS,1.00 DUS : 1.00 DUS,1.00 DUS : 1.00 DUS,1
LB3637,,CUP HOKKAKU OVAL 14OZ,Oprasional,,,DUS,1.00 DUS : 1.00 DUS,1.00 DUS : 1.00 DUS,1
LB3965,,CUP MIKA BUAH POTONG,Oprasional,,,PACK,1.00 PACK : 1.00 PACK,1.00 PACK : 50.00 PCS,50
LB3818,,CUP TELUR TELASIN,Alat,,,PACK,1.00 PACK : 1.00 PACK,1.00 PACK : 25.00 PCS,25
LB6031,,CUSSONS BABY HAIR LOTION COCONUT OIL & ALOR VERA 100ML,Kebutuhan,,,PCS,1.00 PCS : 1.00 PCS,1.00 PCS : 1.00 PCS,1
LB0558,,CUSSONS BABY POWDER 150GR MILD & GENTLE,Kebutuhan,,,PCS,1.00 PCS : 1.00 PCS,1.00 PCS : 1.00 PCS,1
LB0556,,CUSSONS BABY POWDER 150GR SOFT& SMOOTH,Kebutuhan,,,PCS,1.00 PCS : 1.00 PCS,1.00 PCS : 1.00 PCS,1
LB1247,,CUTTER,Oprasional,,,PCS,1.00 PCS : 1.00 PCS,1.00 PCS : 1.00 PCS,1
LB4606,,CUTTER RENTENG KECIL LINKO,Kebutuhan,,,RENTENG,1.00 RENTENG : 1.00 RENTENG,1.00 RENTENG : 12.00 PCS,12
LB4226,5804226,DAGING SAPI SUPER 250 GR,Frozen food,DAERAH,PRASETYO PAMBUDI,PCS,1.00 PCS : 1.00 PCS,1.00 PCS : 1.00 PCS,1
LB5042,18998866608715,DAIA SOFTENER 245GR,Kebutuhan,PT INTI NIAGA PRANASARI,AGUS PURNOMO,BOX,1.00 BOX : 1.00 BOX,1.00 BOX : 24.00 PCS,24
LB1144,8998866608725,DAIA SOFTENER 800GR,Kebutuhan,PT INTI NIAGA PRANASARI,AGUS PURNOMO,BOX,1.00 BOX : 1.00 BOX,1.00 BOX : 12.00 PCS,12
LB5043,18998866610268,DAIA VIOLET 245GR,Kebutuhan,PT INTI NIAGA PRANASARI,AGUS PURNOMO,BOX,1.00 BOX : 1.00 BOX,1.00 BOX : 24.00 PCS,24
LB1145,8998866610223,DAIA VIOLET 800GR,Kebutuhan,PT INTI NIAGA PRANASARI,AGUS PURNOMO,BOX,1.00 BOX : 1.00 BOX,1.00 BOX : 12.00 PCS,12
LB0472,,DANCOW 1+ 400GR,Kebutuhan,,,PCS,1.00 PCS : 1.00 PCS,1.00 PCS : 1.00 PCS,1
LB1953,,DAPUR KITA KENCUR BUBUK,Sembako,,,RENTENG,1.00 RENTENG : 1.00 RENTENG,1.00 RENTENG : 12.00 PCS,12
LB3159,,DEL MONTE EXTRA HOT CHILLI SAUCE 5.5KG,Kebutuhan,,,PCS,1.00 PCS : 1.00 PCS,1.00 PCS : 1.00 PCS,1
LB3158,,DEL MONTE KETCHUP SAUS TOMAT 5.7KG,Kebutuhan,,,PCS,1.00 PCS : 1.00 PCS,1.00 PCS : 1.00 PCS,1
LB4142,8998888710598,DEL MONTE SAUS SAMBAL EXTRA PEDAS 200GR,Sembako,PT PUJI SURYA INDAH,M ROISUL ANAM,DUS,1.00 DUS : 1.00 DUS,1.00 DUS : 24.00 PCS,24
LB4144,8998888710192,DEL MONTE SAUS TOMAT 200GR,Sembako,PT PUJI SURYA INDAH,M ROISUL ANAM,DUS,1.00 DUS : 1.00 DUS,1.00 DUS : 24.00 PCS,24
LB6248,8998888712295,DELMONTE BBQ250,Sembako,PT PUJI SURYA INDAH,M ROISUL ANAM,PCS,1.00 PCS : 1.00 PCS,1.00 PCS : 1.00 PCS,1
LB1683,8998888712622,DELMONTE SARDEN CHILI 155GR,Sembako,PT PUJI SURYA INDAH,M ROISUL ANAM,PCS,1.00 PCS : 1.00 PCS,1.00 PCS : 1.00 PCS,1
LB2161,,DELMONTE SARDEN CHILI 425GR,Sembako,,,PCS,1.00 PCS : 1.00 PCS,1.00 PCS : 1.00 PCS,1
LB1682,8998888712523,DELMONTE SARDEN TOMAT 155GR,Sembako,PT PUJI SURYA INDAH,M ROISUL ANAM,PCS,1.00 PCS : 1.00 PCS,1.00 PCS : 1.00 PCS,1
LB2160,,DELMONTE SARDEN TOMAT 425GR,Sembako,,,PCS,1.00 PCS : 1.00 PCS,1.00 PCS : 1.00 PCS,1
LB2886,,DELTA FOODS TONGKOL POUCH 250gr,Frozen food,,,PCS,1.00 PCS : 1.00 PCS,1.00 PCS : 1.00 PCS,1
LB6049,8997011932005,DESAKU BAWANG PUTIH BUBUK 6G,Sembako,PT SUBUR MITRA SUKSES/GROSIR,ADITYA,RENTENG,1.00 RENTENG : 1.00 RENTENG,1.00 RENTENG : 12.00 PCS,12
LB1569,8997011931107,DESAKU KETUMBAR BUBUK 12.5GR,Sembako,GROSIR,M MUJAHIDIN,RENTENG,1.00 RENTENG : 1.00 RENTENG,1.00 RENTENG : 12.00 PCS,12
LB6069,8997011931565,DESAKU KUNYIT BUBUK 5g,Sembako,PT SUBUR MITRA SUKSES/GROSIR,ADITYA,RENTENG,1.00 RENTENG : 1.00 RENTENG,1.00 RENTENG : 12.00 PCS,12
LB3916,8997011931732,DESAKU MARINASI 12.5GR,Sembako,GROSIR,M MUJAHIDIN,RENTENG,1.00 RENTENG : 1.00 RENTENG,1.00 RENTENG : 12.00 PCS,12
LB0403,,DESSERT OREO SRIKANDI,Konsinyasi,,,PCS,1.00 PCS : 1.00 PCS,1.00 PCS : 1.00 PCS,1
LB5121,,DIAPET KAPSUL,Kebutuhan,,,BOX,1.00 BOX : 1.00 BOX,1.00 BOX : 120.00 PCS,120
LB8046,,DONDONG AMBARELLA KIAMBOY DAN YOGURT 300ML,Minuman,,,PACK,1.00 PACK : 1.00 PACK,1.00 PACK : 12.00 PCS,12
LB3189,,DONNY SELAI RASA KAYA 5KG,Sembako,,,PCS,1.00 PCS : 1.00 PCS,1.00 PCS : 1.00 PCS,1
LB7698,18994462790144,DORITOS JAGUNG BAKAR 120g,Snack,PT. MENSA BINASUKSES,EKO SUYANTO,DUS,1.00 DUS : 1.00 DUS,1.00 DUS : 24.00 PCS,24
LB4385,,DOS KUWE LEBARAN 26x26x5,Oprasional,,,PCS,1.00 PCS : 1.00 PCS,1.00 PCS : 1.00 PCS,1
LB4386,,DOS KUWE LEBARAN 38x26x5,Oprasional,,,PCS,1.00 PCS : 1.00 PCS,1.00 PCS : 1.00 PCS,1
LB4492,,DOS ROTI KENONG,Oprasional,,,PACK,1.00 PACK : 1.00 PACK,1.00 PACK : 1.00 PACK,1
LB4601,,DOUBLE FOAM KINGCO 20mm X 6m,Kebutuhan,,,PCS,1.00 PCS : 1.00 PCS,1.00 PCS : 1.00 PCS,1
LB1240,5801240,DOUBLE TAPE BESAR,Oprasional,DC PACKAGING,M ROISUL ANAM,PCS,1.00 PCS : 1.00 PCS,1.00 PCS : 1.00 PCS,1
LB4684,,DOUBLE TAPE BESAR JL,Kebutuhan,,,PCS,1.00 PCS : 1.00 PCS,1.00 PCS : 1.00 PCS,1
LB1241,5801241,DOUBLE TAPE KECIL,Oprasional,DC PACKAGING,M ROISUL ANAM,PCS,1.00 PCS : 1.00 PCS,1.00 PCS : 1.00 PCS,1
LB6934,4902430894699,DOWNY FLORAL PINK 22ML,Kebutuhan,PT. BORWITA CITRA PRIMA,ADITYA,RENTENG,1.00 RENTENG : 1.00 RENTENG,1.00 RENTENG : 1.00 RENTENG,1
LB1693,,DOWNY FLORAL PINK 700ml,Kebutuhan,,,BOX,1.00 BOX : 1.00 BOX,1.00 BOX : 8.00 PCS,8
LB1272,,DOWNY FLORAL PINK 8ML,Kebutuhan,,,RENTENG,1.00 RENTENG : 1.00 RENTENG,1.00 RENTENG : 1.00 RENTENG,1
LB6933,4902430557122,DOWNY SUNRISE 24ML,Kebutuhan,PT. BORWITA CITRA PRIMA,ADITYA,RENTENG,1.00 RENTENG : 1.00 RENTENG,1.00 RENTENG : 1.00 RENTENG,1
LB1273,,DOWNY SUNRISE 8ML,Kebutuhan,,,RENTENG,1.00 RENTENG : 1.00 RENTENG,1.00 RENTENG : 1.00 RENTENG,1
LB1692,,DOWNY SUNRISE FRESH 700ml,Kebutuhan,,,BOX,1.00 BOX : 1.00 BOX,1.00 BOX : 8.00 PCS,8
LB7041,,DUO PACK,Grosir,,,DUS,1.00 DUS : 1.00 DUS,1.00 DUS : 6.00 PCS,6
LB3984,,DURIAN FROZEN PREMIUM,Frozen food,,,PACK,1.00 PACK : 1.00 PACK,1.00 PACK : 1.00 PACK,1
LB4467,,DURIAN MONTONG FROZEN,Frozen food,,,PACK,1.00 PACK : 1.00 PACK,1.00 PACK : 1.00 PACK,1
LB1360,,EGG ROLL COKELAT NGUDI ROSO,Snack,,,BALL,1.00 BALL : 1.00 BALL,1.00 BALL : 10.00 PCS,10
LB1359,,EGG ROLL KACANG HIJAU NGUDI ROSO,Snack,,,BALL,1.00 BALL : 1.00 BALL,1.00 BALL : 10.00 PCS,10
LB1357,5801357,EGG ROLL KETELA UNGU NGUDI ROSO,Snack,NGUDI ROSO,SITI THOIRUL MAQULAH,BALL,1.00 BALL : 1.00 BALL,1.00 BALL : 10.00 PCS,10
LB1362,,EGG ROLL MELON NGUDI ROSO,Snack,,,BALL,1.00 BALL : 1.00 BALL,1.00 BALL : 10.00 PCS,10
LB1142,5801142,EGG ROLL NGUDI ROSO WALUH,Snack,NGUDI ROSO,SITI THOIRUL MAQULAH,BALL,1.00 BALL : 1.00 BALL,1.00 BALL : 10.00 PCS,10
LB1361,,EGG ROLL PANDAN NGUDI ROSO,Snack,,,BALL,1.00 BALL : 1.00 BALL,1.00 BALL : 10.00 PCS,10
LB1364,,EGG ROLL PISANG NGUDI ROSO,Snack,,,BALL,1.00 BALL : 1.00 BALL,1.00 BALL : 10.00 PCS,10
LB1363,5801363,EGG ROLL STROBERRY NGUDI ROSO,Snack,NGUDI ROSO,SITI THOIRUL MAQULAH,BALL,1.00 BALL : 1.00 BALL,1.00 BALL : 10.00 PCS,10
LB3796,,EGG TRAY TELUR,Alat,,,PCS,1.00 PCS : 1.00 PCS,1.00 PCS : 1.00 PCS,1
LB1595,8998866200981,EKOMIE 100GR,Sembako,PT INTI NIAGA PRANASARI,AGUS PURNOMO,BOX,1.00 BOX : 1.00 BOX,1.00 BOX : 36.00 PCS,36
LB4775,8998866204101,EKOMIE BAKSO 825gr,Sembako,PT INTI NIAGA PRANASARI,AGUS PURNOMO,DUS,1.00 DUS : 1.00 DUS,1.00 DUS : 6.00 PCS,6
LB5643,18998866203262,EKOMIE MIE GORENG 60GR,Sembako,PT INTI NIAGA PRANASARI,AGUS PURNOMO,DUS,1.00 DUS : 1.00 DUS,1.00 DUS : 40.00 PCS,40
LB5793,8998866611701,EKONOMI PENCUCI PIRING JERUK NIPIS POUCH 122ml,Kebutuhan,PT INTI NIAGA PRANASARI,AGUS PURNOMO,BOX,1.00 BOX : 1.00 BOX,1.00 BOX : 36.00 PCS,36
LB0445,,EMPING JAGUNG ASIN 2.5 KG,Grosir,,,BALL,1.00 BALL : 1.00 BALL,1.00 BALL : 2.50 KG,2.5
LB3520,,EMPING JAGUNG PEDAS MANIS 2.5KG,Grosir,,,BALL,1.00 BALL : 1.00 BALL,1.00 BALL : 2.50 KG,2.5
LB6292,,ENAK ECO BUMBU SATE AYAM 185G,Sembako,,,PCS,1.00 PCS : 1.00 PCS,1.00 PCS : 1.00 PCS,1
LB1684,8996001440049,ENERGEN COKLAT 35gr RENTENG,Snack,BI PT. CIPTA NIAGA SEMESTA BJN,MIFTAKHUR ROZI,RENTENG,1.00 RENTENG : 1.00 RENTENG,1.00 RENTENG : 10.00 PCS,10
LB1685,,ENERGEN KACANG HIJAU 32gr RENTENG,Snack,,,RENTENG,1.00 RENTENG : 1.00 RENTENG,1.00 RENTENG : 10.00 PCS,10
LB1810,,ENERGEN VANILA 34GR RENTENG,Snack,,,RENTENG,1.00 RENTENG : 1.00 RENTENG,1.00 RENTENG : 10.00 PCS,10
LB5087,,ENTROSTOP OBAT DIARE,Kebutuhan,,,PACK,1.00 PACK : 1.00 PACK,1.00 PACK : 20.00 PCS,20
LB1409,,ER ARUMANIS BOX 250gr,Seasonal,,,BALL,1.00 BALL : 1.00 BALL,1.00 BALL : 5.00 PCS,5
LB1047,,ER BOX MAKARONI SPIRAL BALADO 300GR,Seasonal,,,BALL,1.00 BALL : 1.00 BALL,1.00 BALL : 5.00 PCS,5
LB1003,,ER BOX MAKARONI USUS BALADO 300GR,Seasonal,,,BALL,1.00 BALL : 1.00 BALL,1.00 BALL : 5.00 PCS,5
LB1004,,ER BOX MIE LIDI MIX 330gr,Snack,,,BALL,1.00 BALL : 1.00 BALL,1.00 BALL : 5.00 PCS,5
LB1381,,ER MAKARONI SPIRAL BALADO KECIL,Snack,,,BALL,1.00 BALL : 1.00 BALL,1.00 BALL : 10.00 PCS,10
LB1383,,ER MAKARONI SPIRAL BBQ KECIL,Snack,,,BALL,1.00 BALL : 1.00 BALL,1.00 BALL : 10.00 PCS,10
LB0119,,ER MAKARONI SPIRAL BESAR BALADO,Snack,,,BALL,1.00 BALL : 1.00 BALL,1.00 BALL : 10.00 PCS,10
LB0120,5800120,ER MAKARONI SPIRAL KECIL ORIGINAL,Snack,ER SNACK,DANANG IMAM SANTOSO,BALL,1.00 BALL : 1.00 BALL,1.00 BALL : 10.00 PCS,10
LB1384,,ER MAKARONI SPIRAL PEDAS BESAR,Snack,,,BALL,1.00 BALL : 1.00 BALL,1.00 BALL : 10.00 PCS,10
LB1382,,ER MAKARONI SPIRAL PEDAS KECIL,Snack,,,BALL,1.00 BALL : 1.00 BALL,1.00 BALL : 10.00 PCS,10
LB1387,,ER MAKARONI USUS BALADO KECIL,Snack,,,BALL,1.00 BALL : 1.00 BALL,1.00 BALL : 10.00 PCS,10
LB1391,,ER MAKARONI USUS BBQ BESAR,Snack,,,BOX,1.00 BOX : 1.00 BOX,1.00 BOX : 10.00 PCS,10
LB1389,,ER MAKARONI USUS BBQ KECIL,Snack,,,BOX,1.00 BOX : 1.00 BOX,1.00 BOX : 10.00 PCS,10
LB0117,5800117,ER MAKARONI USUS BESAR BALADO,Snack,ER SNACK,DANANG IMAM SANTOSO,BALL,1.00 BALL : 1.00 BALL,1.00 BALL : 10.00 PCS,10
LB0118,,ER MAKARONI USUS KECIL ORIGINAL,Snack,,,BALL,1.00 BALL : 1.00 BALL,1.00 BALL : 10.00 PCS,10
LB1390,,ER MAKARONI USUS PEDAS BESAR,Snack,,,BOX,1.00 BOX : 1.00 BOX,1.00 BOX : 10.00 PCS,10
LB1388,,ER MAKARONI USUS PEDAS KECIL,Snack,,,BALL,1.00 BALL : 1.00 BALL,1.00 BALL : 10.00 PCS,10
LB1392,5801392,ER MIE LIDI BALADO KECIL,Snack,ER SNACK,DANANG IMAM SANTOSO,BALL,1.00 BALL : 1.00 BALL,1.00 BALL : 10.00 PCS,10
LB1394,5801394,ER MIE LIDI BBQ KECIL,Snack,ER SNACK,DANANG IMAM SANTOSO,BALL,1.00 BALL : 1.00 BALL,1.00 BALL : 10.00 PCS,10
LB0121,5800121,ER MIE LIDI BESAR BALADO,Snack,ER SNACK,DANANG IMAM SANTOSO,BALL,1.00 BALL : 1.00 BALL,1.00 BALL : 10.00 PCS,10
LB2237,,ER MIE LIDI BESAR BBQ,Snack,,,BALL,1.00 BALL : 1.00 BALL,1.00 BALL : 10.00 PCS,10
LB0122,5800122,ER MIE LIDI KECIL ORIGINAL,Snack,ER SNACK,DANANG IMAM SANTOSO,BALL,1.00 BALL : 1.00 BALL,1.00 BALL : 10.00 PCS,10
LB1426,,ER MIE LIDI PEDAS BESAR,Snack,,,BOX,1.00 BOX : 1.00 BOX,1.00 BOX : 10.00 PCS,10
LB1393,5801393,ER MIE LIDI PEDAS KECIL,Snack,ER SNACK,DANANG IMAM SANTOSO,BALL,1.00 BALL : 1.00 BALL,1.00 BALL : 10.00 PCS,10
LB6592,,ESKRIM TOPING NEAPOLITAN,Konsinyasi,,,DUS,1.00 DUS : 1.00 DUS,1.00 DUS : 150.00 PCS,150
LB6591,,ESKRIM TOPING VANILLA,Konsinyasi,,,DUS,1.00 DUS : 1.00 DUS,1.00 DUS : 150.00 PCS,150
LB5125,,EXTRAJOSS ACTIVE 4GR,Sembako,,,BOX,1.00 BOX : 1.00 BOX,1.00 BOX : 12.00 PCS,12
LB0126,8992761002039,FANTA,Minuman,COCA COLA,PRASETYO PAMBUDI,BOX,1.00 BOX : 1.00 BOX,1.00 BOX : 12.00 PCS,12
LB6661,,FANTA FRUIT PUNCH 1L,Seasonal,,,BOX,1.00 BOX : 1.00 BOX,1.00 BOX : 12.00 PCS,12
LB6657,,FANTA STROBERI 1L,Seasonal,,,BOX,1.00 BOX : 1.00 BOX,1.00 BOX : 12.00 PCS,12
LB0960,,FANTASY APEL,Konsinyasi,,,BOX,1.00 BOX : 1.00 BOX,1.00 BOX : 36.00 PCS,36
LB0959,,FANTASY JERUK,Konsinyasi,,,BOX,1.00 BOX : 1.00 BOX,1.00 BOX : 36.00 PCS,36
LB0958,,FANTASY LECI,Konsinyasi,,,BOX,1.00 BOX : 1.00 BOX,1.00 BOX : 36.00 PCS,36
LB0956,,FANTASY STRAWBERRY NANAS,Konsinyasi,,,BOX,1.00 BOX : 1.00 BOX,1.00 BOX : 36.00 PCS,36
LB0955,,FANTASY SUSU COKLAT,Konsinyasi,,,BOX,1.00 BOX : 1.00 BOX,1.00 BOX : 36.00 PCS,36
LB5154,,FERMIPAN 44GR,Sembako,,,PACK,1.00 PACK : 1.00 PACK,1.00 PACK : 4.00 PCS,4
LB5813,8997219760592,FESTIVAL BALADO 200GR,Snack,CV PUTRA SINAR TERANG,PRASETYO PAMBUDI,DUS,1.00 DUS : 1.00 DUS,1.00 DUS : 10.00 PCS,10
LB0904,,FESTIVAL CEREAL RASA COKELAT 250gr,Seasonal,,,BOX,1.00 BOX : 1.00 BOX,1.00 BOX : 10.00 PCS,10
LB3850,,FIBE MINI 100ml,Minuman,,,BOX,1.00 BOX : 1.00 BOX,1.00 BOX : 24.00 PCS,24
LB0281,8993207571683,FIESTA FRENCH FRIES 500gr,Frozen food,PT JERINDO JAYA ABADI,PRASETYO PAMBUDI,PCS,1.00 PCS : 1.00 PCS,1.00 PCS : 1.00 PCS,1
LB3385,,FIESTA READY TO GO BAKSO BBQ,Frozen food,,,PACK,1.00 PACK : 1.00 PACK,1.00 PACK : 12.00 PCS,12
LB3384,,FIESTA READY TO GO SIOMAY,Frozen food,,,PACK,1.00 PACK : 1.00 PACK,1.00 PACK : 12.00 PCS,12
LB7042,8993207230313,FIESTA READY TO GO SPICY KOREAN SAUCE,Frozen food,REJEKI PANGAN SUKSES,PRASETYO PAMBUDI,PACK,1.00 PACK : 1.00 PACK,1.00 PACK : 12.00 PCS,12
LB2672,8993207223131,FIESTA SOSIS READY TO GO ORIGINAL,Frozen food,REJEKI PANGAN SUKSES,PRASETYO PAMBUDI,PACK,1.00 PACK : 1.00 PACK,1.00 PACK : 12.00 PCS,12
LB1633,8992826211017,FILMA MARGARIN 200GR,Sembako,CV MITRA SEJATI DISTRIBUSI,EKO SUYANTO,PCS,1.00 PCS : 1.00 PCS,1.00 PCS : 1.00 PCS,1
LB0127,,FITBAR CHOCO DELIGHT 22GR,Snack,,,BOX,1.00 BOX : 1.00 BOX,1.00 BOX : 12.00 PCS,12
LB0128,,FITBAR FRUITS DELIGHT 22GR,Snack,,,BOX,1.00 BOX : 1.00 BOX,1.00 BOX : 12.00 PCS,12
LB2313,,FITBAR TIRAMISU DELIGHT 22GR,Snack,,,BOX,1.00 BOX : 1.00 BOX,1.00 BOX : 12.00 PCS,12
LB6206,8992982800315,FLOATY ORI 60gr,Snack,CV ANDHIKA,PRASETYO PAMBUDI,DUS,1.00 DUS : 1.00 DUS,1.00 DUS : 40.00 PCS,40
LB6928,18992982800497,FLOATY TERSERAH 60gr,Snack,CV ANDHIKA,PRASETYO PAMBUDI,DUS,1.00 DUS : 1.00 DUS,1.00 DUS : 40.00 PCS,40
LB0129,8998866202923,FLORIDINA COCO,Minuman,PT INTI NIAGA PRANASARI BJN,ADITYA,BOX,1.00 BOX : 1.00 BOX,1.00 BOX : 12.00 PCS,12
LB0852,8998866500708,FLORIDINA ORANGE,Minuman,PT INTI NIAGA PRANASARI BJN,ADITYA,BOX,1.00 BOX : 1.00 BOX,1.00 BOX : 12.00 PCS,12
LB1639,8992946520587,FORVITA MARGARINE 200GR,Sembako,UD BINTANG ANUGRAH,M MUJAHIDIN,PCS,1.00 PCS : 1.00 PCS,1.00 PCS : 1.00 PCS,1
LB0130,8886013223207,FRENCH FRIES,Snack,PT. Semestanustra Distrindo,M KHOIRUL UMAM,BOX,1.00 BOX : 1.00 BOX,1.00 BOX : 20.00 PCS,20
LB4642,8994834003950,FRENCH FRIES 15GR,Snack,PT. Semestanustra Distrindo,M KHOIRUL UMAM,DUS,1.00 DUS : 1.00 DUS,1.00 DUS : 60.00 PCS,60
LB0886,,FRENCH FRIES LEVEL 3 60GR,Snack,,,BOX,1.00 BOX : 1.00 BOX,1.00 BOX : 20.00 PCS,20
LB4650,,FRESHCARE GREEN TEA 10ML,Kebutuhan,,,BOX,1.00 BOX : 1.00 BOX,1.00 BOX : 12.00 PCS,12
LB4649,,FRESHCARE HOT STRONG 10ML,Kebutuhan,,,BOX,1.00 BOX : 1.00 BOX,1.00 BOX : 12.00 PCS,12
LB0134,,FRESHTEA MADU,Minuman,,,BOX,1.00 BOX : 1.00 BOX,1.00 BOX : 12.00 PCS,12
LB0135,,FRESHTEA MARKISA,Minuman,,,BOX,1.00 BOX : 1.00 BOX,1.00 BOX : 12.00 PCS,12
LB0131,8992761166212,FRESTEA APEL + LEMONGRASS,Minuman,COCA COLA,PRASETYO PAMBUDI,BOX,1.00 BOX : 1.00 BOX,1.00 BOX : 12.00 PCS,12
LB0853,8992761166052,FRESTEA MELATI + LECI,Minuman,COCA COLA,PRASETYO PAMBUDI,BOX,1.00 BOX : 1.00 BOX,1.00 BOX : 12.00 PCS,12
LB0137,8992753182008,FRISIAN FLAG 110 MILKY COKLAT,Minuman,CV. TRIJAYA SENTOSA - BOJONEGORO,EKO SUYANTO,BOX,1.00 BOX : 1.00 BOX,1.00 BOX : 36.00 PCS,36
LB0138,8992753184002,FRISIAN FLAG 110 MILKY STRAWBERI,Minuman,CV. TRIJAYA SENTOSA - BOJONEGORO,EKO SUYANTO,BOX,1.00 BOX : 1.00 BOX,1.00 BOX : 36.00 PCS,36
LB0139,8992753182206,FRISIAN FLAG 180 MILKY COKLAT,Minuman,CV. TRIJAYA SENTOSA - BOJONEGORO,EKO SUYANTO,BOX,1.00 BOX : 1.00 BOX,1.00 BOX : 36.00 PCS,36
LB0140,8992753184200,FRISIAN FLAG 180 MILKY STRAWBERI,Minuman,CV. TRIJAYA SENTOSA - BOJONEGORO,EKO SUYANTO,BOX,1.00 BOX : 1.00 BOX,1.00 BOX : 36.00 PCS,36
LB0141,8992753700103,FRISIAN FLAG 225 COCONUT DELIGTH,Minuman,CV. TRIJAYA SENTOSA - BOJONEGORO,EKO SUYANTO,BOX,1.00 BOX : 1.00 BOX,1.00 BOX : 36.00 PCS,36
LB0142,,FRISIAN FLAG 225 FULL CREAM,Minuman,,,BOX,1.00 BOX : 1.00 BOX,1.00 BOX : 36.00 PCS,36
LB0143,,FRISIAN FLAG 225 KACANG HIJAU,Minuman,,,BOX,1.00 BOX : 1.00 BOX,1.00 BOX : 36.00 PCS,36
LB0144,,FRISIAN FLAG 225 KETAN HITAM,Minuman,,,BOX,1.00 BOX : 1.00 BOX,1.00 BOX : 36.00 PCS,36
LB0145,8992753033737,FRISIAN FLAG 225 STRAWBERI,Minuman,CV. TRIJAYA SENTOSA - BOJONEGORO,EKO SUYANTO,BOX,1.00 BOX : 1.00 BOX,1.00 BOX : 36.00 PCS,36
LB0891,,FRISIAN FLAG 225 SWEET DELIGHT,Minuman,,,BOX,1.00 BOX : 1.00 BOX,1.00 BOX : 36.00 PCS,36
LB0146,8992753033720,FRISIAN FLAG 225 SWISS CHOCO,Minuman,CV. TRIJAYA SENTOSA - BOJONEGORO,EKO SUYANTO,BOX,1.00 BOX : 1.00 BOX,1.00 BOX : 36.00 PCS,36
LB0147,8992753102204,FRISIAN FLAG KALENG COKLAT,Minuman,CV. TRIJAYA SENTOSA - BOJONEGORO,EKO SUYANTO,PCS,1.00 PCS : 1.00 PCS,1.00 PCS : 1.00 PCS,1
LB0148,8992753101207,FRISIAN FLAG KALENG PUTIH,Minuman,CV. TRIJAYA SENTOSA - BOJONEGORO,EKO SUYANTO,PCS,1.00 PCS : 1.00 PCS,1.00 PCS : 1.00 PCS,1
LB0597,,FRISIAN FLAG POUCH 545ml COKLAT,Minuman,,,PCS,1.00 PCS : 1.00 PCS,1.00 PCS : 1.00 PCS,1
LB0617,,FRISIAN FLAG POUCH 545ml PUTIH,Minuman,,,PCS,1.00 PCS : 1.00 PCS,1.00 PCS : 1.00 PCS,1
LB0424,8992753721580,FRISIAN FLAG POUCH COKLAT 240gr,Minuman,CV. TRIJAYA SENTOSA - BOJONEGORO,EKO SUYANTO,PCS,1.00 PCS : 1.00 PCS,1.00 PCS : 1.00 PCS,1
LB5366,8992753721597,FRISIAN FLAG POUCH CREAMY KENTAL MANIS 240GR,Minuman,CV. TRIJAYA SENTOSA - BOJONEGORO,EKO SUYANTO,PCS,1.00 PCS : 1.00 PCS,1.00 PCS : 1.00 PCS,1
LB0787,,FRISIAN FLAG POUCH PUTIH 260gr,Minuman,,,PCS,1.00 PCS : 1.00 PCS,1.00 PCS : 1.00 PCS,1
LB1817,8992753031894,FRISIAN FLAG PUTIH KENTAL MANIS RENTENG 37GR,Sembako,CV. TRIJAYA SENTOSA - BOJONEGORO,EKO SUYANTO,PACK,1.00 PACK : 1.00 PACK,1.00 PACK : 1.00 PACK,1
LB2180,8992753102303,FRISIAN FLAG RENTENG COKLAT 37GR,Sembako,CV. TRIJAYA SENTOSA - BOJONEGORO,EKO SUYANTO,PACK,1.00 PACK : 1.00 PACK,1.00 PACK : 1.00 PACK,1
LB0961,,FROZEN,Konsinyasi,,,BOX,1.00 BOX : 1.00 BOX,1.00 BOX : 36.00 PCS,36
LB3750,,FROZEN OBRAL,Frozen food,,,PCS,1.00 PCS : 1.00 PCS,1.00 PCS : 1.00 PCS,1
LB0149,8996006858085,FRUIT TEA APPLE,Minuman,COCA COLA,PRASETYO PAMBUDI,BOX,1.00 BOX : 1.00 BOX,1.00 BOX : 12.00 PCS,12
LB0150,8996006858160,FRUIT TEA BLACKCURRANT,Minuman,COCA COLA,PRASETYO PAMBUDI,BOX,1.00 BOX : 1.00 BOX,1.00 BOX : 12.00 PCS,12
LB1119,,FRUIT TEA FREEZE,Minuman,,,BOX,1.00 BOX : 1.00 BOX,1.00 BOX : 12.00 PCS,12
LB1132,,FRUIT TEA LEMON,Minuman,,,BOX,1.00 BOX : 1.00 BOX,1.00 BOX : 12.00 PCS,12
LB0732,,FRUIT TEA MARKISA,Minuman,,,BOX,1.00 BOX : 1.00 BOX,1.00 BOX : 12.00 PCS,12
LB1077,,FRUIT TEA STRAWBERRY,Minuman,,,BOX,1.00 BOX : 1.00 BOX,1.00 BOX : 12.00 PCS,12
LB0152,,GALIPAT KRUPUK KENTANG,Snack,,,BALL,1.00 BALL : 1.00 BALL,1.00 BALL : 10.00 PCS,10
LB0151,,GALIPAT KRUPUK TENGIRI,Snack,,,BALL,1.00 BALL : 1.00 BALL,1.00 BALL : 10.00 PCS,10
LB0153,,GALIPAT STIK BAWANG,Snack,,,BALL,1.00 BALL : 1.00 BALL,1.00 BALL : 10.00 PCS,10
LB0154,,GALIPAT STIK TAHU,Snack,,,BALL,1.00 BALL : 1.00 BALL,1.00 BALL : 10.00 PCS,10
LB0115,5800115,GALON KONSUMSI,Oprasional,AMDK,M ROISUL ANAM,PCS,1.00 PCS : 1.00 PCS,1.00 PCS : 1.00 PCS,1
LB6240,8994063102790,GANDARIA EP600,Sembako,PT ANUGERAH PRIMA MANUNGGAL,ADITYA,DUS,1.00 DUS : 1.00 DUS,1.00 DUS : 12.00 PCS,12
LB6241,8994063102806,GANDARIA EPB600,Sembako,PT ANUGERAH PRIMA MANUNGGAL,ADITYA,DUS,1.00 DUS : 1.00 DUS,1.00 DUS : 24.00 PCS,24
LB0776,,GAPIT CAP BINTANG,Snack,,,BOX,1.00 BOX : 1.00 BOX,1.00 BOX : 14.00 PCS,14
LB0830,5800830,GAPIT GULUNG BOLO DEWE,Grosir,BOLO DEWE,SITI THOIRUL MAQULAH,BOX,1.00 BOX : 1.00 BOX,1.00 BOX : 20.00 PCS,20
LB7596,5807596,GAPIT JOWO,Grosir,GAPIT JOWO,SITI THOIRUL MAQULAH,DUS,1.00 DUS : 1.00 DUS,1.00 DUS : 20.00 PCS,20
LB0848,5800848,GAPIT KETAN KELAPA MUDA 100GR,Snack,DARWANTO,DANANG IMAM SANTOSO,DUS,1.00 DUS : 1.00 DUS,1.00 DUS : 18.00 PCS,18
LB0849,5800849,GAPIT KETAN KELAPA MUDA 90GR,Snack,DARWANTO,DANANG IMAM SANTOSO,DUS,1.00 DUS : 1.00 DUS,1.00 DUS : 18.00 PCS,18
LB0354,,GAPIT KETAN MANEKO RAOS,Snack,,,BALL,1.00 BALL : 1.00 BALL,1.00 BALL : 10.00 PCS,10
LB0156,5800156,GAPIT LINTING KELAPA MUDA BESAR,Snack,DARWANTO,DANANG IMAM SANTOSO,BOX,1.00 BOX : 1.00 BOX,1.00 BOX : 12.00 PCS,12
LB0157,5800157,GAPIT LINTING KELAPA MUDA KECIL,Snack,DARWANTO,DANANG IMAM SANTOSO,BOX,1.00 BOX : 1.00 BOX,1.00 BOX : 15.00 PCS,15
LB2173,,GARAM CAP AYAM 250GR,Sembako,,,BALL,1.00 BALL : 1.00 BALL,1.00 BALL : 20.00 PCS,20
LB2178,8993111212504,GARAM CAP JEMPOL 250GR,Sembako,PT. UNICHELL MAKMUR INDONESIA,AGUS PURNOMO,BALL,1.00 BALL : 1.00 BALL,1.00 BALL : 20.00 PCS,20
LB2179,8993111215000,GARAM CAP JEMPOL 500GR,Sembako,PT. UNICHELL MAKMUR INDONESIA,AGUS PURNOMO,BALL,1.00 BALL : 1.00 BALL,1.00 BALL : 20.00 PCS,20
LB2671,8991045124559,GARAM CAP SEGI TIGA G 250 GRAM,Sembako,UD BINTANG ANUGRAH,M MUJAHIDIN,BALL,1.00 BALL : 1.00 BALL,1.00 BALL : 20.00 PCS,20
LB1911,,GARAM CERDIK 250GR,Sembako,,,BALL,1.00 BALL : 1.00 BALL,1.00 BALL : 20.00 PCS,20
LB1991,,GARAM GARAMI 200GR,Sembako,,,BALL,1.00 BALL : 1.00 BALL,1.00 BALL : 20.00 PCS,20
LB1632,8993111112507,GARAM KAPAL 250GR,Sembako,PT SUBUR MITRA SUKSES,AGUS PURNOMO,BALL,1.00 BALL : 1.00 BALL,1.00 BALL : 20.00 PCS,20
LB1700,8993111115003,GARAM KAPAL 500GR,Sembako,PT SUBUR MITRA SUKSES,AGUS PURNOMO,BALL,1.00 BALL : 1.00 BALL,1.00 BALL : 20.00 PCS,20
LB8117,,GARDENIA GLOW 9ML,Kebutuhan,,,DUS,1.00 DUS : 1.00 DUS,1.00 DUS : 48.00 PCS,48
LB7852,8991380700029,GARNIER BRIGHT COMPLETE FACE WASH 100ML,Kebutuhan,PT UNIRAMA DUTA NIAGA,ADITYA,PCS,1.00 PCS : 1.00 PCS,1.00 PCS : 1.00 PCS,1
LB7884,8992304015298,GARNIER MEN ACNOFIGHT 100ML,Kebutuhan,PT UNIRAMA DUTA NIAGA,ADITYA,PCS,1.00 PCS : 1.00 PCS,1.00 PCS : 1.00 PCS,1
LB7885,8992304099167,GARNIER MEN OILCONTROL 100ML,Kebutuhan,PT UNIRAMA DUTA NIAGA,ADITYA,PCS,1.00 PCS : 1.00 PCS,1.00 PCS : 1.00 PCS,1
LB7853,8992304047152,GARNIER SAKURA GLOW FACE WASH 100ML,Kebutuhan,PT UNIRAMA DUTA NIAGA,ADITYA,PCS,1.00 PCS : 1.00 PCS,1.00 PCS : 1.00 PCS,1
LB4588,,GAS LPG 3KG,Sembako,,,PCS,1.00 PCS : 1.00 PCS,1.00 PCS : 1.00 PCS,1
LB5116,,GATSBY HYPER SOLID LEVEL 7 5GR,Kebutuhan,,,PACK,1.00 PACK : 1.00 PACK,1.00 PACK : 24.00 PCS,24
LB5652,,GAYUNG BUAH CALISTA,Kebutuhan,,,PCS,1.00 PCS : 1.00 PCS,1.00 PCS : 1.00 PCS,1
LB4959,,GELAS OLALA TUTUL 200ML,Kebutuhan,,,PACK,1.00 PACK : 1.00 PACK,1.00 PACK : 1.00 PACK,1
LB7658,,GEMEZ ENAAK 22GR,Snack,,,DUS,1.00 DUS : 1.00 DUS,1.00 DUS : 60.00 PCS,60
LB4641,8992775005132,GERY SEREAL PILLOW COKLAT 24GR,Snack,CV LANGGENG JAYA SENTOSA,M MUJAHIDIN,DUS,1.00 DUS : 1.00 DUS,1.00 DUS : 60.00 PCS,60
LB0775,,GETHUK LONDO ANEKA RASA,Konsinyasi,,,PCS,1.00 PCS : 1.00 PCS,1.00 PCS : 1.00 PCS,1
LB0774,,GETHUK LONDO ORIGINAL,Konsinyasi,,,PCS,1.00 PCS : 1.00 PCS,1.00 PCS : 1.00 PCS,1
LB4141,,GETHUK LONDO ORIGINAL 250GR,Frozen food,,,PCS,1.00 PCS : 1.00 PCS,1.00 PCS : 1.00 PCS,1
LB4691,,GILLETTE BLUE 2 FLEXI,Kebutuhan,,,PCS,1.00 PCS : 1.00 PCS,1.00 PCS : 1.00 PCS,1
LB7903,8998866609777,GIV WHITE BENGKUANG 400ML,Kebutuhan,PT INTI NIAGA PRANASARI BJN,ADITYA,PCS,1.00 PCS : 1.00 PCS,1.00 PCS : 1.00 PCS,1
LB7900,4897144700936,GLAD2GLOW GLYCOLIC ACID 70g,Kebutuhan,PT UNIRAMA DUTA NIAGA,ADITYA,PCS,1.00 PCS : 1.00 PCS,1.00 PCS : 1.00 PCS,1
LB7901,4897144700929,GLAD2GLOW NIACINAMIDE 70g,Kebutuhan,PT UNIRAMA DUTA NIAGA,ADITYA,PCS,1.00 PCS : 1.00 PCS,1.00 PCS : 1.00 PCS,1
LB5049,,GLOW & LOVELY CREAM 7.5GR,Kebutuhan,,,RENTENG,1.00 RENTENG : 1.00 RENTENG,1.00 RENTENG : 12.00 PCS,12
LB5117,,GLOW & LOVELY FACIAL FOAM 8GR,Kebutuhan,,,RENTENG,1.00 RENTENG : 1.00 RENTENG,1.00 RENTENG : 12.00 PCS,12
LB0420,,GO NAGET IKAN KAKI NAGA 500gr,Frozen food,,,PCS,1.00 PCS : 1.00 PCS,1.00 PCS : 1.00 PCS,1
LB4977,8997019860539,GO OTAK-OTAK 500GR,Frozen food,CHEKER TATUL,PRASETYO PAMBUDI,PCS,1.00 PCS : 1.00 PCS,1.00 PCS : 1.00 PCS,1
LB0823,,GO SOSIS IKAN GULUNG MIE 500gr,Frozen food,,,PCS,1.00 PCS : 1.00 PCS,1.00 PCS : 1.00 PCS,1
LB3059,,GOLD BULLION FRYMASTA 15kg,Sembako,,,BOX,1.00 BOX : 1.00 BOX,1.00 BOX : 1.00 BOX,1
LB1973,8998866202893,GOLDA COFFE CAPUCINO 200ML,Minuman,PT INTI NIAGA PRANASARI BJN,ADITYA,BOX,1.00 BOX : 1.00 BOX,1.00 BOX : 12.00 PCS,12
LB0159,8998866201841,GOLDA COFFE DOLCA LATTE,Minuman,PT INTI NIAGA PRANASARI BJN,ADITYA,BOX,1.00 BOX : 1.00 BOX,1.00 BOX : 12.00 PCS,12
LB3195,,GOLDEN BROWN PERISA PANDAN PASTA 100ml,Sembako,,,PCS,1.00 PCS : 1.00 PCS,1.00 PCS : 1.00 PCS,1
LB3187,,GOLDEN BROWN PERISA RED VELVET DAN PEWARNA 100ml,Sembako,,,PCS,1.00 PCS : 1.00 PCS,1.00 PCS : 1.00 PCS,1
LB3186,,GOLDEN BROWN PERISA TALAS PASTA 100ml,Sembako,,,PCS,1.00 PCS : 1.00 PCS,1.00 PCS : 1.00 PCS,1
LB0160,,GOOD DAY AVOCADO,Minuman,,,BOX,1.00 BOX : 1.00 BOX,1.00 BOX : 24.00 PCS,24
LB7975,,GOOD DAY CAPPUCCINO 250GR,Sembako,,,DUS,1.00 DUS : 1.00 DUS,1.00 DUS : 12.00 PCS,12
LB0161,8991002121010,GOOD DAY FANTASTIC MOCACINO,Minuman,PT FASTRATA BUANA,PRASETYO PAMBUDI,BOX,1.00 BOX : 1.00 BOX,1.00 BOX : 24.00 PCS,24
LB0162,8991002121089,GOOD DAY ORIGINAL CAPUCINO,Minuman,PT FASTRATA BUANA,PRASETYO PAMBUDI,BOX,1.00 BOX : 1.00 BOX,1.00 BOX : 24.00 PCS,24
LB0163,,GOOD DAY TIRAMISU,Minuman,,,BOX,1.00 BOX : 1.00 BOX,1.00 BOX : 24.00 PCS,24
LB8151,,GORIORIO VANILLA,Snack,,,DUS,1.00 DUS : 1.00 DUS,1.00 DUS : 12.00 PACK,12
LB4688,8992806163435,GOSOKAN SERABUT SCOTCH BRITE,Kebutuhan,PT. INDOMARCO ADI PRIMA,MIFTAKHUR ROZI,RENTENG,1.00 RENTENG : 1.00 RENTENG,1.00 RENTENG : 12.00 PCS,12
LB0064,,GULA HALUS ROSEBRAND 500gr,Sembako,,,BOX,1.00 BOX : 1.00 BOX,1.00 BOX : 20.00 PCS,20
LB3373,,GULA KRISTAL PUTIH BUNGA TEBU 1 KG,Sembako,,,DUS,1.00 DUS : 1.00 DUS,1.00 DUS : 20.00 PCS,20
LB0298,8990007770001,GULA KRISTAL PUTIH KTM 1KG,Sembako,PT SUBUR MITRA SUKSES,MOHAMMAD AMINUDIN,BOX,1.00 BOX : 1.00 BOX,1.00 BOX : 20.00 PCS,20
LB2296,8997013630015,GULA KRISTAL PUTIH PSM 1KG,Sembako,SAKTI SETIA SENTOSA,MOHAMMAD AMINUDIN,BOX,1.00 BOX : 1.00 BOX,1.00 BOX : 20.00 PCS,20
LB2214,58590966,GULA PASIR 1 KG PACK,Sembako,GUNUNG MAS,MOHAMMAD AMINUDIN,BOX,1.00 BOX : 1.00 BOX,1.00 BOX : 15.00 PCS,15
LB1778,5701778,GULA PASIR CURAH,Sembako,GUNUNG MAS,MOHAMMAD AMINUDIN,KG,1.00 KG : 1.00 KG,1.00 KG : 1.00 KG,1
LB0722,,GULA PASIR KEBON AGUNG,Sembako,,,KG,1.00 KG : 1.00 KG,1.00 KG : 1.00 PCS,1
LB4763,,GULA PASIR KTM 500gr,Sembako,,,DUS,1.00 DUS : 1.00 DUS,1.00 DUS : 22.00 PCS,22
LB7833,,GULA PASIR PACK,Sembako,,,BALL,1.00 BALL : 1.00 BALL,1.00 BALL : 15.00 PCS,15
LB0373,,GULA PASIR PROMO,Sembako,,,BOX,1.00 BOX : 1.00 BOX,1.00 BOX : 15.00 PCS,15
LB1086,8993093665480,GULA PASIR ROSEBRAND HIJAU 1KG,Sembako,PT. SUNGAI BUDI,MOHAMMAD AMINUDIN,BOX,1.00 BOX : 1.00 BOX,1.00 BOX : 20.00 PCS,20
LB1143,8993093665497,GULA PASIR ROSEBRAND KUNING 1KG,Sembako,PT. SUNGAI BUDI,MOHAMMAD AMINUDIN,BOX,1.00 BOX : 1.00 BOX,1.00 BOX : 20.00 PCS,20
LB1249,8991663000310,GUNTING,Oprasional,DC PACKAGING,M ROISUL ANAM,PCS,1.00 PCS : 1.00 PCS,1.00 PCS : 1.00 PCS,1
LB4618,,GUNTING KUKU 777 SILVER,Kebutuhan,,,PACK,1.00 PACK : 1.00 PACK,1.00 PACK : 10.00 PCS,10
LB4617,,GUNTING KUKU KECIL LADYPOP,Kebutuhan,,,PACK,1.00 PACK : 1.00 PACK,1.00 PACK : 12.00 PCS,12
LB4600,,GUNTING RENTENG PACMAN,Kebutuhan,,,RENTENG,1.00 RENTENG : 1.00 RENTENG,1.00 RENTENG : 12.00 PCS,12
LB7634,,HAAN CAKE MIX BROWNIS,MATERIAL PRODUKSI,,,KG,1.00 KG : 1.00 KG,1.00 KG : 1000.00 GRAM,1000
LB4805,,HANSAPLAST KAIN ELASTIS,Kebutuhan,,,PACK,1.00 PACK : 1.00 PACK,1.00 PACK : 100.00 PCS,100
LB0949,,HAPPY COW CUP,Konsinyasi,,,DUS,1.00 DUS : 1.00 DUS,1.00 DUS : 18.00 PCS,18
LB0962,,HAPPY COW RAINBOW,Konsinyasi,,,BOX,1.00 BOX : 1.00 BOX,1.00 BOX : 30.00 PCS,30
LB0164,,HAPPY NAPPY SMART PANTS L,Kebutuhan,,,PCS,1.00 PCS : 1.00 PCS,1.00 PCS : 1.00 PCS,1
LB0165,,HAPPY NAPPY SMART PANTS M,Kebutuhan,,,PCS,1.00 PCS : 1.00 PCS,1.00 PCS : 1.00 PCS,1
LB0136,,HAPPY NAPPY SMART PANTS S,Kebutuhan,,,PCS,1.00 PCS : 1.00 PCS,1.00 PCS : 1.00 PCS,1
LB0155,,HAPPY NAPPY SMART PANTS XL,Kebutuhan,,,PCS,1.00 PCS : 1.00 PCS,1.00 PCS : 1.00 PCS,1
LB0110,,HAPPYTOZ BIRU,Snack,,,BOX,1.00 BOX : 1.00 BOX,1.00 BOX : 16.00 PCS,16
LB4679,8993027164041,HAPPYTOZ BIRU ROASTED CORN 140GR,Snack,HAPPYTOZ BRAND,PRASETYO PAMBUDI,BOX,1.00 BOX : 1.00 BOX,1.00 BOX : 16.00 PCS,16
LB4678,8993027163723,HAPPYTOZ HIJAU 140GR,Snack,HAPPYTOZ BRAND,PRASETYO PAMBUDI,BOX,1.00 BOX : 1.00 BOX,1.00 BOX : 16.00 PCS,16
LB4680,8993027164102,HAPPYTOZ HOT CHILI 140GR,Snack,HAPPYTOZ BRAND,PRASETYO PAMBUDI,BOX,1.00 BOX : 1.00 BOX,1.00 BOX : 16.00 PCS,16
LB4677,8993027163914,HAPPYTOZ KUNING NACHO CHEESE 140GR,Snack,HAPPYTOZ BRAND,PRASETYO PAMBUDI,BOX,1.00 BOX : 1.00 BOX,1.00 BOX : 16.00 PCS,16
LB0168,8993027111601,HAPPYTOZ MERAH,Snack,HAPPYTOZ BRAND,PRASETYO PAMBUDI,BOX,1.00 BOX : 1.00 BOX,1.00 BOX : 16.00 PCS,16
LB1410,8993379210854,HARMONY 70gr APPLE FUJI,Kebutuhan,GROSIR,DANANG IMAM SANTOSO,PCS,1.00 PCS : 1.00 PCS,1.00 PCS : 1.00 PCS,1
LB1310,8993379200862,HARMONY 70gr GRAPE SPARKLING,Kebutuhan,GROSIR,DANANG IMAM SANTOSO,PCS,1.00 PCS : 1.00 PCS,1.00 PCS : 1.00 PCS,1
LB1411,,HARMONY 70gr LEMON CITRUS,Kebutuhan,,,PCS,1.00 PCS : 1.00 PCS,1.00 PCS : 1.00 PCS,1
LB1412,8993379200879,HARMONY 70gr MELON HONEYDEW,Kebutuhan,GROSIR,DANANG IMAM SANTOSO,PCS,1.00 PCS : 1.00 PCS,1.00 PCS : 1.00 PCS,1
LB1308,8993379200886,HARMONY 70gr ORANGE SATSUMA,Kebutuhan,GROSIR,DANANG IMAM SANTOSO,PCS,1.00 PCS : 1.00 PCS,1.00 PCS : 1.00 PCS,1
LB1309,8993379200855,HARMONY 70gr STRAWBERRY ALPINE,Kebutuhan,GROSIR,DANANG IMAM SANTOSO,PCS,1.00 PCS : 1.00 PCS,1.00 PCS : 1.00 PCS,1
LB1121,4902430566988,HEAD & SHOULDERS 10ml CLEAN&BALANCED,Kebutuhan,PT. BORWITA CITRA PRIMA,ADITYA,RENTENG,1.00 RENTENG : 1.00 RENTENG,1.00 RENTENG : 1.00 RENTENG,1
LB1050,4902430566896,HEAD & SHOULDERS 10ml MENTHOL,Kebutuhan,PT. BORWITA CITRA PRIMA,ADITYA,RENTENG,1.00 RENTENG : 1.00 RENTENG,1.00 RENTENG : 1.00 RENTENG,1
LB0550,,HEAD& SHOULDERS 160ML CLEAN & BALANCED,Kebutuhan,,,PCS,1.00 PCS : 1.00 PCS,1.00 PCS : 1.00 PCS,1
LB0551,,HEAD&SHOULDERS 160ML MENTHOL,Kebutuhan,,,PCS,1.00 PCS : 1.00 PCS,1.00 PCS : 1.00 PCS,1
LB0545,,HEAD&SHOULDERS 70ML MENTHOL,Kebutuhan,,,PCS,1.00 PCS : 1.00 PCS,1.00 PCS : 1.00 PCS,1
LB0963,,HEART,Konsinyasi,,,BOX,1.00 BOX : 1.00 BOX,1.00 BOX : 20.00 PCS,20
LB4219,8994504102310,HELLO PANDA CHOCO 42GR,Snack,PT SUKANDA DJAYA,MOHAMMAD AMINUDIN,PACK,1.00 PACK : 1.00 PACK,1.00 PACK : 10.00 PCS,10
LB5126,,HEMAVITON JRENG 3.3GR,Sembako,,,BOX,1.00 BOX : 1.00 BOX,1.00 BOX : 10.00 PCS,10
LB0571,,HERS PROTEX EXTRA SOFT 10 PADS 23CM,Kebutuhan,,,PCS,1.00 PCS : 1.00 PCS,1.00 PCS : 1.00 PCS,1
LB5004,8998866500340,HERS PROTEX NON WINGS EXTRA MAXI 1 PAD,Kebutuhan,PT INTI NIAGA PRANASARI,AGUS PURNOMO,RENTENG,1.00 RENTENG : 1.00 RENTENG,1.00 RENTENG : 10.00 PCS,10
LB5003,8998866500357,HERS PROTEX WINGS EXTRA SOFT 1 PAD,Kebutuhan,PT INTI NIAGA PRANASARI,AGUS PURNOMO,RENTENG,1.00 RENTENG : 1.00 RENTENG,1.00 RENTENG : 10.00 PCS,10
LB5913,,HIT ELEKTRIK EKONOMIS + ISI CLASSIC,Kebutuhan,,,PCS,1.00 PCS : 1.00 PCS,1.00 PCS : 1.00 PCS,1
LB5914,,HIT ELEKTRIK EKTRA POWER + ISI FRESH,Kebutuhan,,,PCS,1.00 PCS : 1.00 PCS,1.00 PCS : 1.00 PCS,1
LB5915,,HIT EXPRESS REFILL APPLE 35ML,Kebutuhan,,,PCS,1.00 PCS : 1.00 PCS,1.00 PCS : 1.00 PCS,1
LB5909,,HIT LILY BLOSSOM 400+40ML,Kebutuhan,,,PCS,1.00 PCS : 1.00 PCS,1.00 PCS : 1.00 PCS,1
LB5908,,HIT LILY BLOSSOM 600+50ML,Kebutuhan,,,PCS,1.00 PCS : 1.00 PCS,1.00 PCS : 1.00 PCS,1
LB5912,,HIT MAT REFILL ISI 18+12 CLASSIC,Kebutuhan,,,PACK,1.00 PACK : 1.00 PACK,1.00 PACK : 1.00 PACK,1
LB5911,,HIT MAT REFILL ISI 18+12 GREEN TEA,Kebutuhan,,,PACK,1.00 PACK : 1.00 PACK,1.00 PACK : 1.00 PACK,1
LB5902,,HIT ORANGE 600+50ML,Kebutuhan,,,PCS,1.00 PCS : 1.00 PCS,1.00 PCS : 1.00 PCS,1
LB5617,,HOHO SOSIS AYAM 500gr,Frozen food,,,PCS,1.00 PCS : 1.00 PCS,1.00 PCS : 1.00 PCS,1
LB1301,8992696428300,HONEY STAR COMBO,Snack,PANCA BAKTI MULIA,M ROISUL ANAM,PCS,1.00 PCS : 1.00 PCS,1.00 PCS : 1.00 PCS,1
LB0096,,HONEYMON 330ML,Minuman,,,BOX,1.00 BOX : 1.00 BOX,1.00 BOX : 24.00 PCS,24
LB5038,,HORIZON DIMSUM KAICAK,Frozen food,,,PCS,1.00 PCS : 1.00 PCS,1.00 PCS : 1.00 PCS,1
LB5039,,HORIZON DIMSUM MIX,Frozen food,,,PCS,1.00 PCS : 1.00 PCS,1.00 PCS : 1.00 PCS,1
LB5037,,HORIZON DIMSUM SIOMAY AYAM,Frozen food,,,PCS,1.00 PCS : 1.00 PCS,1.00 PCS : 1.00 PCS,1
LB7966,,HSBM BAWANG PUTIH 250gr,Sembako,,,BALL,1.00 BALL : 1.00 BALL,1.00 BALL : 20.00 PCS,20
LB7965,,HSBM BAWANG PUTIH PESTA 250gr,Sembako,,,BALL,1.00 BALL : 1.00 BALL,1.00 BALL : 20.00 PCS,20
LB7968,,HSBM SARI UDANG KECIL 250gr,Sembako,,,BALL,1.00 BALL : 1.00 BALL,1.00 BALL : 20.00 PCS,20
LB7967,,HSBM TERSANJUNG 250gr,Sembako,,,BALL,1.00 BALL : 1.00 BALL,1.00 BALL : 20.00 PCS,20
LB0966,,HULA HULA KACANG HIJAU,Konsinyasi,,,DUS,1.00 DUS : 1.00 DUS,1.00 DUS : 46.00 PCS,46
LB0169,8992858527308,HYDROCOCO,Minuman,CV MITRA SEJATI DISTRIBUSI,DANANG IMAM SANTOSO,BOX,1.00 BOX : 1.00 BOX,1.00 BOX : 24.00 PCS,24
LB0170,89686821086,ICHI OCHA JASMINE,Minuman,PT. INDOMARCO ADI PRIMA,MIFTAKHUR ROZI,BOX,1.00 BOX : 1.00 BOX,1.00 BOX : 24.00 PCS,24
LB2091,,ICHITAN THAI MILK BROWN SUGAR 310ml,Minuman,,,BOX,1.00 BOX : 1.00 BOX,1.00 BOX : 24.00 PCS,24
LB0710,,ICHITAN THAI MILK TEA 310 ml,Minuman,,,BOX,1.00 BOX : 1.00 BOX,1.00 BOX : 24.00 PCS,24
LB2096,,IKAN BABY TUNA,Frozen food,,,KG,1.00 KG : 1.00 KG,1.00 KG : 1.00 KG,1
LB2206,,IKAN BANJAR,Frozen food,,,KG,1.00 KG : 1.00 KG,1.00 KG : 1.00 KG,1
LB2185,,IKAN BEKU OBRAL,Frozen food,,,KG,1.00 KG : 1.00 KG,1.00 KG : 1.00 KG,1
LB2146,,IKAN CAKALANG,Frozen food,,,KG,1.00 KG : 1.00 KG,1.00 KG : 1.00 KG,1
LB2339,,IKAN KAKAP MERAH,Frozen food,,,KG,1.00 KG : 1.00 KG,1.00 KG : 1.00 KG,1
LB2338,,IKAN KERAPU,Frozen food,,,KG,1.00 KG : 1.00 KG,1.00 KG : 1.00 KG,1
LB2092,,IKAN LAYANG,Frozen food,,,KG,1.00 KG : 1.00 KG,1.00 KG : 1.00 KG,1
LB2223,,IKAN SALEM,Frozen food,,,KG,1.00 KG : 1.00 KG,1.00 KG : 1.00 KG,1
LB2101,,IKAN TONGKOL,Frozen food,,,KG,1.00 KG : 1.00 KG,1.00 KG : 1.00 KG,1
LB3344,5803344,ILM TEMPURA 500gr,Frozen food,KRISTA FOOD CEPU,M KHOIRUL UMAM,PCS,1.00 PCS : 1.00 PCS,1.00 PCS : 1.00 PCS,1
LB4816,8992726826229,INACO JELLY DRINK 120 ML RASA BLACKCURRANT,Minuman,PT. Semestanustra Distrindo,M KHOIRUL UMAM,DUS,1.00 DUS : 1.00 DUS,1.00 DUS : 50.00 PCS,50
LB4813,8992726826212,INACO JELLY DRINK 120 ML RASA MANGGA,Minuman,PT. Semestanustra Distrindo,M KHOIRUL UMAM,DUS,1.00 DUS : 1.00 DUS,1.00 DUS : 50.00 PCS,50
LB4818,8992726826205,INACO JELLY DRINK 120 ML RASA STROBERY,Minuman,PT. Semestanustra Distrindo,M KHOIRUL UMAM,DUS,1.00 DUS : 1.00 DUS,1.00 DUS : 50.00 PCS,50
LB5433,,INACO JELLY DRINK 135 ML RASA MANGGA,Minuman,,,DUS,1.00 DUS : 1.00 DUS,1.00 DUS : 60.00 PCS,60
LB5434,,INACO JELLY DRINK 135ML RASA BLACKCURRANT,Minuman,,,DUS,1.00 DUS : 1.00 DUS,1.00 DUS : 60.00 PCS,60
LB5435,,INACO JELLY DRINK 135ML RASA STROBERY,Minuman,,,DUS,1.00 DUS : 1.00 DUS,1.00 DUS : 60.00 PCS,60
LB7600,,INACO NATA DE COCO COCOPANDAN 900gr,Snack,,,DUS,1.00 DUS : 1.00 DUS,1.00 DUS : 12.00 PCS,12
LB5009,,INACO NATA DE COCO CUTTING DUGAN 1000GR,Sembako,,,DUS,1.00 DUS : 1.00 DUS,1.00 DUS : 6.00 PCS,6
LB3606,,INACO PACK EKONOMIS,Snack,,,BALL,1.00 BALL : 1.00 BALL,1.00 BALL : 18.00 PCS,18
LB3607,,INACO PACK JUMBO,Snack,,,BALL,1.00 BALL : 1.00 BALL,1.00 BALL : 12.00 PCS,12
LB1100,,INACO PUDING BOX,Snack,,,BOX,1.00 BOX : 1.00 BOX,1.00 BOX : 12.00 PCS,12
LB1107,,INACO TOPLES,Snack,,,BOX,1.00 BOX : 1.00 BOX,1.00 BOX : 6.00 PCS,6
LB1573,89686440089,INDOFOOD BUMBU GULAI 45GR,Sembako,PT. INDOMARCO ADI PRIMA,MIFTAKHUR ROZI,PCS,1.00 PCS : 1.00 PCS,1.00 PCS : 1.00 PCS,1
LB1581,89686440133,INDOFOOD BUMBU KARE 45GR,Sembako,PT. INDOMARCO ADI PRIMA,MIFTAKHUR ROZI,PCS,1.00 PCS : 1.00 PCS,1.00 PCS : 1.00 PCS,1
LB1578,89686386066,INDOFOOD BUMBU RACIK AYAM GORENG 26GR,Sembako,PT. INDOMARCO ADI PRIMA,MIFTAKHUR ROZI,RENTENG,1.00 RENTENG : 1.00 RENTENG,1.00 RENTENG : 10.00 PCS,10
LB1574,89686386462,INDOFOOD BUMBU RACIK IKAN GORENG,Sembako,PT. INDOMARCO ADI PRIMA,MIFTAKHUR ROZI,RENTENG,1.00 RENTENG : 1.00 RENTENG,1.00 RENTENG : 10.00 PCS,10
LB2172,89686440287,INDOFOOD BUMBU RACIK OPOR AYAM 45GR,Sembako,PT. INDOMARCO ADI PRIMA,MIFTAKHUR ROZI,PCS,1.00 PCS : 1.00 PCS,1.00 PCS : 1.00 PCS,1
LB1580,89686386165,INDOFOOD BUMBU RACIK SAYUR LODEH 25GR,Sembako,PT. INDOMARCO ADI PRIMA,MIFTAKHUR ROZI,RENTENG,1.00 RENTENG : 1.00 RENTENG,1.00 RENTENG : 10.00 PCS,10
LB1577,89686386318,INDOFOOD BUMBU RACIK SAYUR SOP 20GR,Sembako,PT. INDOMARCO ADI PRIMA,MIFTAKHUR ROZI,RENTENG,1.00 RENTENG : 1.00 RENTENG,1.00 RENTENG : 10.00 PCS,10
LB2169,89686440584,INDOFOOD BUMBU RACIK SOTO AYAM 45GR,Sembako,PT. INDOMARCO ADI PRIMA,MIFTAKHUR ROZI,PCS,1.00 PCS : 1.00 PCS,1.00 PCS : 1.00 PCS,1
LB1576,89686386417,INDOFOOD BUMBU RACIK TEMPE GORENG 24GR,Sembako,PT. INDOMARCO ADI PRIMA,MIFTAKHUR ROZI,RENTENG,1.00 RENTENG : 1.00 RENTENG,1.00 RENTENG : 10.00 PCS,10
LB1575,89686440386,INDOFOOD BUMBU RAWON 50GR,Sembako,PT. INDOMARCO ADI PRIMA,MIFTAKHUR ROZI,PCS,1.00 PCS : 1.00 PCS,1.00 PCS : 1.00 PCS,1
LB1579,89686440430,INDOFOOD BUMBU RENDANG 50GR,Sembako,PT. INDOMARCO ADI PRIMA,MIFTAKHUR ROZI,PCS,1.00 PCS : 1.00 PCS,1.00 PCS : 1.00 PCS,1
LB6607,,INDOFOOD FREISH FRAMBOZEN 460ml,Seasonal,,,DUS,1.00 DUS : 1.00 DUS,1.00 DUS : 12.00 PCS,12
LB3264,,INDOFOOD FREISS COCOPANDAN 460ml,Seasonal,,,BOX,1.00 BOX : 1.00 BOX,1.00 BOX : 12.00 PCS,12
LB3263,,INDOFOOD FREISS MELON 460ml,Seasonal,,,BOX,1.00 BOX : 1.00 BOX,1.00 BOX : 12.00 PCS,12
LB1962,,INDOFOOD FREISS SQUASH JERUK 460ml,Seasonal,,,BOX,1.00 BOX : 1.00 BOX,1.00 BOX : 12.00 PCS,12
LB1966,,INDOFOOD FREISS SQUASH LECI 460ml,Seasonal,,,BOX,1.00 BOX : 1.00 BOX,1.00 BOX : 12.00 PCS,12
LB2158,,INDOFOOD KECAP MANIS 520ML,Sembako,,,BOX,1.00 BOX : 1.00 BOX,1.00 BOX : 12.00 PCS,12
LB1572,,INDOFOOD KECAP MANIS REFILL 225ML,Sembako,,,PCS,1.00 PCS : 1.00 PCS,1.00 PCS : 1.00 PCS,1
LB1582,89686386011,INDOFOOD RACIK NASI GORENG 20GR,Sembako,PT. INDOMARCO ADI PRIMA,MIFTAKHUR ROZI,RENTENG,1.00 RENTENG : 1.00 RENTENG,1.00 RENTENG : 10.00 PCS,10
LB1583,89686386110,INDOFOOD RACIK SAYUR ASEM 33GR,Sembako,PT. INDOMARCO ADI PRIMA,MIFTAKHUR ROZI,RENTENG,1.00 RENTENG : 1.00 RENTENG,1.00 RENTENG : 10.00 PCS,10
LB2234,89686400816,INDOFOOD SAMBAL EXTRA PEDAS 135GR,Sembako,PT. INDOMARCO ADI PRIMA,MIFTAKHUR ROZI,PCS,1.00 PCS : 1.00 PCS,1.00 PCS : 1.00 PCS,1
LB1727,89686400854,INDOFOOD SAMBAL EXTRA PEDAS 275GR,Sembako,PT. INDOMARCO ADI PRIMA,MIFTAKHUR ROZI,PCS,1.00 PCS : 1.00 PCS,1.00 PCS : 1.00 PCS,1
LB1640,89686405163,INDOFOOD SAMBAL FRIED CHIKEN 8GR,Sembako,PT. INDOMARCO ADI PRIMA,MIFTAKHUR ROZI,SET,1.00 SET : 1.00 SET,1.00 SET : 1.00 SET,1
LB1585,89686400427,INDOFOOD SAMBAL PEDAS 135ML,Sembako,PT. INDOMARCO ADI PRIMA,MIFTAKHUR ROZI,PCS,1.00 PCS : 1.00 PCS,1.00 PCS : 1.00 PCS,1
LB1584,89686400359,INDOFOOD SAMBAL PEDAS 275ML,Sembako,PT. INDOMARCO ADI PRIMA,MIFTAKHUR ROZI,PCS,1.00 PCS : 1.00 PCS,1.00 PCS : 1.00 PCS,1
LB0441,89686400045,INDOFOOD SAMBAL PEDAS DAHSYAT 135ml,Sembako,PT. INDOMARCO ADI PRIMA,MIFTAKHUR ROZI,PCS,1.00 PCS : 1.00 PCS,1.00 PCS : 1.00 PCS,1
LB0446,89686400038,INDOFOOD SAMBAL PEDAS DAHSYAT 275ml,Sembako,PT. INDOMARCO ADI PRIMA,MIFTAKHUR ROZI,PCS,1.00 PCS : 1.00 PCS,1.00 PCS : 1.00 PCS,1
LB8110,,INDOFOOD SAMBAL PEDAS SACHET 8GR,Sembako,,,DUS,1.00 DUS : 1.00 DUS,1.00 DUS : 14.00 RENTENG,14
LB1571,89686401721,INDOFOOD SAUS TOMAT 135ML,Sembako,PT. INDOMARCO ADI PRIMA,MIFTAKHUR ROZI,PCS,1.00 PCS : 1.00 PCS,1.00 PCS : 1.00 PCS,1
LB1570,89686401745,INDOFOOD SAUS TOMAT 275ML,Sembako,PT. INDOMARCO ADI PRIMA,MIFTAKHUR ROZI,PCS,1.00 PCS : 1.00 PCS,1.00 PCS : 1.00 PCS,1
LB0459,8993007002967,INDOFOOD SUSU KENTAL MANIS TIGA SAPI KALENG 490ml,Minuman,PT. INDOMARCO ADI PRIMA,MIFTAKHUR ROZI,PCS,1.00 PCS : 1.00 PCS,1.00 PCS : 1.00 PCS,1
LB0175,8992702005945,INDOMILK BOTOL COKLAT,Minuman,PT. INDOMARCO ADI PRIMA,MIFTAKHUR ROZI,BOX,1.00 BOX : 1.00 BOX,1.00 BOX : 24.00 PCS,24
LB1076,,INDOMILK BOTOL MELON,Minuman,,,BOX,1.00 BOX : 1.00 BOX,1.00 BOX : 24.00 PCS,24
LB0176,8992702005976,INDOMILK BOTOL STRAWBERRY,Minuman,PT. INDOMARCO ADI PRIMA,MIFTAKHUR ROZI,BOX,1.00 BOX : 1.00 BOX,1.00 BOX : 24.00 PCS,24
LB3023,,INDOMILK FULL CREAM MILK POWDER 25KG,Sembako,,,DUS,1.00 KARUNG : 1.00 KARUNG,1.00 KARUNG : 25.00 KG,25
LB0177,8993007000239,INDOMILK KOTAK COKLAT,Minuman,PT. INDOMARCO ADI PRIMA,MIFTAKHUR ROZI,BOX,1.00 BOX : 1.00 BOX,1.00 BOX : 40.00 PCS,40
LB0178,8993007000253,INDOMILK KOTAK STRAWBERRY,Minuman,PT. INDOMARCO ADI PRIMA,MIFTAKHUR ROZI,BOX,1.00 BOX : 1.00 BOX,1.00 BOX : 40.00 PCS,40
LB6160,,INDOMILK KOTAK VANILA 115ml,Minuman,,,BOX,1.00 BOX : 1.00 BOX,1.00 BOX : 40.00 PCS,40
LB5120,,INSTO TETES MATA REGULER 7.5ML,Kebutuhan,,,PACK,1.00 PACK : 1.00 PACK,1.00 PACK : 12.00 PCS,12
LB3762,,ION WATER 500,Minuman,,,BOX,1.00 BOX : 1.00 BOX,1.00 BOX : 24.00 PCS,24
LB6310,,IPOP WAFER ROLL CHOCOLATE 330G,Seasonal,,,DUS,1.00 DUS : 1.00 DUS,1.00 DUS : 12.00 PCS,12
LB6595,,IPOP WAFER ROLL COOKIES AND CREAM 330G,Seasonal,,,DUS,1.00 DUS : 1.00 DUS,1.00 DUS : 12.00 PCS,12
LB1248,8998838061022,ISI CUTTER,Oprasional,DC PACKAGING,M ROISUL ANAM,PCS,1.00 PCS : 1.00 PCS,1.00 PCS : 1.00 PCS,1
LB1372,,ISI STAPLES BESAR,Oprasional,,,PCS,1.00 PCS : 1.00 PCS,1.00 PCS : 1.00 PCS,1
LB1235,8997019134616,ISI STAPLES KECIL,Oprasional,DC PACKAGING,M ROISUL ANAM,PCS,1.00 PCS : 1.00 PCS,1.00 PCS : 1.00 PCS,1
LB1244,5801244,ISOLASI BESAR,Oprasional,DC PACKAGING,M ROISUL ANAM,PCS,1.00 PCS : 1.00 PCS,1.00 PCS : 1.00 PCS,1
LB4685,,ISOLASI BESAR JL,Kebutuhan,,,PCS,1.00 PCS : 1.00 PCS,1.00 PCS : 1.00 PCS,1
LB1246,5801246,ISOLASI HIJAU,Oprasional,DC PACKAGING,M ROISUL ANAM,PCS,1.00 PCS : 1.00 PCS,1.00 PCS : 1.00 PCS,1
LB1242,,ISOLASI KECIL,Oprasional,,,PACK,1.00 PACK : 1.00 PACK,1.00 PACK : 1.00 PACK,1
LB4689,,ISOLASI KECIL JL,Kebutuhan,,,PACK,1.00 PACK : 1.00 PACK,1.00 PACK : 12.00 PCS,12
LB1243,5801243,ISOLASI TANGGUNG,Oprasional,DC PACKAGING,M ROISUL ANAM,PCS,1.00 PCS : 1.00 PCS,1.00 PCS : 1.00 PCS,1
LB0179,8998866610377,ISOPLUS,Minuman,PT INTI NIAGA PRANASARI BJN,ADITYA,BOX,1.00 BOX : 1.00 BOX,1.00 BOX : 12.00 PCS,12
LB0977,8998866203531,ISOPLUS COCO 350ml,Minuman,PT INTI NIAGA PRANASARI BJN,ADITYA,BOX,1.00 BOX : 1.00 BOX,1.00 BOX : 12.00 PCS,12
LB0180,5800180,IWAK PEYEK UD SUMBER REZEKI,Snack,UD. SUMBER REJEKI (IWAK PEYEK),DANANG IMAM SANTOSO,BALL,1.00 BALL : 1.00 BALL,1.00 BALL : 12.00 PCS,12
LB4635,,J BIDARAN KEJU,Grosir,,,BALL,1.00 BALL : 1.00 BALL,1.00 BALL : 12.00 PCS,12
LB4634,,J KRUPUK KULIT SAPI,Grosir,,,BALL,1.00 BALL : 1.00 BALL,1.00 BALL : 12.00 PCS,12
LB4627,,J KRUPUK TAHU,Grosir,,,BALL,1.00 BALL : 1.00 BALL,1.00 BALL : 12.00 PCS,12
LB4628,,J KRUPUK TENGIRI,Grosir,,,BALL,1.00 BALL : 1.00 BALL,1.00 BALL : 12.00 PCS,12
LB4632,,J MAKARONI ASIN,Grosir,,,BALL,1.00 BALL : 1.00 BALL,1.00 BALL : 12.00 PCS,12
LB4630,,J POTATO BALADO,Grosir,,,BALL,1.00 BALL : 1.00 BALL,1.00 BALL : 12.00 PCS,12
LB4629,,J POTATO GURIH,Grosir,,,BALL,1.00 BALL : 1.00 BALL,1.00 BALL : 12.00 PCS,12
LB4631,,J POTATO JAGUNG MANIS,Grosir,,,BALL,1.00 BALL : 1.00 BALL,1.00 BALL : 12.00 PCS,12
LB4633,,J WIDARAN GETAS MANIS,Grosir,,,BALL,1.00 BALL : 1.00 BALL,1.00 BALL : 12.00 PCS,12
LB0190,5800190,JAMU BERAS KENCUR PACUL PERMAI,Minuman,PACUL PERMAI,SITI THOIRUL MAQULAH,PCS,1.00 PCS : 1.00 PCS,1.00 PCS : 1.00 PCS,1
LB0546,5800546,JAMU BERAS KENCUR PUTRI TANI,Minuman,PUTRI TANI,SITI THOIRUL MAQULAH,PCS,1.00 PCS : 1.00 PCS,1.00 PCS : 1.00 PCS,1
LB1723,5801723,JAMU DJAFFA KITCHEN BERAS KENCUR,Minuman,JAFFA KICTEN,SITI THOIRUL MAQULAH,PCS,1.00 PCS : 1.00 PCS,1.00 PCS : 1.00 PCS,1
LB0189,5800189,JAMU DJAFFA KITCHEN GEPYOK,Minuman,JAFFA KICTEN,SITI THOIRUL MAQULAH,PCS,1.00 PCS : 1.00 PCS,1.00 PCS : 1.00 PCS,1
LB1721,5801721,JAMU DJAFFA KITCHEN KUNYIT ASEM,Minuman,JAFFA KICTEN,SITI THOIRUL MAQULAH,PCS,1.00 PCS : 1.00 PCS,1.00 PCS : 1.00 PCS,1
LB0404,5800404,JAMU DJAFFA KITCHEN SINOM,Minuman,JAFFA KICTEN,SITI THOIRUL MAQULAH,PCS,1.00 PCS : 1.00 PCS,1.00 PCS : 1.00 PCS,1
LB1722,5801722,JAMU DJAFFA KITCHEN SIRIH MANJAKANI,Minuman,JAFFA KICTEN,SITI THOIRUL MAQULAH,PCS,1.00 PCS : 1.00 PCS,1.00 PCS : 1.00 PCS,1
LB1724,,JAMU DJAFFA KITCHEN TEMU LAWAK,Minuman,,,PCS,1.00 PCS : 1.00 PCS,1.00 PCS : 1.00 PCS,1
LB0191,5800191,JAMU GEPYOK PACUL PERMAI,Minuman,PACUL PERMAI,SITI THOIRUL MAQULAH,PCS,1.00 PCS : 1.00 PCS,1.00 PCS : 1.00 PCS,1
LB0547,5800547,JAMU GEPYOK PUTRI TANI,Minuman,PUTRI TANI,SITI THOIRUL MAQULAH,PCS,1.00 PCS : 1.00 PCS,1.00 PCS : 1.00 PCS,1
LB0192,5800192,JAMU KUNCI SIRIH PACUL PERMAI,Minuman,PACUL PERMAI,SITI THOIRUL MAQULAH,PCS,1.00 PCS : 1.00 PCS,1.00 PCS : 1.00 PCS,1
LB0193,5800193,JAMU KUNYIT ASEM PACUL PERMAI,Minuman,PACUL PERMAI,SITI THOIRUL MAQULAH,PCS,1.00 PCS : 1.00 PCS,1.00 PCS : 1.00 PCS,1
LB0548,5800548,JAMU KUNYIT ASEM PUTRI TANI,Minuman,PUTRI TANI,SITI THOIRUL MAQULAH,PCS,1.00 PCS : 1.00 PCS,1.00 PCS : 1.00 PCS,1
LB0196,5800196,JAMU SINOM PACUL PERMAI,Minuman,PACUL PERMAI,SITI THOIRUL MAQULAH,PCS,1.00 PCS : 1.00 PCS,1.00 PCS : 1.00 PCS,1
LB1290,5801290,JAMU SINOM PUTRI TANI,Minuman,PUTRI TANI,SITI THOIRUL MAQULAH,PCS,1.00 PCS : 1.00 PCS,1.00 PCS : 1.00 PCS,1
LB0549,5800549,JAMU SUSU KEDELAI PUTRI TANI,Minuman,PUTRI TANI,SITI THOIRUL MAQULAH,PCS,1.00 PCS : 1.00 PCS,1.00 PCS : 1.00 PCS,1
LB0197,5800197,JAMU TEMULAWAK PACUL PERMAI,Minuman,PACUL PERMAI,SITI THOIRUL MAQULAH,PCS,1.00 PCS : 1.00 PCS,1.00 PCS : 1.00 PCS,1
LB0533,,JARI JARI PUJI RASA,Snack,,,BALL,1.00 BALL : 1.00 BALL,1.00 BALL : 12.00 PCS,12
LB4622,,JARUM JAHIT REGAL,Kebutuhan,,,PACK,1.00 PACK : 1.00 PACK,1.00 PACK : 36.00 PCS,36
LB4623,,JARUM PENTOL PINS-2 MBS,Kebutuhan,,,PACK,1.00 PACK : 1.00 PACK,1.00 PACK : 12.00 PCS,12
LB1198,8998866201827,JAVANA GULA BATU,Minuman,PT INTI NIAGA PRANASARI BJN,ADITYA,BOX,1.00 BOX : 1.00 BOX,1.00 BOX : 12.00 PCS,12
LB0204,8998866610087,JAVANA ORIGINAL,Minuman,PT INTI NIAGA PRANASARI BJN,ADITYA,BOX,1.00 BOX : 1.00 BOX,1.00 BOX : 12.00 PCS,12
LB0205,,JELLY INACO,Snack,,,DUS,1.00 DUS : 1.00 DUS,1.00 DUS : 10.00 KG,10
LB7695,18992726965949,JELLY INACO PACK 375gr,Snack,CV MITRA SEJATI DISTRIBUSI,MOHAMMAD AMINUDIN,DUS,1.00 DUS : 1.00 DUS,1.00 DUS : 12.00 PACK,12
LB4320,,JELLY INACO PUDING CURAH 10KG,Snack,,,DUS,1.00 DUS : 1.00 DUS,1.00 DUS : 10.00 KG,10
LB1061,,JELLY WONG COCO 6KG,Snack,,,DUS,1.00 DUS : 1.00 DUS,1.00 DUS : 6.00 KG,6
LB7667,89982880016128,JELLY WONGCOCO PACK 420GR,Snack,PT. PANCA PILAR TANGGUH,MOHAMMAD AMINUDIN,DUS,1.00 DUS : 1.00 DUS,1.00 DUS : 12.00 PACK,12
LB0569,,JERUK SIEM OBRAL,Buah Lokal,,,KG,1.00 KG : 1.00 KG,1.00 KG : 1.00 KG,1
LB0561,,JHONSONS BABY POWDER 150GR BLOSSOMS,Kebutuhan,,,PCS,1.00 PCS : 1.00 PCS,1.00 PCS : 1.00 PCS,1
LB0563,,JHONSONS BABY POWDER 200GR CLASSIC,Kebutuhan,,,PCS,1.00 PCS : 1.00 PCS,1.00 PCS : 1.00 PCS,1
LB1843,745760924325,JINTEN BUBUK BUMBUKU 7GR,Sembako,CV LANDAHUR,M KHOIRUL UMAM,RENTENG,1.00 RENTENG : 1.00 RENTENG,1.00 RENTENG : 12.00 PCS,12
LB6398,8997021178134,JOFRANS BAKSO AYAM 200GR,Frozen food,PT. ADILMART,MOHAMMAD AMINUDIN,PCS,1.00 PCS : 1.00 PCS,1.00 PCS : 1.00 PCS,1
LB5692,,JOFRANS BURGER SAPI 360GR,Frozen food,,,PCS,1.00 PCS : 1.00 PCS,1.00 PCS : 1.00 PCS,1
LB7618,8997021178882,JOFRANS NAGET AYAM 225gr,Frozen food,PT. ADILMART,MOHAMMAD AMINUDIN,PCS,1.00 PCS : 1.00 PCS,1.00 PCS : 1.00 PCS,1
LB7616,8997021178707,JOFRANS NAGET AYAM 500gr,Frozen food,PT. ADILMART,MOHAMMAD AMINUDIN,PCS,1.00 PCS : 1.00 PCS,1.00 PCS : 1.00 PCS,1
LB6638,,JOFRANS NAGET STIK 500GR,Frozen food,,,PCS,1.00 PCS : 1.00 PCS,1.00 PCS : 1.00 PCS,1
LB5511,8997021179025,JOFRANS NUGGET CRISPY 225gr,Frozen food,PT. ADILMART,MOHAMMAD AMINUDIN,PCS,1.00 PCS : 1.00 PCS,1.00 PCS : 1.00 PCS,1
LB5512,8997021179032,JOFRANS NUGGET CRISPY 500gr,Frozen food,PT. ADILMART,MOHAMMAD AMINUDIN,PCS,1.00 PCS : 1.00 PCS,1.00 PCS : 1.00 PCS,1
LB6399,8997021178615,JOFRANS SOSIS AYAM MINI KOKTAIL 300GR,Frozen food,PT. ADILMART,MOHAMMAD AMINUDIN,PCS,1.00 PCS : 1.00 PCS,1.00 PCS : 1.00 PCS,1
LB6251,,JOHNSONS BO50,Kebutuhan,,,PCS,1.00 PCS : 1.00 PCS,1.00 PCS : 1.00 PCS,1
LB6252,,JOHNSONS HB100,Kebutuhan,,,PCS,1.00 PCS : 1.00 PCS,1.00 PCS : 1.00 PCS,1
LB6253,,JOHNSONS SS100,Kebutuhan,,,PCS,1.00 PCS : 1.00 PCS,1.00 PCS : 1.00 PCS,1
LB2362,,JOYDAY BLEWAH COCO JELLY,Konsinyasi,,,BOX,1.00 BOX : 1.00 BOX,1.00 BOX : 45.00 PCS,45
LB1927,,JOYDAY BOBA MILK TEA,Konsinyasi,,,BOX,1.00 BOX : 1.00 BOX,1.00 BOX : 35.00 PCS,35
LB0410,,JOYDAY CHAMPION BALL,Konsinyasi,,,BOX,1.00 BOX : 1.00 BOX,1.00 BOX : 40.00 PCS,40
LB2371,,JOYDAY CHOCO BERRY,Konsinyasi,,,BOX,1.00 BOX : 1.00 BOX,1.00 BOX : 50.00 PCS,50
LB0913,,JOYDAY CHOCO CAPTAIN,Konsinyasi,,,BOX,1.00 BOX : 1.00 BOX,1.00 BOX : 24.00 PCS,24
LB2355,,JOYDAY CHOCO CIRCLE,Konsinyasi,,,BOX,1.00 BOX : 1.00 BOX,1.00 BOX : 30.00 PCS,30
LB2349,,JOYDAY CHOCO CORN,Konsinyasi,,,DUS,1.00 DUS : 1.00 DUS,1.00 DUS : 30.00 PCS,30
LB0845,,JOYDAY CHOCO CRUNCH,Konsinyasi,,,BOX,1.00 BOX : 1.00 BOX,1.00 BOX : 40.00 PCS,40
LB3609,,JOYDAY CHOCO MALT,Konsinyasi,,,BOX,1.00 BOX : 1.00 BOX,1.00 BOX : 40.00 PCS,40
LB3240,,JOYDAY CHOCOLATE BALLS,Konsinyasi,,,BOX,1.00 BOX : 1.00 BOX,1.00 BOX : 35.00 PCS,35
LB2117,,JOYDAY CHOCOLATE MILKSHAKE,Konsinyasi,,,BOX,1.00 BOX : 1.00 BOX,1.00 BOX : 24.00 PCS,24
LB4487,,JOYDAY COFFE LATTE,Konsinyasi,,,BOX,1.00 BOX : 1.00 BOX,1.00 BOX : 30.00 PCS,30
LB0412,,JOYDAY COFFE REGAL,Konsinyasi,,,BOX,1.00 BOX : 1.00 BOX,1.00 BOX : 30.00 PCS,30
LB5798,,JOYDAY COOKIES CREAM DARK CHOCOLATE 12X350ML,Konsinyasi,,,DUS,1.00 DUS : 1.00 DUS,1.00 DUS : 12.00 PCS,12
LB5800,,JOYDAY COOKIES CREAM DARK CHOCOLATE 6X700ML,Konsinyasi,,,DUS,1.00 DUS : 1.00 DUS,1.00 DUS : 8.00 PCS,8
LB2361,,JOYDAY COOL BLUEBERRY,Konsinyasi,,,BOX,1.00 BOX : 1.00 BOX,1.00 BOX : 45.00 PCS,45
LB3332,,JOYDAY COOL MELON LYCHEE,Konsinyasi,,,BOX,1.00 BOX : 1.00 BOX,1.00 BOX : 40.00 PCS,40
LB2998,,JOYDAY COOL ORANGE KIWI,Konsinyasi,,,BOX,1.00 BOX : 1.00 BOX,1.00 BOX : 50.00 PCS,50
LB2081,,JOYDAY COOL PEACH,Konsinyasi,,,BOX,1.00 BOX : 1.00 BOX,1.00 BOX : 50.00 PCS,50
LB2365,,JOYDAY COOL PINEAPPLE,Konsinyasi,,,BOX,1.00 BOX : 1.00 BOX,1.00 BOX : 30.00 PCS,30
LB5799,,JOYDAY COOL PINEAPPLE GUAVA 50X47ML,Konsinyasi,,,DUS,1.00 DUS : 1.00 DUS,1.00 DUS : 50.00 PCS,50
LB2219,,JOYDAY COOL WATERMELON APPLE,Konsinyasi,,,BOX,1.00 BOX : 1.00 BOX,1.00 BOX : 50.00 PCS,50
LB4237,,JOYDAY CORN LAVA,Konsinyasi,,,BOX,1.00 BOX : 1.00 BOX,1.00 BOX : 30.00 PCS,30
LB0917,,JOYDAY CRUNCHY BLUEBERRY CHEESE,Konsinyasi,,,BOX,1.00 BOX : 1.00 BOX,1.00 BOX : 20.00 PCS,20
LB2968,,JOYDAY CRUNCHY CHOCO LAVA,Konsinyasi,,,BOX,1.00 BOX : 1.00 BOX,1.00 BOX : 20.00 PCS,20
LB2354,,JOYDAY CRUNCHY CHOCOLATE BLUEBERRY,Konsinyasi,,,BOX,1.00 BOX : 1.00 BOX,1.00 BOX : 35.00 PCS,35
LB2115,,JOYDAY CRUNCHY CHOCOLATE MALT,Konsinyasi,,,BOX,1.00 BOX : 1.00 BOX,1.00 BOX : 35.00 PCS,35
LB0820,,JOYDAY CRUNCHY CHOCOLATE VANILLA,Konsinyasi,,,BOX,1.00 BOX : 1.00 BOX,1.00 BOX : 16.00 PCS,16
LB2389,,JOYDAY CRUNCHY COOKIES CREAM 70ML,Konsinyasi,,,BOX,1.00 BOX : 1.00 BOX,1.00 BOX : 20.00 PCS,20
LB2304,,JOYDAY CRUNCHY DOUBLE CHOCOLATE,Konsinyasi,,,BOX,1.00 BOX : 1.00 BOX,1.00 BOX : 20.00 PCS,20
LB3872,,JOYDAY CRUNCHY DOUBLE DELIGHT 80ML,Konsinyasi,,,BOX,1.00 BOX : 1.00 BOX,1.00 BOX : 20.00 PCS,20
LB2387,,JOYDAY CRUNCHY SWEET STRAWBERRY,Konsinyasi,,,BOX,1.00 BOX : 1.00 BOX,1.00 BOX : 20.00 PCS,20
LB5691,,JOYDAY CRUNCHY VANILA COOKIES,Konsinyasi,,,DUS,1.00 DUS : 1.00 DUS,1.00 DUS : 20.00 PCS,20
LB5682,,JOYDAY DOLCE CREAM BLACK FOREST,Konsinyasi,,,DUS,1.00 DUS : 1.00 DUS,1.00 DUS : 16.00 PCS,16
LB6147,,JOYDAY DOLCE CREME VANILLA,Konsinyasi,,,DUS,1.00 DUS : 1.00 DUS,1.00 DUS : 15.00 PCS,15
LB3786,,JOYDAY DOUBLE SCOOP CHOCOLATE & VANILLA,Konsinyasi,,,BOX,1.00 BOX : 1.00 BOX,1.00 BOX : 24.00 PCS,24
LB5683,,JOYDAY DOUBLE SCOOP MANGO COCONUT,Konsinyasi,,,DUS,1.00 DUS : 1.00 DUS,1.00 DUS : 24.00 PCS,24
LB4484,,JOYDAY DOUBLE SCOOP STRAWBERRY AND VANILLA,Konsinyasi,,,BOX,1.00 BOX : 1.00 BOX,1.00 BOX : 24.00 PCS,24
LB4488,,JOYDAY ES SUSU,Konsinyasi,,,DUS,1.00 DUS : 1.00 DUS,1.00 DUS : 50.00 PCS,50
LB3578,,JOYDAY ES TELER,Konsinyasi,,,BOX,1.00 BOX : 1.00 BOX,1.00 BOX : 30.00 PCS,30
LB5680,,JOYDAY FRUIT GALAXY,Konsinyasi,,,DUS,1.00 DUS : 1.00 DUS,1.00 DUS : 50.00 PCS,50
LB2363,,JOYDAY FRUITTY FRIZZ,Konsinyasi,,,BOX,1.00 BOX : 1.00 BOX,1.00 BOX : 30.00 PCS,30
LB2974,,JOYDAY GRAPE RAISIN,Konsinyasi,,,BOX,1.00 BOX : 1.00 BOX,1.00 BOX : 30.00 PCS,30
LB3986,,JOYDAY HAPPY DUCK,Konsinyasi,,,BOX,1.00 BOX : 1.00 BOX,1.00 BOX : 40.00 PCS,40
LB3532,,JOYDAY JASMINE LYCHEE TEA,Konsinyasi,,,BOX,1.00 BOX : 1.00 BOX,1.00 BOX : 30.00 PCS,30
LB1355,,JOYDAY JUJUBE WHITE CHOCOLATE,Konsinyasi,,,BOX,1.00 BOX : 1.00 BOX,1.00 BOX : 35.00 PCS,35
LB3595,,JOYDAY KACANG IJO,Konsinyasi,,,BOX,1.00 BOX : 1.00 BOX,1.00 BOX : 40.00 PCS,40
LB2973,,JOYDAY KOKOMI,Konsinyasi,,,BOX,1.00 BOX : 1.00 BOX,1.00 BOX : 60.00 PCS,60
LB3660,,JOYDAY LALAVA,Konsinyasi,,,BOX,1.00 BOX : 1.00 BOX,1.00 BOX : 40.00 PCS,40
LB3051,,JOYDAY MANGO SMOOTHIES,Konsinyasi,,,BOX,1.00 BOX : 1.00 BOX,1.00 BOX : 30.00 PCS,30
LB2360,,JOYDAY MILKY CHOCOLATE,Konsinyasi,,,BOX,1.00 BOX : 1.00 BOX,1.00 BOX : 50.00 PCS,50
LB2358,,JOYDAY MILKY MILK,Konsinyasi,,,BOX,1.00 BOX : 1.00 BOX,1.00 BOX : 50.00 PCS,50
LB3374,,JOYDAY MINI CONE CHOCOLATE,Konsinyasi,,,DUS,1.00 DUS : 1.00 DUS,1.00 DUS : 40.00 PCS,40
LB3396,,JOYDAY MINI CONE VANILLA,Konsinyasi,,,BOX,1.00 BOX : 1.00 BOX,1.00 BOX : 40.00 PCS,40
LB2369,,JOYDAY MOCHA CRISPY,Konsinyasi,,,BOX,1.00 BOX : 1.00 BOX,1.00 BOX : 30.00 PCS,30
LB2111,,JOYDAY MOCHI CHOCOLATE,Konsinyasi,,,BOX,1.00 BOX : 1.00 BOX,1.00 BOX : 40.00 PCS,40
LB2357,,JOYDAY MOCHI DURIAN,Konsinyasi,,,BOX,1.00 BOX : 1.00 BOX,1.00 BOX : 40.00 PCS,40
LB3008,,JOYDAY MOCHI PISANG IJO,Konsinyasi,,,BOX,1.00 BOX : 1.00 BOX,1.00 BOX : 40.00 PCS,40
LB1930,,JOYDAY MOCHI STRAWBERRY,Konsinyasi,,,BOX,1.00 BOX : 1.00 BOX,1.00 BOX : 40.00 PCS,40
LB2252,,JOYDAY MOCHI VANILLA MILK,Konsinyasi,,,BOX,1.00 BOX : 1.00 BOX,1.00 BOX : 40.00 PCS,40
LB0840,,JOYDAY MULBERRY RED VELVET,Konsinyasi,,,BOX,1.00 BOX : 1.00 BOX,1.00 BOX : 20.00 PCS,20
LB3387,,JOYDAY NEAPOLITAN 160ML,Konsinyasi,,,BOX,1.00 BOX : 1.00 BOX,1.00 BOX : 20.00 PCS,20
LB4380,,JOYDAY NEAPOLITAN 350ML,Konsinyasi,,,DUS,1.00 DUS : 1.00 DUS,1.00 DUS : 12.00 PCS,12
LB4496,,JOYDAY NEAPOLITAN 700ML,Konsinyasi,,,DUS,1.00 DUS : 1.00 DUS,1.00 DUS : 8.00 PCS,8
LB4454,,JOYDAY NEAPOLITAN 8L,Konsinyasi,,,PCS,1.00 PCS : 1.00 PCS,1.00 PCS : 1.00 PCS,1
LB3804,,JOYDAY PREMICE BELGIUM CHOCOLATE ALMOND,Konsinyasi,,,BOX,1.00 BOX : 1.00 BOX,1.00 BOX : 12.00 PCS,12
LB2188,,JOYDAY ROCKET STAR,Konsinyasi,,,BOX,1.00 BOX : 1.00 BOX,1.00 BOX : 40.00 PCS,40
LB4260,,JOYDAY SANDWICH TIRAMISU CARAMEL,Konsinyasi,,,DUS,1.00 DUS : 1.00 DUS,1.00 DUS : 24.00 PCS,24
LB2386,,JOYDAY STRAWBEERY MILKSHAKE,Konsinyasi,,,BOX,1.00 BOX : 1.00 BOX,1.00 BOX : 24.00 PCS,24
LB3010,,JOYDAY STRAWBERRY MELT,Konsinyasi,,,BOX,1.00 BOX : 1.00 BOX,1.00 BOX : 30.00 PCS,30
LB0815,,JOYDAY SUNDAE CHOCOLATE 90ml,Konsinyasi,,,BOX,1.00 BOX : 1.00 BOX,1.00 BOX : 24.00 PCS,24
LB2370,,JOYDAY SUNDAE COOKIES & CREAM 90ml,Konsinyasi,,,BOX,1.00 BOX : 1.00 BOX,1.00 BOX : 24.00 PCS,24
LB2838,,JOYDAY SUNDAE STAWBERRY 90ml,Konsinyasi,,,BOX,1.00 BOX : 1.00 BOX,1.00 BOX : 24.00 PCS,24
LB0274,,JOYDAY SUSU KURMA,Konsinyasi,,,BOX,1.00 BOX : 1.00 BOX,1.00 BOX : 35.00 PCS,35
LB2364,,JOYDAY SWEET CORN,Konsinyasi,,,BOX,1.00 BOX : 1.00 BOX,1.00 BOX : 40.00 PCS,40
LB5681,,JOYDAY TARO KETAN HITAM,Konsinyasi,,,DUS,1.00 DUS : 1.00 DUS,1.00 DUS : 40.00 PCS,40
LB3769,,JOYDAY TIRAMISU SANDWICH,Konsinyasi,,,BOX,1.00 BOX : 1.00 BOX,1.00 BOX : 24.00 PCS,24
LB4533,,JOYDAY TWIST CONE COFFEE VANILLA 133 ML,Konsinyasi,,,DUS,1.00 DUS : 1.00 DUS,1.00 DUS : 16.00 PCS,16
LB3803,,JOYDAY VANILLA BERRY SANDWICH,Konsinyasi,,,BOX,1.00 BOX : 1.00 BOX,1.00 BOX : 24.00 PCS,24
LB6588,,JOYDAY VANILLA MILKSHAKE 8L,Konsinyasi,,,PCS,1.00 PCS : 1.00 PCS,1.00 PCS : 1.00 PCS,1
LB1932,,JOYDAY VANILLA MILKSHAKE @50gr,Konsinyasi,,,BOX,1.00 BOX : 1.00 BOX,1.00 BOX : 24.00 PCS,24
LB0335,,JUMBO KASUR MADU SARI,Konsinyasi,,,PCS,1.00 PCS : 1.00 PCS,1.00 PCS : 1.00 PCS,1
LB4346,8994222112707,KACANG ATOM GANGSAR 210GR,Snack,PT SAERAH SURYA PERKASA,MOHAMMAD AMINUDIN,BALL,1.00 BALL : 1.00 BALL,1.00 BALL : 20.00 PCS,20
LB3183,,KACANG CACAH HAENPE 1KG,Sembako,,,PCS,1.00 PCS : 1.00 PCS,1.00 PCS : 1.00 PCS,1
LB5073,8995077601484,KACANG GARING DUA KELINCI 145GR,Snack,CV LANDAHUR,M KHOIRUL UMAM,BALL,1.00 BALL : 1.00 BALL,1.00 BALL : 10.00 PCS,10
LB5071,,KACANG GARING DUA KELINCI 28GR,Snack,,,BALL,1.00 BALL : 1.00 BALL,1.00 BALL : 10.00 PCS,10
LB5072,,KACANG GARING DUA KELINCI 60GR,Snack,,,BALL,1.00 BALL : 1.00 BALL,1.00 BALL : 10.00 PCS,10
LB3191,,KACANG HIJAU KUPAS 1KG,Sembako,,,PCS,1.00 PCS : 1.00 PCS,1.00 PCS : 1.00 PCS,1
LB3302,,KACANG KORO MIX 4KG,Grosir,,,BALL,1.00 BALL : 1.00 BALL,1.00 BALL : 4.00 KG,4
LB0227,,KACANG OVEN,Snack,,,BALL,1.00 BALL : 1.00 BALL,1.00 BALL : 25.00 PCS,25
LB1815,,KACANG OVEN 5KG,Grosir,,,BALL,1.00 BALL : 1.00 BALL,1.00 BALL : 5.00 KG,5
LB0228,8997240280052,KACANG PANDA BESAR,Snack,CV. BINTANG WALET,DANANG IMAM SANTOSO,BALL,1.00 BALL : 1.00 BALL,1.00 BALL : 12.00 PCS,12
LB0229,8997240280045,KACANG PANDA KECIL,Snack,CV. BINTANG WALET,DANANG IMAM SANTOSO,BALL,1.00 BALL : 1.00 BALL,1.00 BALL : 10.00 PCS,10
LB1825,,KACANG SEMBUNYI CAP RAMA 4.6 KG,Grosir,,,BALL,1.00 BALL : 1.00 BALL,1.00 BALL : 4.00 KG,4
LB0448,,KACANG TELUR MERPATI 4KG,Grosir,,,BALL,1.00 BALL : 1.00 BALL,1.00 BALL : 4.00 KG,4
LB7946,,KAHF BRIGHTENING & DARK SPOT 100ML,Kebutuhan,,,PCS,1.00 PCS : 1.00 PCS,1.00 PCS : 1.00 PCS,1
LB7947,,KAHF OIL & ACNE CARE 100ML,Kebutuhan,,,PCS,1.00 PCS : 1.00 PCS,1.00 PCS : 1.00 PCS,1
LB7890,8993137710411,KAHF SKIN ENERGIZING AND BRIGHTENING 100ML,Kebutuhan,PT PARAMA GLOBAL INSPIRA,ADITYA,PCS,1.00 PCS : 1.00 PCS,1.00 PCS : 1.00 PCS,1
LB5163,8993200669516,KANZLER CRISPY CHICKEN NUGGET 250gr,Frozen food,PT. TIRTA PRIMA RASA,MOHAMMAD AMINUDIN,PCS,1.00 PCS : 1.00 PCS,1.00 PCS : 1.00 PCS,1
LB3379,8993200664399,KANZLER CRISPY CHIKEN NUGET 450gr,Frozen food,PT. TIRTA PRIMA RASA,MOHAMMAD AMINUDIN,PCS,1.00 PCS : 1.00 PCS,1.00 PCS : 1.00 PCS,1
LB3524,,KANZLER CRISPY NUGGET 120gr,Frozen food,,,PCS,1.00 PCS : 1.00 PCS,1.00 PCS : 1.00 PCS,1
LB4887,18991002125008,KAPAL API ORIGINAL 200ML,Minuman,PT FASTRATA BUANA,PRASETYO PAMBUDI,BOX,1.00 BOX : 1.00 BOX,1.00 BOX : 12.00 PCS,12
LB7972,,KAPAL API SPECIAL 120gr,Sembako,,,DUS,1.00 DUS : 1.00 DUS,1.00 DUS : 10.00 PCS,10
LB7973,,KAPAL API SPECIAL MIX 230GR,Sembako,,,DUS,1.00 DUS : 1.00 DUS,1.00 DUS : 12.00 PCS,12
LB4888,18991002125022,KAPAL API STRONG 200ML,Minuman,PT FASTRATA BUANA,PRASETYO PAMBUDI,BOX,1.00 BOX : 1.00 BOX,1.00 BOX : 12.00 PCS,12
LB4889,,KAPAL API WHITE COFFE 200ML,Minuman,,,BOX,1.00 BOX : 1.00 BOX,1.00 BOX : 12.00 PCS,12
LB4880,,KAPAS SELECTION 35GR,Kebutuhan,,,BALL,1.00 BALL : 1.00 BALL,1.00 BALL : 12.00 PCS,12
LB4704,,KAPUR AJAIB,Kebutuhan,,,PACK,1.00 PACK : 1.00 PACK,1.00 PACK : 6.00 PCS,6
LB3601,,KARA NATA DE COCO PLAIN 1000gr,Snack,,,BOX,1.00 BOX : 1.00 BOX,1.00 BOX : 6.00 PCS,6
LB1635,8992717781025,KARA SUN KARA 65ML,Sembako,CHARIEND JAYA SEMBAKO/GROSIR,EKO SUYANTO,BOX,1.00 BOX : 1.00 BOX,1.00 BOX : 36.00 PCS,36
LB4957,,KARET SWAN 1 ONS MINI KUNING,Kebutuhan,,,BALL,1.00 BALL : 1.00 BALL,1.00 BALL : 10.00 PCS,10
LB4958,,KARET TELO 1 ONS,Kebutuhan,,,BALL,1.00 BALL : 1.00 BALL,1.00 BALL : 10.00 PCS,10
LB3859,,KARUNG BERAS RAYA TANI,Alat,,,PCS,1.00 PCS : 1.00 PCS,1.00 PCS : 1.00 PCS,1
LB6250,5806250,KCP SEMAR 620ML,Sembako,SEMAR KECAP MANIS,ADITYA,PCS,1.00 PCS : 1.00 PCS,1.00 PCS : 1.00 PCS,1
LB6281,,KECAP KANGKUNG 620ML,Sembako,,,PCS,1.00 PCS : 1.00 PCS,1.00 PCS : 1.00 PCS,1
LB3288,,KECAP MANIS CAP DUA LELE 300ml,Sembako,,,PCS,1.00 PCS : 1.00 PCS,1.00 PCS : 1.00 PCS,1
LB3289,,KECAP MANIS CAP DUA LELE 330ml,Sembako,,,PCS,1.00 PCS : 1.00 PCS,1.00 PCS : 1.00 PCS,1
LB3290,,KECAP MANIS CAP DUA LELE 625ml,Sembako,,,PCS,1.00 PCS : 1.00 PCS,1.00 PCS : 1.00 PCS,1
LB2025,5802025,KECAP MANIS CAP LARON 150ML,Sembako,PERUSAHAAN LARON,MIFTAKHUR ROZI,PCS,1.00 PCS : 1.00 PCS,1.00 PCS : 1.00 PCS,1
LB2026,5802026,KECAP MANIS CAP LARON 300ML,Sembako,PERUSAHAAN LARON,MIFTAKHUR ROZI,PCS,1.00 PCS : 1.00 PCS,1.00 PCS : 1.00 PCS,1
LB2285,5802285,KECAP MANIS CAP LARON 620ML,Sembako,PERUSAHAAN LARON,MIFTAKHUR ROZI,PCS,1.00 PCS : 1.00 PCS,1.00 PCS : 1.00 PCS,1
LB2177,,KECAP MANIS NIKI SARI 500ML + 1 SENDOK,Sembako,,,PCS,1.00 PCS : 1.00 PCS,1.00 PCS : 1.00 PCS,1
LB2176,,KECAP MANIS SUKA SARI 500ML,Sembako,,,PCS,1.00 PCS : 1.00 PCS,1.00 PCS : 1.00 PCS,1
LB6372,,KECAP SEMAR BOTOL 620ML,Sembako,,,DUS,1.00 DUS : 1.00 DUS,1.00 DUS : 12.00 PCS,12
LB6373,,KECAP SEMAR REFIL 450ML,Sembako,,,PCS,1.00 PCS : 1.00 PCS,1.00 PCS : 1.00 PCS,1
LB3303,,KECIPUT BULAT 3KG,Grosir,,,BALL,1.00 BALL : 1.00 BALL,1.00 BALL : 3.00 KG,3
LB4460,,KECIPUT PANJANG 3KG,Grosir,,,BALL,1.00 BALL : 1.00 BALL,1.00 BALL : 3.00 KG,3
LB3045,,KEJU CALF CHEDDAR CHEESE MERAH 8X2KG,MATERIAL PRODUKSI,,,DUS,1.00 DUS : 1.00 DUS,1.00 DUS : 8.00 PCS,8
LB2165,745760924356,KEMIRI BUBUK BUMBUKU 6GR,Sembako,CV LANDAHUR,M KHOIRUL UMAM,RENTENG,1.00 RENTENG : 1.00 RENTENG,1.00 RENTENG : 12.00 PCS,12
LB1844,745760924332,KENCUR BUBUK BUMBUKU 6GR,Sembako,CV LANDAHUR,M KHOIRUL UMAM,RENTENG,1.00 RENTENG : 1.00 RENTENG,1.00 RENTENG : 12.00 PCS,12
LB3076,,KENTANG UDANG MINI 2KG,Grosir,,,BALL,1.00 BALL : 1.00 BALL,1.00 BALL : 2.00 KG,2
LB0645,,KENTANG UDANG MINI 3KG,Grosir,,,BALL,1.00 BALL : 1.00 BALL,1.00 BALL : 3.00 KG,3
LB4255,,KEPALA AYAM FROZEN,Frozen food,,,KG,1.00 KG : 1.00 KG,1.00 KG : 1.00 KG,1
LB0337,,KEPANG COKELAT MADU SARI,Konsinyasi,,,PCS,1.00 PCS : 1.00 PCS,1.00 PCS : 1.00 PCS,1
LB0237,,KERANJANG CINCIN BESAR,Alat,,,PCS,1.00 PCS : 1.00 PCS,1.00 PCS : 1.00 PCS,1
LB0238,5800238,KERANJANG CINCIN KECIL,Alat,UD BAMBU HITAM,DANANG IMAM SANTOSO,PCS,1.00 PCS : 1.00 PCS,1.00 PCS : 1.00 PCS,1
LB0239,5800239,KERANJANG CINCIN SEDANG,Alat,UD BAMBU HITAM,DANANG IMAM SANTOSO,PCS,1.00 PCS : 1.00 PCS,1.00 PCS : 1.00 PCS,1
LB0242,,KERANJANG ROTAN BESAR,Alat,,,SET,1.00 SET : 1.00 SET,1.00 SET : 1.00 SET,1
LB0721,5800721,KERANJANG TERATAI,Alat,UD BAMBU HITAM,DANANG IMAM SANTOSO,PCS,1.00 PCS : 1.00 PCS,1.00 PCS : 1.00 PCS,1
LB0244,5800244,KERANJANG WARNA BESAR,Alat,KERANJANG WARNA P.YUDI,DANANG IMAM SANTOSO,PCS,1.00 PCS : 1.00 PCS,1.00 PCS : 1.00 PCS,1
LB0246,5800246,KERANJANG WARNA SEDANG,Alat,KERANJANG WARNA P.YUDI,DANANG IMAM SANTOSO,PCS,1.00 PCS : 1.00 PCS,1.00 PCS : 1.00 PCS,1
LB0338,,KERING BESAR MADU SARI,Konsinyasi,,,PCS,1.00 PCS : 1.00 PCS,1.00 PCS : 1.00 PCS,1
LB3012,,KERIPIK GETHUK 2.5 KG,Grosir,,,BALL,1.00 BALL : 1.00 BALL,1.00 BALL : 2.50 KG,2.5
LB0612,5800612,KERIPIK TEMPE SANJAYA,Snack,SANJAYA,DANANG IMAM SANTOSO,BALL,1.00 BALL : 1.00 BALL,1.00 BALL : 10.00 PCS,10
LB2496,,KERIPIK USUS SAIDAH 2KG,Grosir,,,BALL,1.00 BALL : 1.00 BALL,1.00 BALL : 2.00 KG,2
LB4599,,KERTAS KADO SIDU NEW,Kebutuhan,,,PACK,1.00 PACK : 1.00 PACK,1.00 PACK : 50.00 PCS,50
LB5023,,KERTAS MINYAK CAP NAGA ISI 50,Kebutuhan,,,PACK,1.00 PACK : 1.00 PACK,1.00 PACK : 1.00 PACK,1
LB2004,,KERTAS MINYAK PADI BINTANG MERAH 250LBR,Sembako,,,PACK,1.00 PACK : 1.00 PACK,1.00 PACK : 1.00 PACK,1
LB5659,,KERTAS MINYAK SUN MAWAR,Kebutuhan,,,PACK,1.00 PACK : 1.00 PACK,1.00 PACK : 100.00 PCS,100
LB3600,,KERTAS TIPIS ROLLA,Oprasional,,,PCS,1.00 PCS : 1.00 PCS,1.00 PCS : 1.00 PCS,1
LB8018,,KERUPUK MAWAR PELANGI 250GR,Sembako,,,BALL,1.00 BALL : 1.00 BALL,1.00 BALL : 20.00 PCS,20
LB1807,,KERUPUK MENTAH BAWANG PUTIH,Sembako,,,BALL,1.00 BALL : 1.00 BALL,1.00 BALL : 5.00 KG,5
LB1802,,KERUPUK MENTAH CERIPING PEDAS,Sembako,,,BALL,1.00 BALL : 1.00 BALL,1.00 BALL : 5.00 KG,5
LB1804,,KERUPUK MENTAH GENDAR,Sembako,,,BALL,1.00 BALL : 1.00 BALL,1.00 BALL : 2.50 KG,2.5
LB1800,,KERUPUK MENTAH GURUNG,Sembako,,,BALL,1.00 BALL : 1.00 BALL,1.00 BALL : 5.00 KG,5
LB1944,,KERUPUK MENTAH KEONG,Sembako,,,BALL,1.00 BALL : 1.00 BALL,1.00 BALL : 5.00 KG,5
LB1796,,KERUPUK MENTAH KLENTENG,Sembako,,,BALL,1.00 BALL : 1.00 BALL,1.00 BALL : 5.00 KG,5
LB1805,,KERUPUK MENTAH MAKARONI,Sembako,,,BALL,1.00 BALL : 1.00 BALL,1.00 BALL : 5.00 KG,5
LB2231,,KERUPUK MENTAH PESTA,Sembako,,,BALL,1.00 BALL : 1.00 BALL,1.00 BALL : 5.00 KG,5
LB1942,,KERUPUK MENTAH POTATO,Sembako,,,BALL,1.00 BALL : 1.00 BALL,1.00 BALL : 5.00 KG,5
LB1940,,KERUPUK MENTAH RENGGINANG,Sembako,,,BALL,1.00 BALL : 1.00 BALL,1.00 BALL : 5.00 KG,5
LB1803,,KERUPUK MENTAH TARO,Sembako,,,BALL,1.00 BALL : 1.00 BALL,1.00 BALL : 5.00 KG,5
LB8019,,KERUPUK MENTAH TARO 250GR,Sembako,,,BALL,1.00 BALL : 1.00 BALL,1.00 BALL : 20.00 PCS,20
LB1801,,KERUPUK MENTAH TERASI,Sembako,,,BALL,1.00 BALL : 1.00 BALL,1.00 BALL : 5.00 KG,5
LB2227,,KERUPUK MENTAH TERSANJUNG,Sembako,,,BALL,1.00 BALL : 1.00 BALL,1.00 BALL : 5.00 KG,5
LB1798,,KERUPUK MENTAH UDANG BESAR,Sembako,,,BALL,1.00 BALL : 1.00 BALL,1.00 BALL : 5.00 KG,5
LB8020,,KERUPUK MENTAH UDANG BESAR SMJ 250GR,Sembako,,,BALL,1.00 BALL : 1.00 BALL,1.00 BALL : 20.00 PCS,20
LB2230,,KERUPUK MENTAH UDANG KECIL,Sembako,,,BALL,1.00 BALL : 1.00 BALL,1.00 BALL : 5.00 KG,5
LB1814,,KERUPUK TENGIRI 2KG,Grosir,,,BALL,1.00 BALL : 1.00 BALL,1.00 BALL : 2.00 KG,2
LB5658,,KESET RAJUT,Kebutuhan,,,PCS,1.00 PCS : 1.00 PCS,1.00 PCS : 1.00 PCS,1
LB2163,745760924363,KETUMBAR BUBUK BUMBUKU 6GR,Sembako,CV LANDAHUR,M KHOIRUL UMAM,RENTENG,1.00 RENTENG : 1.00 RENTENG,1.00 RENTENG : 12.00 PCS,12
LB0194,,KIMBO HEPPII MINI BALADO PEDAS,Frozen food,,,PCS,1.00 PCS : 1.00 PCS,1.00 PCS : 1.00 PCS,1
LB0195,,KIMBO HEPPII MINI SOSIS BAKAR KEJU,Frozen food,,,PCS,1.00 PCS : 1.00 PCS,1.00 PCS : 1.00 PCS,1
LB2094,,KLATU SANTAN 70ml,Sembako,,,BOX,1.00 BOX : 1.00 BOX,1.00 BOX : 32.00 PCS,32
LB1852,,KOBE BONCABE EBI KRIUK LEVEL 2 50GR,Sembako,,,PCS,1.00 PCS : 1.00 PCS,1.00 PCS : 1.00 PCS,1
LB0907,,KOBE BONCABE LEVEL 50 MAXEND 30gr,Kebutuhan,,,PCS,1.00 PCS : 1.00 PCS,1.00 PCS : 1.00 PCS,1
LB0701,,KOBE BONCABE NORI LEVEL 30 4gr,Kebutuhan,,,RENTENG,1.00 RENTENG : 1.00 RENTENG,1.00 RENTENG : 12.00 PCS,12
LB1854,,KOBE BONCABE ORIGINAL LEVEL 10 50GR,Sembako,,,PCS,1.00 PCS : 1.00 PCS,1.00 PCS : 1.00 PCS,1
LB1855,,KOBE BONCABE ORIGINAL LEVEL 15 45GR,Sembako,,,PCS,1.00 PCS : 1.00 PCS,1.00 PCS : 1.00 PCS,1
LB1993,8995899250143,KOBE BONCABE ORIGINAL LEVEL 15 5.5GR RENTENG,Sembako,GROSIR,ADITYA,RENTENG,1.00 RENTENG : 1.00 RENTENG,1.00 RENTENG : 12.00 PCS,12
LB1994,8995899250150,KOBE BONCABE ORIGINAL LEVEL 30 4.5GR RENTENG,Sembako,GROSIR,ADITYA,RENTENG,1.00 RENTENG : 1.00 RENTENG,1.00 RENTENG : 1.00 RENTENG,1
LB2326,,KOBE BONCABE ORIGINAL LEVEL 30 40GR,Sembako,,,PCS,1.00 PCS : 1.00 PCS,1.00 PCS : 1.00 PCS,1
LB1995,8995899215036,KOBE BONCABE ORIGINAL LEVEL 50 2.5GR RENTENG,Sembako,GROSIR,ADITYA,RENTENG,1.00 RENTENG : 1.00 RENTENG,1.00 RENTENG : 1.00 RENTENG,1
LB1992,,KOBE BONCABE ORIGINAL LEVEL10 6GR RENTENG,Sembako,,,RENTENG,1.00 RENTENG : 1.00 RENTENG,1.00 RENTENG : 12.00 PCS,12
LB1853,,KOBE BONCABE TERI LEVEL 3 50GR,Sembako,,,PCS,1.00 PCS : 1.00 PCS,1.00 PCS : 1.00 PCS,1
LB1178,8998866102605,KODOMO REGULAR 2IN1,Kebutuhan,PT INTI NIAGA PRANASARI,AGUS PURNOMO,BOX,1.00 BOX : 1.00 BOX,1.00 BOX : 12.00 PCS,12
LB3238,,KOEPOE BUMBU SPEKOEK 25GR,Sembako,,,PCS,1.00 PCS : 1.00 PCS,1.00 PCS : 1.00 PCS,1
LB5173,,KOEPOE KOEPOE BAKING POWDER 45GR,Sembako,,,PACK,1.00 PACK : 1.00 PACK,1.00 PACK : 6.00 PCS,6
LB5503,,KOEPOE KOEPOE PERISA PASTA COCOPANDAN 60ML,Sembako,,,PACK,1.00 PACK : 1.00 PACK,1.00 PACK : 6.00 PCS,6
LB5500,,KOEPOE KOEPOE PERISA PASTA LECI 60ML,Sembako,,,PACK,1.00 PACK : 1.00 PACK,1.00 PACK : 6.00 PCS,6
LB5502,,KOEPOE KOEPOE PERISA PASTA PANDAN 60ML,Sembako,,,PACK,1.00 PACK : 1.00 PACK,1.00 PACK : 6.00 PCS,6
LB5501,,KOEPOE KOEPOE PERISA PASTA VANILA 60GR,Sembako,,,PACK,1.00 PACK : 1.00 PACK,1.00 PACK : 6.00 PCS,6
LB5499,,KOEPOE KOEPOE PERISA VANILA 20GR,Sembako,,,PACK,1.00 PACK : 1.00 PACK,1.00 PACK : 6.00 PCS,6
LB5498,,KOEPOE KOEPOE PEWARNA PANGAN HIJAU MUDA 30ML,Sembako,,,PACK,1.00 PACK : 1.00 PACK,1.00 PACK : 6.00 PCS,6
LB5494,,KOEPOE KOEPOE PEWARNA PANGAN HIJAU TUA 30ML,Sembako,,,PACK,1.00 PACK : 1.00 PACK,1.00 PACK : 6.00 PCS,6
LB5493,,KOEPOE KOEPOE PEWARNA PANGAN KUNING MUDA 30ML,Sembako,,,PACK,1.00 PACK : 1.00 PACK,1.00 PACK : 6.00 PCS,6
LB5496,,KOEPOE KOEPOE PEWARNA PANGAN KUNING TELUR 30ML,Sembako,,,PACK,1.00 PACK : 1.00 PACK,1.00 PACK : 6.00 PCS,6
LB5497,,KOEPOE KOEPOE PEWARNA PANGAN KUNING TUA 30ML,Sembako,,,PACK,1.00 PACK : 1.00 PACK,1.00 PACK : 6.00 PCS,6
LB5492,,KOEPOE KOEPOE PEWARNA PANGAN MERAH CABE 30ML,Sembako,,,PACK,1.00 PACK : 1.00 PACK,1.00 PACK : 6.00 PCS,6
LB5495,,KOEPOE KOEPOE PEWARNA PANGAN MERAH MUDA 30ML,Sembako,,,PACK,1.00 PACK : 1.00 PACK,1.00 PACK : 6.00 PCS,6
LB5504,,KOEPOE KOEPOE PEWARNA PANGAN MERAH TUA 30ML,Sembako,,,PACK,1.00 PACK : 1.00 PACK,1.00 PACK : 6.00 PCS,6
LB5172,,KOEPOE KOEPOE SODA KUE 81GR,Sembako,,,PACK,1.00 PACK : 1.00 PACK,1.00 PACK : 6.00 PCS,6
LB5175,,KOEPOE KOEPOE SP PENGEMULSI 30GR,Sembako,,,PACK,1.00 PACK : 1.00 PACK,1.00 PACK : 6.00 PCS,6
LB5174,,KOEPOE KOEPOE SP PENGEMULSI 70GR,Sembako,,,PACK,1.00 PACK : 1.00 PACK,1.00 PACK : 3.00 PCS,3
LB3185,,KOEPOE KOPI COKELAT 30ml,Sembako,,,PACK,1.00 PACK : 1.00 PACK,1.00 PACK : 6.00 PCS,6
LB3233,,KOEPOE PARSLEY LEAVES 19 g,Sembako,,,PCS,1.00 PCS : 1.00 PCS,1.00 PCS : 1.00 PCS,1
LB4383,8991071750166,KOKEN BUMBU KALDU RASA JAMUR 40G,Sembako,CV. ADIYAGTRA,ADITYA,RENTENG,1.00 RENTENG : 1.00 RENTENG,1.00 RENTENG : 10.00 PCS,10
LB4382,8991071750159,KOKEN BUMBU KALDU RASA JAMUR 6G,Sembako,CV. ADIYAGTRA,ADITYA,RENTENG,1.00 RENTENG : 1.00 RENTENG,1.00 RENTENG : 12.00 PCS,12
LB8107,,KOKOLA MARIE SUSU MADU KIDS 240GR,Snack,,,DUS,1.00 DUS : 1.00 DUS,1.00 DUS : 6.00 PCS,6
LB8108,,KOKOLA MINI CHIPS HOORAY 225GR,Snack,,,DUS,1.00 DUS : 1.00 DUS,1.00 DUS : 6.00 PCS,6
LB4755,,KOMIX OBH 7ML,Kebutuhan,,,PACK,1.00 PACK : 1.00 PACK,1.00 PACK : 30.00 PCS,30
LB4655,,KONIDIN,Kebutuhan,,,BOX,1.00 BOX : 1.00 BOX,1.00 BOX : 50.00 TABLET,50
LB5123,,KOOLFEVER ANAK,Kebutuhan,,,BOX,1.00 BOX : 1.00 BOX,1.00 BOX : 12.00 PCS,12
LB5122,,KOOLFEVER BAYI,Kebutuhan,,,BOX,1.00 BOX : 1.00 BOX,1.00 BOX : 12.00 PCS,12
LB7974,,KOPI ABC SUSU 300GR,Sembako,,,DUS,1.00 DUS : 1.00 DUS,1.00 DUS : 12.00 PCS,12
LB6456,,KOPI BINTANG LIMA 120GR,Sembako,,,DUS,1.00 DUS : 1.00 DUS,1.00 DUS : 24.00 PCS,24
LB6455,,KOPI BUBUK YA 120GR,Sembako,,,DUS,1.00 DUS : 1.00 DUS,1.00 DUS : 24.00 PCS,24
LB6105,,KOPI BUBUK YA 75GR,Sembako,,,RENTENG,1.00 RENTENG : 1.00 RENTENG,1.00 RENTENG : 10.00 PCS,10
LB4828,18991002133829,KOPI GOOD DAY CAPPUCCINO 25gr,Sembako,PT FASTRATA BUANA,PRASETYO PAMBUDI,DUS,1.00 DUS : 1.00 DUS,1.00 DUS : 120.00 PCS,120
LB0902,8991002105423,KOPI KAPAL API BUBUK 150gr,Sembako,PT FASTRATA BUANA,PRASETYO PAMBUDI,BOX,1.00 BOX : 1.00 BOX,1.00 BOX : 20.00 PCS,20
LB4686,18991002105581,KOPI KAPAL API BUBUK 6GR,Sembako,PT FASTRATA BUANA,PRASETYO PAMBUDI,DUS,1.00 DUS : 1.00 DUS,1.00 DUS : 200.00 PCS,200
LB0599,8991002105409,KOPI KAPAL API SILVER 350GR,Sembako,PT FASTRATA BUANA,PRASETYO PAMBUDI,BOX,1.00 BOX : 1.00 BOX,1.00 BOX : 9.00 PCS,9
LB1063,,KOPI KAPAL API SPESIAL MIX 24GR,Sembako,,,RENTENG,1.00 RENTENG : 1.00 RENTENG,1.00 RENTENG : 10.00 PCS,10
LB6064,5806064,KOPI LELET BREWOK 200 g,Sembako,GF JAYA LASEM,M ROISUL ANAM,BALL,1.00 BALL : 1.00 BALL,1.00 BALL : 10.00 PCS,10
LB5047,18998866202692,KOPI MAYOR 120GR,Sembako,PT INTI NIAGA PRANASARI,AGUS PURNOMO,BOX,1.00 BOX : 1.00 BOX,1.00 BOX : 24.00 PCS,24
LB3831,5803831,KOPI SAMBANG 250g,Sembako,UD. BINTANG JAYA - NGANJUK,M ROISUL ANAM,BALL,1.00 BALL : 1.00 BALL,1.00 BALL : 20.00 PCS,20
LB1207,8998866200745,KOPI TOP SUSU 3IN1 31GR,Sembako,PT INTI NIAGA PRANASARI,AGUS PURNOMO,DUS,1.00 DUS : 1.00 DUS,1.00 DUS : 120.00 PCS,120
LB1208,8998866609234,KOPI TOP WHITE 21GR,Sembako,PT INTI NIAGA PRANASARI,AGUS PURNOMO,DUS,1.00 DUS : 1.00 DUS,1.00 DUS : 120.00 PCS,120
LB4345,,KOPI TUNGKU 250g,Sembako,,,DUS,1.00 DUS : 1.00 DUS,1.00 DUS : 20.00 PCS,20
LB1067,8996001600597,KOPIKO LUCKY DAY,Minuman,BI PT. CIPTA NIAGA SEMESTA BJN,EKO SUYANTO,BOX,1.00 BOX : 1.00 BOX,1.00 BOX : 12.00 PCS,12
LB4694,,KOREK API TOKAI,Kebutuhan,,,PACK,1.00 PACK : 1.00 PACK,1.00 PACK : 50.00 PCS,50
LB1421,,KORO BALADO HIU 4KG,Grosir,,,BALL,1.00 BALL : 1.00 BALL,1.00 BALL : 4.00 KG,4
LB4483,,KORO KULIT 3KG,Grosir,,,BALL,1.00 BALL : 1.00 BALL,1.00 BALL : 3.00 KG,3
LB0743,,KORO KULIT ARWANA 4KG,Grosir,,,BALL,1.00 BALL : 1.00 BALL,1.00 BALL : 4.00 KG,4
LB0247,,KORUDO BANANA MONSTER,Konsinyasi,,,BOX,1.00 BOX : 1.00 BOX,1.00 BOX : 30.00 PCS,30
LB1220,,KORUDO BLACK COFFEE,Konsinyasi,,,BOX,1.00 BOX : 1.00 BOX,1.00 BOX : 40.00 PCS,40
LB1217,,KORUDO BLUEBERRY ICE,Konsinyasi,,,BOX,1.00 BOX : 1.00 BOX,1.00 BOX : 50.00 PCS,50
LB1211,,KORUDO CHOCO VANILLA,Konsinyasi,,,BOX,1.00 BOX : 1.00 BOX,1.00 BOX : 50.00 PCS,50
LB1341,,KORUDO CHOCOLATE MILK,Konsinyasi,,,BOX,1.00 BOX : 1.00 BOX,1.00 BOX : 50.00 PCS,50
LB1922,,KORUDO GOLDEN CORN,Konsinyasi,,,BOX,1.00 BOX : 1.00 BOX,1.00 BOX : 40.00 PCS,40
LB1221,,KORUDO HELLO PINKY,Konsinyasi,,,BOX,1.00 BOX : 1.00 BOX,1.00 BOX : 50.00 PCS,50
LB0302,,KORUDO JEROK,Konsinyasi,,,BOX,1.00 BOX : 1.00 BOX,1.00 BOX : 50.00 PCS,50
LB1213,,KORUDO LITTLE MELON,Konsinyasi,,,BOX,1.00 BOX : 1.00 BOX,1.00 BOX : 50.00 PCS,50
LB0076,,KORUDO MICRO CONE,Konsinyasi,,,DUS,1.00 DUS : 1.00 DUS,1.00 DUS : 40.00 PCS,40
LB1933,,KORUDO MISS YOU 50 gr,Konsinyasi,,,BOX,1.00 BOX : 1.00 BOX,1.00 BOX : 60.00 PCS,60
LB1218,,KORUDO RAINBOW FROST,Konsinyasi,,,BOX,1.00 BOX : 1.00 BOX,1.00 BOX : 50.00 PCS,50
LB2353,,KORUDO ROCKIE,Konsinyasi,,,DUS,1.00 DUS : 1.00 DUS,1.00 DUS : 24.00 PCS,24
LB1907,,KORUDO SNOW FLOWER,Konsinyasi,,,BOX,1.00 BOX : 1.00 BOX,1.00 BOX : 40.00 PCS,40
LB2334,,KORUDO SOO ME CUP STRAWBERRY,Konsinyasi,,,BOX,1.00 BOX : 1.00 BOX,1.00 BOX : 24.00 PCS,24
LB4658,,KOYOK SALONPAS,Kebutuhan,,,BOX,1.00 BOX : 1.00 BOX,1.00 BOX : 10.00 PCS,10
LB0262,8886057883665,KRATINGDENG,Minuman,PT ARTA BOGA CEMERLANG,ADITYA,BOX,1.00 BOX : 1.00 BOX,1.00 BOX : 10.00 PCS,10
LB4695,,KRESEK BENING 15,Kebutuhan,,,PACK,1.00 PACK : 1.00 PACK,1.00 PACK : 1.00 PACK,1
LB4693,,KRESEK BENING 24,Kebutuhan,,,PACK,1.00 PACK : 1.00 PACK,1.00 PACK : 1.00 PACK,1
LB1236,5801236,KRESEK GARASI,Kebutuhan,DC PACKAGING,M ROISUL ANAM,PACK,1.00 PACK : 1.00 PACK,1.00 PACK : 30.00 PCS,30
LB3559,5803559,KRESEK GARASI BAZZAR,Kebutuhan,DC PACKAGING,M ROISUL ANAM,PACK,1.00 PACK : 1.00 PACK,1.00 PACK : 150.00 PCS,150
LB3558,5803558,KRESEK GARASI LASKAR BUAH,Kebutuhan,DC PACKAGING,M ROISUL ANAM,PACK,1.00 PACK : 1.00 PACK,1.00 PACK : 150.00 PCS,150
LB4604,,KRESEK HITAM CAP JAMUR UKURAN 21,Kebutuhan,,,PACK,1.00 PACK : 1.00 PACK,1.00 PACK : 1.00 PACK,1
LB4692,,KRESEK MERAH,Kebutuhan,,,PACK,1.00 PACK : 1.00 PACK,1.00 PACK : 1.00 PACK,1
LB1277,5801277,KRESEK MERAH JUMBO,Kebutuhan,DC PACKAGING,M ROISUL ANAM,PACK,1.00 PACK : 1.00 PACK,1.00 PACK : 20.00 PCS,20
LB3505,,KRESEK MUTIARA BAZZAR,Oprasional,,,PACK,1.00 PACK : 1.00 PACK,1.00 PACK : 1.00 PACK,1
LB3504,,KRESEK MUTIARA LASKAR BUAH,Oprasional,,,PACK,1.00 PACK : 1.00 PACK,1.00 PACK : 1.00 PACK,1
LB1239,5801239,KRESEK PUTIH JUMBO,Kebutuhan,DC PACKAGING,M ROISUL ANAM,PACK,1.00 PACK : 1.00 PACK,1.00 PACK : 55.00 PCS,55
LB3507,5803507,KRESEK PUTIH JUMBO BAZZAR,Kebutuhan,DC PACKAGING,M ROISUL ANAM,PACK,1.00 PACK : 1.00 PACK,1.00 PACK : 48.00 PCS,48
LB3506,5803506,KRESEK PUTIH JUMBO LASKAR BUAH,Kebutuhan,DC PACKAGING,M ROISUL ANAM,PACK,1.00 PACK : 1.00 PACK,1.00 PACK : 48.00 PCS,48
LB1257,5801257,KRESEK SAMPAH,Oprasional,DC PACKAGING,M ROISUL ANAM,PACK,1.00 PACK : 1.00 PACK,1.00 PACK : 1.00 PACK,1
LB7581,5807581,KRESEK UKURAN 15,Oprasional,DC PACKAGING,M ROISUL ANAM,PACK,1.00 PACK : 1.00 PACK,1.00 PACK : 1.00 PACK,1
LB7582,5807582,KRESEK UKURAN 24,Oprasional,DC PACKAGING,M ROISUL ANAM,PACK,1.00 PACK : 1.00 PACK,1.00 PACK : 1.00 PACK,1
LB0266,,KRIPIK PISANG ANINDA,Snack,,,BALL,1.00 BALL : 1.00 BALL,1.00 BALL : 10.00 PCS,10
LB0766,5800766,KRIPIK SINGKONG CINTA RASA BESAR,Snack,CINTA RASA,DANANG IMAM SANTOSO,BOX,1.00 BOX : 1.00 BOX,1.00 BOX : 10.00 PCS,10
LB1070,5801070,KRIPIK TEMPE ENDITA,Snack,ENDITA,M KHOIRUL UMAM,BOX,1.00 BOX : 1.00 BOX,1.00 BOX : 12.00 PCS,12
LB0537,,KRIPIK USUS AYAM PUJI RASA,Snack,,,BALL,1.00 BALL : 1.00 BALL,1.00 BALL : 12.00 PCS,12
LB2710,,KRIPIK USUS PEDAS RAJAWALI 2 KG,Grosir,,,BALL,1.00 BALL : 1.00 BALL,1.00 BALL : 2.00 KG,2
LB0272,8998866201377,KRISBEE FRENCH FRIES,Snack,PT INTI NIAGA PRANASARI,AGUS PURNOMO,BOX,1.00 BOX : 1.00 BOX,1.00 BOX : 20.00 PCS,20
LB4948,8998866202602,KRISBEE FRENCH FRIES 16GR,Snack,PT INTI NIAGA PRANASARI,AGUS PURNOMO,DUS,1.00 DUS : 1.00 DUS,1.00 DUS : 30.00 PCS,30
LB0339,,KRUMPUL REGE MADU SARI,Konsinyasi,,,PCS,1.00 PCS : 1.00 PCS,1.00 PCS : 1.00 PCS,1
LB0158,5800158,KRUPUK BAWANG GARUDA JAYA,Grosir,GARUDA JAYA,DANANG IMAM SANTOSO,BALL,1.00 BALL : 1.00 BALL,1.00 BALL : 10.00 PCS,10
LB0263,5800263,KRUPUK BAWANG PEDAS UD BAROKAH,Grosir,UD. BAROKAH (KRIAQ-KRIUQ),DANANG IMAM SANTOSO,BALL,1.00 BALL : 1.00 BALL,1.00 BALL : 12.00 PCS,12
LB1433,5801433,KRUPUK BAWANG PENTIL UD BAROKAH,Grosir,UD. BAROKAH (KRIAQ-KRIUQ),DANANG IMAM SANTOSO,BALL,1.00 BALL : 1.00 BALL,1.00 BALL : 12.00 PCS,12
LB1432,5801432,KRUPUK BAWANG POLET UD BAROKAH,Grosir,UD. BAROKAH (KRIAQ-KRIUQ),DANANG IMAM SANTOSO,BALL,1.00 BALL : 1.00 BALL,1.00 BALL : 12.00 PCS,12
LB0767,,KRUPUK CAP IKAN BAWANG CAKPOR,Snack,,,BALL,1.00 BALL : 1.00 BALL,1.00 BALL : 12.00 PCS,12
LB0279,,KRUPUK IKAN ANDHIKA,Snack,,,BALL,1.00 BALL : 1.00 BALL,1.00 BALL : 10.00 PCS,10
LB0679,,KRUPUK KRUCIL UDANG KECIL 5KG,Sembako,,,BALL,1.00 BALL : 1.00 BALL,1.00 BALL : 5.00 KG,5
LB0283,5800283,KRUPUK RUJAK UD BAROKAH,Grosir,UD. BAROKAH (KRIAQ-KRIUQ),DANANG IMAM SANTOSO,BALL,1.00 BALL : 1.00 BALL,1.00 BALL : 12.00 PCS,12
LB3243,,KRUPUK SEBLAK MAWAR PEDAS 2KG,Grosir,,,BALL,1.00 BALL : 1.00 BALL,1.00 BALL : 1.50 KG,1.5
LB0285,8995108500052,KUACI REBO MILK FLAVOUR,Snack,UD BINTANG ANUGRAH,M MUJAHIDIN,PCS,1.00 PCS : 1.00 PCS,1.00 PCS : 1.00 PCS,1
LB0286,8995108500038,KUACI REBO ORIGINAL,Snack,UD BINTANG ANUGRAH,M MUJAHIDIN,PCS,1.00 PCS : 1.00 PCS,1.00 PCS : 1.00 PCS,1
LB0534,,KUE JINTEN PUJI RASA,Snack,,,BALL,1.00 BALL : 1.00 BALL,1.00 BALL : 12.00 PCS,12
LB5900,,KULIT DIMSUM TORI 250gr,Frozen food,,,BALL,1.00 BALL : 1.00 BALL,1.00 BALL : 10.00 PCS,10
LB4368,,KULIT LUMPIA ARFI,Frozen food,,,BALL,1.00 BALL : 1.00 BALL,1.00 BALL : 10.00 PCS,10
LB6030,,KULIT LUMPIA KHALIEF 20cm,Frozen food,,,BALL,1.00 BALL : 1.00 BALL,1.00 BALL : 10.00 PCS,10
LB4203,,KULIT PANGSIT PANGKAZA 200GR,Frozen food,,,BALL,1.00 BALL : 1.00 BALL,1.00 BALL : 20.00 PCS,20
LB4779,,KULIT PANGSIT PANGKAZA 8cm,Frozen food,,,BALL,1.00 BALL : 1.00 BALL,1.00 BALL : 20.00 PCS,20
LB2162,745760316694,KUNYIT BUBUK BUMBUKU 5GR,Sembako,CV LANDAHUR,M KHOIRUL UMAM,RENTENG,1.00 RENTENG : 1.00 RENTENG,1.00 RENTENG : 12.00 PCS,12
LB2938,,KUSUKA KERIPIK SINGKONG RASA BARBEQUE 180G,Snack,,,BOX,1.00 BOX : 1.00 BOX,1.00 BOX : 10.00 PCS,10
LB6537,,LA TELUR ASIN,Snack,,,PCS,1.00 PCS : 1.00 PCS,1.00 PCS : 1.00 PCS,1
LB1266,,LABEL HARGA/KELETAN,Oprasional,,,PACK,1.00 PACK : 1.00 PACK,1.00 PACK : 25.00 PCS,25
LB1791,8997011930612,LADAKU MERICA BUBUK 2.5GR,Sembako,GROSIR,M MUJAHIDIN,RENTENG,1.00 RENTENG : 1.00 RENTENG,1.00 RENTENG : 12.00 PCS,12
LB3231,,LAGIE CHOCO CHIPS 3 KG,Sembako,,,BOX,1.00 BOX : 1.00 BOX,1.00 BOX : 1.00 BOX,1
LB3190,,LAGIE GARUDA 12.5KG,Sembako,,,BOX,1.00 BOX : 1.00 BOX,1.00 BOX : 1.00 BOX,1
LB1245,8999818912204,LAKBAN HITAM,Oprasional,DC PACKAGING,M ROISUL ANAM,PCS,1.00 PCS : 1.00 PCS,1.00 PCS : 1.00 PCS,1
LB6441,,LAMPU HANNOCHS KRYPTON 12WATT,Kebutuhan,,,PCS,1.00 PCS : 1.00 PCS,1.00 PCS : 1.00 PCS,1
LB6438,,LAMPU HANNOCHS KRYPTON 5WATT,Kebutuhan,,,PCS,1.00 PCS : 1.00 PCS,1.00 PCS : 1.00 PCS,1
LB6439,,LAMPU HANNOCHS KRYPTON 7WATT,Kebutuhan,,,PCS,1.00 PCS : 1.00 PCS,1.00 PCS : 1.00 PCS,1
LB6440,,LAMPU HANNOCHS KRYPTON 9WATT,Kebutuhan,,,PCS,1.00 PCS : 1.00 PCS,1.00 PCS : 1.00 PCS,1
LB6443,,LAMPU HANNOCHS VARIO 22WATT,Kebutuhan,,,PCS,1.00 PCS : 1.00 PCS,1.00 PCS : 1.00 PCS,1
LB6437,,LAMPU SURYA CAPTIVA 5WATT,Kebutuhan,,,PCS,1.00 PCS : 1.00 PCS,1.00 PCS : 1.00 PCS,1
LB6446,,LAMPU SURYA CAPTIVA 9WATT,Kebutuhan,,,PCS,1.00 PCS : 1.00 PCS,1.00 PCS : 1.00 PCS,1
LB3250,,LAROME PANDAN 500g,Sembako,,,PACK,1.00 PACK : 1.00 PACK,1.00 PACK : 4.00 PCS,4
LB3170,,LAROME VANILLA SUSU 500gr,Kebutuhan,,,BOX,1.00 BOX : 1.00 BOX,1.00 BOX : 4.00 PCS,4
LB4777,18995227500121,LARUTAN CAP KAKI TIGA BOTOL 200ml,Minuman,CV MITRA SEJATI DISTRIBUSI,PRASETYO PAMBUDI,BOX,1.00 BOX : 1.00 BOX,1.00 BOX : 48.00 PCS,48
LB4778,18995227500268,LARUTAN CAP KAKI TIGA BOTOL 500ml,Minuman,CV MITRA SEJATI DISTRIBUSI,PRASETYO PAMBUDI,BOX,1.00 BOX : 1.00 BOX,1.00 BOX : 24.00 PCS,24
LB1068,8995227500247,LARUTAN CAP KAKI TIGA JAMBU,Minuman,CV MITRA SEJATI DISTRIBUSI,PRASETYO PAMBUDI,BOX,1.00 BOX : 1.00 BOX,1.00 BOX : 24.00 PCS,24
LB1020,8995227500278,LARUTAN CAP KAKI TIGA LECI,Minuman,CV MITRA SEJATI DISTRIBUSI,PRASETYO PAMBUDI,BOX,1.00 BOX : 1.00 BOX,1.00 BOX : 24.00 PCS,24
LB1135,8995227500292,LARUTAN CAP KAKI TIGA MELON,Minuman,CV MITRA SEJATI DISTRIBUSI,PRASETYO PAMBUDI,BOX,1.00 BOX : 1.00 BOX,1.00 BOX : 24.00 PCS,24
LB0072,,LARUTAN PENYEGAR CAP BADAK RASA JAMBU 320ml,Minuman,,,BOX,1.00 BOX : 1.00 BOX,1.00 BOX : 24.00 PCS,24
LB0226,,LARUTAN PENYEGAR CAP BADAK RASA JERUK 320ml,Minuman,,,BOX,1.00 BOX : 1.00 BOX,1.00 BOX : 24.00 PCS,24
LB0167,,LARUTAN PENYEGAR CAP BADAK RASA LECI 320ml,Minuman,,,BOX,1.00 BOX : 1.00 BOX,1.00 BOX : 24.00 PCS,24
LB0109,,LARUTAN PENYEGAR CAP BADAK RASA STRAWBERRY 320ml,Minuman,,,BOX,1.00 BOX : 1.00 BOX,1.00 BOX : 24.00 PCS,24
LB0305,,LASEGAR ANGGUR,Minuman,,,BOX,1.00 BOX : 1.00 BOX,1.00 BOX : 24.00 PCS,24
LB0306,8999988778846,LASEGAR JAMBU,Minuman,PT TUJUH BERLIAN SAKTI,PRASETYO PAMBUDI,BOX,1.00 BOX : 1.00 BOX,1.00 BOX : 24.00 PCS,24
LB0307,8999988778815,LASEGAR JERUK,Minuman,PT TUJUH BERLIAN SAKTI,PRASETYO PAMBUDI,BOX,1.00 BOX : 1.00 BOX,1.00 BOX : 24.00 PCS,24
LB0308,8999988778877,LASEGAR JERUK NIPIS,Minuman,PT TUJUH BERLIAN SAKTI,PRASETYO PAMBUDI,BOX,1.00 BOX : 1.00 BOX,1.00 BOX : 24.00 PCS,24
LB0309,8999988778365,LASEGAR LECI,Minuman,PT TUJUH BERLIAN SAKTI,PRASETYO PAMBUDI,BOX,1.00 BOX : 1.00 BOX,1.00 BOX : 24.00 PCS,24
LB0310,8999988778839,LASEGAR MELON,Minuman,PT TUJUH BERLIAN SAKTI,PRASETYO PAMBUDI,BOX,1.00 BOX : 1.00 BOX,1.00 BOX : 24.00 PCS,24
LB0311,,LASEGAR STRAWBERRY,Minuman,,,BOX,1.00 BOX : 1.00 BOX,1.00 BOX : 24.00 PCS,24
LB2108,,LASEGAR TWIST JERUK LEMON 320ML,Minuman,,,BOX,1.00 BOX : 1.00 BOX,1.00 BOX : 24.00 PCS,24
LB0733,,LASEGAR TWIST LEMON 320ml,Minuman,,,BOX,1.00 BOX : 1.00 BOX,1.00 BOX : 24.00 PCS,24
LB7697,18994462790021,LAYS RUMPUT LAUT 64gr,Snack,PT. MENSA BINASUKSES,EKO SUYANTO,DUS,1.00 DUS : 1.00 DUS,1.00 DUS : 22.00 PCS,22
LB7707,18994462790069,LAYS WAVY DAGING SAPI BAKAR 64gr,Snack,PT. MENSA BINASUKSES,EKO SUYANTO,DUS,1.00 DUS : 1.00 DUS,1.00 DUS : 22.00 PCS,22
LB6186,762497886429,LCM DURIAN 32g,Snack,PT. ABADI DUTA LESTARI,ADITYA,BOX,1.00 BOX : 1.00 BOX,1.00 BOX : 8.00 PCS,8
LB6188,762497886306,LCM JAMUR 48g,Snack,PT. ABADI DUTA LESTARI,ADITYA,BOX,1.00 BOX : 1.00 BOX,1.00 BOX : 12.00 PCS,12
LB6190,762497886436,LCM LABU 72g,Snack,PT. ABADI DUTA LESTARI,ADITYA,BOX,1.00 BOX : 1.00 BOX,1.00 BOX : 12.00 PCS,12
LB6189,762497886382,LCM OKRA 43g,Snack,PT. ABADI DUTA LESTARI,ADITYA,BOX,1.00 BOX : 1.00 BOX,1.00 BOX : 12.00 PCS,12
LB6187,762497886368,LCM STRAWBERRY 36g,Snack,PT. ABADI DUTA LESTARI,ADITYA,BOX,1.00 BOX : 1.00 BOX,1.00 BOX : 8.00 PCS,8
LB0312,8996001600399,LE MINERAL 1500,Minuman,BI PT. CIPTA NIAGA SEMESTA BJN,EKO SUYANTO,BOX,1.00 BOX : 1.00 BOX,1.00 BOX : 12.00 PCS,12
LB0313,8996001600269,LE MINERAL 600,Minuman,BI PT. CIPTA NIAGA SEMESTA BJN,EKO SUYANTO,BOX,1.00 BOX : 1.00 BOX,1.00 BOX : 24.00 PCS,24
LB0166,8996001600726,LE MINERALE GALON 15L,Minuman,BI PT. CIPTA NIAGA SEMESTA BJN,EKO SUYANTO,PCS,1.00 PCS : 1.00 PCS,1.00 PCS : 1.00 PCS,1
LB4980,8996001600764,LE MINERALE GALON 5L,Minuman,BI PT. CIPTA NIAGA SEMESTA BJN,EKO SUYANTO,BOX,1.00 BOX : 1.00 BOX,1.00 BOX : 4.00 PCS,4
LB3047,,LE PATTA BAKERY RASA MILKY CREAM 1KG,Sembako,,,PCS,1.00 PCS : 1.00 PCS,1.00 PCS : 1.00 PCS,1
LB3043,,LE PATTA BAKERY RASA RASAKAYA 1KG,Sembako,,,PCS,1.00 PCS : 1.00 PCS,1.00 PCS : 1.00 PCS,1
LB3044,,LE PATTA BAKERY RASA TARO 1KG,Sembako,,,PCS,1.00 PCS : 1.00 PCS,1.00 PCS : 1.00 PCS,1
LB3048,,LE PATTA BAKERY RASA VANILLA CREAM 1 KG,Sembako,,,PCS,1.00 PCS : 1.00 PCS,1.00 PCS : 1.00 PCS,1
LB3068,,LE PATTA TROPICANA BLUEBERRY 5KG,Sembako,,,BOX,1.00 BOX : 1.00 BOX,1.00 BOX : 2.00 PCS,2
LB3069,,LE PATTA TROPICANA PINNEAPLE 5KG,Sembako,,,BOX,1.00 BOX : 1.00 BOX,1.00 BOX : 2.00 PCS,2
LB3070,,LE PATTA TROPICANA STRAWBERRY 5KG,Sembako,,,BOX,1.00 BOX : 1.00 BOX,1.00 BOX : 2.00 PCS,2
LB0315,5800315,LEDRE ASLI PISANG RAJA,Snack,LEDRE KHUSNUL,DANANG IMAM SANTOSO,BALL,1.00 BALL : 1.00 BALL,1.00 BALL : 10.00 PCS,10
LB0316,,LEDRE SARI RASA HIJAU,Snack,,,BALL,1.00 BALL : 1.00 BALL,1.00 BALL : 10.00 PCS,10
LB0317,,LEDRE SARI RASA MERAH,Snack,,,BALL,1.00 BALL : 1.00 BALL,1.00 BALL : 10.00 PCS,10
LB4620,,LEM SUPER GADJAH MADA,Kebutuhan,,,PACK,1.00 PACK : 1.00 PACK,1.00 PACK : 50.00 PCS,50
LB5560,18997232971330,LEMONILO CHIMI KERIPIK UBI RASA JAGUNG BAKAR 85gr,Snack,PT. RAMASURYA PERKASA DISTRINDO,EKO SUYANTO,DUS,1.00 DUS : 1.00 DUS,1.00 DUS : 12.00 PCS,12
LB6061,,LERVIA HONEY 90GR,Kebutuhan,,,PCS,1.00 PCS : 1.00 PCS,1.00 PCS : 1.00 PCS,1
LB6062,,LERVIA MILK 90GR,Kebutuhan,,,PCS,1.00 PCS : 1.00 PCS,1.00 PCS : 1.00 PCS,1
LB5113,,LIBRA COTTON BUDS,Kebutuhan,,,PACK,1.00 PACK : 1.00 PACK,1.00 PACK : 12.00 PCS,12
LB4537,,LID MIKA BOX SQUARE PET 16OZ,Oprasional,,,DUS,1.00 DUS : 1.00 DUS,1.00 DUS : 1.00 DUS,1
LB2197,,LIFEBUOY CAIR 2IN1 ANTIBACTERIAL HAND & BODY WASH,Kebutuhan,,,PCS,1.00 PCS : 1.00 PCS,1.00 PCS : 1.00 PCS,1
LB1339,,LIFEBUOY COOL FRESH 75GR,Kebutuhan,,,PCS,1.00 PCS : 1.00 PCS,1.00 PCS : 1.00 PCS,1
LB1158,8999999059316,LIFEBUOY MILD CARE 60GR,Kebutuhan,UD. SANUR BOJONEGORO,M MUJAHIDIN,PCS,1.00 PCS : 1.00 PCS,1.00 PCS : 1.00 PCS,1
LB7599,,LIFEBUOY PAKED 10GR,Kebutuhan,,,PCS,1.00 PCS : 1.00 PCS,1.00 PCS : 1.00 PCS,1
LB1150,8999999027056,LIFEBUOY SHAMPOO BIRU 10ML,Kebutuhan,UD. SANUR BOJONEGORO,M MUJAHIDIN,RENTENG,1.00 RENTENG : 1.00 RENTENG,1.00 RENTENG : 1.00 RENTENG,1
LB1149,8999999027032,LIFEBUOY SHAMPOO HIJAU 10ML,Kebutuhan,UD. SANUR BOJONEGORO,M MUJAHIDIN,RENTENG,1.00 RENTENG : 1.00 RENTENG,1.00 RENTENG : 1.00 RENTENG,1
LB7904,8999999001193,LIFEBUOY TOTAL 380g,Kebutuhan,UD. SANUR BOJONEGORO,ADITYA,PCS,1.00 PCS : 1.00 PCS,1.00 PCS : 1.00 PCS,1
LB1159,8999999059309,LIFEBUOY TOTAL10 60GR,Kebutuhan,UD. SANUR BOJONEGORO,M MUJAHIDIN,PCS,1.00 PCS : 1.00 PCS,1.00 PCS : 1.00 PCS,1
LB0320,5800320,LIFFIA BAKPIA FF,Snack,LIFFIA MAGETAN,PRASETYO PAMBUDI,BALL,1.00 BALL : 1.00 BALL,1.00 BALL : 10.00 PCS,10
LB0321,5800321,LIFFIA BOLU KERING,Snack,LIFFIA MAGETAN,PRASETYO PAMBUDI,BALL,1.00 BALL : 1.00 BALL,1.00 BALL : 10.00 PCS,10
LB0325,,LIFFIA GULA KACANG,Snack,,,BALL,1.00 BALL : 1.00 BALL,1.00 BALL : 10.00 PCS,10
LB0328,5800328,LIFFIA KUE KACANG,Snack,LIFFIA MAGETAN,PRASETYO PAMBUDI,BALL,1.00 BALL : 1.00 BALL,1.00 BALL : 10.00 PCS,10
LB0329,5800329,LIFFIA PIA KACANG MK,Snack,LIFFIA MAGETAN,PRASETYO PAMBUDI,BALL,1.00 BALL : 1.00 BALL,1.00 BALL : 10.00 PCS,10
LB0903,5800903,LIFFIA PIA KARDUS,Snack,LIFFIA MAGETAN,PRASETYO PAMBUDI,BALL,1.00 BALL : 1.00 BALL,1.00 BALL : 10.00 PCS,10
LB4605,,LILIN PUTIH CAP BINTANG,Kebutuhan,,,PACK,1.00 PACK : 1.00 PACK,1.00 PACK : 24.00 PCS,24
LB0333,5800333,LOLYPOP ARIES,Snack,SALES LOLYPOP ARIES,M KHOIRUL UMAM,PACK,1.00 PACK : 1.00 PACK,1.00 PACK : 10.00 PCS,10
LB1694,,LOMBOK TEPUNG BERAS,Sembako,,,BALL,1.00 BALL : 1.00 BALL,1.00 BALL : 20.00 PCS,20
LB1696,,LOMBOK TEPUNG REMPEYEK,Sembako,,,BALL,1.00 BALL : 1.00 BALL,1.00 BALL : 40.00 PCS,40
LB1697,,LOMBOK TEPUNG SERBAGUNA,Sembako,,,BALL,1.00 BALL : 1.00 BALL,1.00 BALL : 40.00 PCS,40
LB3812,,LPG 3KG,Sembako,,,PCS,1.00 PCS : 1.00 PCS,1.00 PCS : 1.00 PCS,1
LB3589,8994504121311,LUCKY STICK COKELAT,Snack,PT SUKANDA DJAYA,MOHAMMAD AMINUDIN,BOX,1.00 BOX : 1.00 BOX,1.00 BOX : 10.00 PCS,10
LB7943,8994171102040,LUWAK KOPI GULA 115GR,Sembako,SAKTI SETIA SENTOSA,PRASETYO PAMBUDI,DUS,1.00 DUS : 1.00 DUS,1.00 DUS : 20.00 PCS,20
LB7945,8994171101715,LUWAK KOPI MURNI 100GR,Sembako,SAKTI SETIA SENTOSA,PRASETYO PAMBUDI,DUS,1.00 DUS : 1.00 DUS,1.00 DUS : 12.00 PCS,12
LB1233,8994171102859,LUWAK WHITE COFEE RENTENG,Sembako,SAKTI SETIA SENTOSA,PRASETYO PAMBUDI,DUS,1.00 DUS : 1.00 DUS,1.00 DUS : 120.00 PCS,120
LB0735,,LUWAK WHITE COFFIE BOTOL,Minuman,,,BOX,1.00 BOX : 1.00 BOX,1.00 BOX : 12.00 PCS,12
LB7940,8994171102118,LUWAK WHITE LESS SUGAR 171GR,Sembako,SAKTI SETIA SENTOSA,PRASETYO PAMBUDI,DUS,1.00 DUS : 1.00 DUS,1.00 DUS : 20.00 PCS,20
LB7942,8994171101371,LUWAK WHITE ORIGINAL 180GR,Sembako,SAKTI SETIA SENTOSA,PRASETYO PAMBUDI,DUS,1.00 DUS : 1.00 DUS,1.00 DUS : 20.00 PCS,20
LB1161,8999999500399,LUX CAMELLIA BRIGHT 75GR,Kebutuhan,UD. SANUR BOJONEGORO,M MUJAHIDIN,PCS,1.00 PCS : 1.00 PCS,1.00 PCS : 1.00 PCS,1
LB1227,8999999031107,LUX LILY FRESH 75GR,Kebutuhan,UD. SANUR BOJONEGORO,M MUJAHIDIN,PCS,1.00 PCS : 1.00 PCS,1.00 PCS : 1.00 PCS,1
LB1210,8999999036690,LUX MAGICAL ORCHID 70FR,Kebutuhan,UD. SANUR BOJONEGORO,M MUJAHIDIN,PCS,1.00 PCS : 1.00 PCS,1.00 PCS : 1.00 PCS,1
LB7905,8999999036829,LUX SOFT ROSE 380g,Kebutuhan,UD. SANUR BOJONEGORO,ADITYA,PCS,1.00 PCS : 1.00 PCS,1.00 PCS : 1.00 PCS,1
LB1160,8999999036607,LUX SOFT ROSE 70GR,Kebutuhan,UD. SANUR BOJONEGORO,M MUJAHIDIN,PCS,1.00 PCS : 1.00 PCS,1.00 PCS : 1.00 PCS,1
LB1162,8999999036638,LUX VELVET JASMINE 70GR,Kebutuhan,UD. SANUR BOJONEGORO,M MUJAHIDIN,PCS,1.00 PCS : 1.00 PCS,1.00 PCS : 1.00 PCS,1
LB0440,,MADU HUTAN SIALANG 1000gr,Sembako,,,PACK,1.00 PACK : 1.00 PACK,1.00 PACK : 5.00 PCS,5
LB0438,,MADU HUTAN SIALANG 500gr,Sembako,,,PACK,1.00 PACK : 1.00 PACK,1.00 PACK : 5.00 PCS,5
LB0788,5800788,MADU SARANG,Snack,MADU SARANG KOESLAN,PRASETYO PAMBUDI,PCS,1.00 PCS : 1.00 PCS,1.00 PCS : 1.00 PCS,1
LB0439,,MADU SUPER KALIANDRA 1000gr,Sembako,,,PACK,1.00 PACK : 1.00 PACK,1.00 PACK : 5.00 PCS,5
LB0436,,MADU SUPER KALIANDRA 500gr,Sembako,,,PACK,1.00 PACK : 1.00 PACK,1.00 PACK : 5.00 PCS,5
LB1977,,MAGGI MAGIC LEZAT SERBAGUNA 7GR,Sembako,,,RENTENG,1.00 RENTENG : 1.00 RENTENG,1.00 RENTENG : 12.00 PCS,12
LB7976,,MAGIC STICK AYAM BAWANG 365GR,Snack,,,DUS,1.00 DUS : 1.00 DUS,1.00 DUS : 5.00 PCS,5
LB7977,,MAGIC STICK RUMPUT LAUT 365GR,Snack,,,DUS,1.00 DUS : 1.00 DUS,1.00 DUS : 5.00 PCS,5
LB3230,,MAHKOTA BIRU MARGARIN KRIM RASA TUTTY FRUITTY 10 KG,Sembako,,,DUS,1.00 DUS : 1.00 DUS,1.00 DUS : 1.00 DUS,1
LB1369,,MAKARONI ASIN 2.25kg,Grosir,,,BALL,1.00 BALL : 1.00 BALL,1.00 BALL : 2.25 KG,2.25
LB0650,,MAKARONI PEDAS TIGA PUTRA 2.5 KG,Grosir,,,BALL,1.00 BALL : 1.00 BALL,1.00 BALL : 2.50 KG,2.5
LB0742,,MAKARONI SEPAT SUKA 5kg,Grosir,,,BALL,1.00 BALL : 1.00 BALL,1.00 BALL : 5.00 KG,5
LB0350,8996001302323,MALKIST ABON 126gr,Snack,BI PT. CIPTA NIAGA SEMESTA BJN,MIFTAKHUR ROZI,BOX,1.00 BOX : 1.00 BOX,1.00 BOX : 30.00 PCS,30
LB0351,8996001302637,MALKIST COKLAT 90gr,Snack,BI PT. CIPTA NIAGA SEMESTA BJN,MIFTAKHUR ROZI,BOX,1.00 BOX : 1.00 BOX,1.00 BOX : 30.00 PCS,30
LB0352,8996001302026,MALKIST CRACKERS 105gr,Snack,BI PT. CIPTA NIAGA SEMESTA BJN,MIFTAKHUR ROZI,BOX,1.00 BOX : 1.00 BOX,1.00 BOX : 30.00 PCS,30
LB4369,661706049290,MAMA KOKO SANTAN 65ML,Sembako,CHARIEND JAYA SEMBAKO/ INDOMARCO,EKO SUYANTO,DUS,1.00 DUS : 1.00 DUS,1.00 DUS : 32.00 PCS,32
LB1185,8998866183208,MAMA LIME 107G,Kebutuhan,PT INTI NIAGA PRANASARI,AGUS PURNOMO,BOX,1.00 BOX : 1.00 BOX,1.00 BOX : 24.00 PCS,24
LB8043,,MAMA LIME 610G,Kebutuhan,,,DUS,1.00 DUS : 1.00 DUS,1.00 DUS : 12.00 PCS,12
LB3194,,MAMA SUKA MAYONAIS 1KG,Sembako,,,BOX,1.00 BOX : 1.00 BOX,1.00 BOX : 8.00 PCS,8
LB0568,7622210708434,MAMASUKA BUMBU KUAH BAKSO 8GR,Sembako,GROSIR,M MUJAHIDIN,RENTENG,1.00 RENTENG : 1.00 RENTENG,1.00 RENTENG : 12.00 PCS,12
LB3152,,MAMASUKA MAYONAISE SALAD DRESSING 1KG,Sembako,,,BOX,1.00 BOX : 1.00 BOX,1.00 BOX : 8.00 PCS,8
LB2174,,MAMASUKA TERASI UDANG 80GR,Sembako,,,PACK,1.00 PACK : 1.00 PACK,1.00 PACK : 20.00 PCS,20
LB1680,,MAMASUKA TERASI UDANG JUANA,Sembako,,,PCS,1.00 PCS : 1.00 PCS,1.00 PCS : 1.00 PCS,1
LB0125,,MAMY POKO PANTS L,Kebutuhan,,,PCS,1.00 PCS : 1.00 PCS,1.00 PCS : 1.00 PCS,1
LB0124,,MAMY POKO PANTS S,Kebutuhan,,,PCS,1.00 PCS : 1.00 PCS,1.00 PCS : 1.00 PCS,1
LB0123,,MAMY POKO PANTS XL,Kebutuhan,,,PCS,1.00 PCS : 1.00 PCS,1.00 PCS : 1.00 PCS,1
LB4392,8997015910108,MANILA TEPUNG MAIZENA 250GR,Sembako,SAKTI SETIA SENTOSA,DANANG IMAM SANTOSO,DUS,1.00 DUS : 1.00 DUS,1.00 DUS : 40.00 PCS,40
LB3027,,MARGARIN BLUE BAND CAKE 1X15KG,MATERIAL PRODUKSI,,,DUS,1.00 DUS : 1.00 DUS,1.00 DUS : 15.00 KG,15
LB3172,,MARGARIN GOLD BULLION BOS 1X15KG,MATERIAL PRODUKSI,,,BOX,1.00 BOX : 1.00 BOX,1.00 BOX : 15.00 KG,15
LB3038,,MARGARIN GOLD BULLION FLAKE PASTRI 1X15KG,MATERIAL PRODUKSI,,,BOX,1.00 BOX : 1.00 BOX,1.00 BOX : 1.00 BOX,1
LB3026,,MARGARIN MOTHERS CHOISE BAKERY 1X15KG,MATERIAL PRODUKSI,,,DUS,1.00 DUS : 1.00 DUS,1.00 DUS : 15.00 KG,15
LB4195,,MARINDO ASSORTED BISCUITS & WAFER 600G,Seasonal,,,DUS,1.00 DUS : 1.00 DUS,1.00 DUS : 6.00 PCS,6
LB4193,,MARINDO BLACK COOKIES KRIM COKELAT 350G,Seasonal,,,DUS,1.00 DUS : 1.00 DUS,1.00 DUS : 6.00 PCS,6
LB4194,,MARINDO BLACK COOKIES KRIM VANILA 350G,Seasonal,,,DUS,1.00 DUS : 1.00 DUS,1.00 DUS : 6.00 PCS,6
LB6698,,MARINDO CHOCO CRISP 270G,Seasonal,,,DUS,1.00 DUS : 1.00 DUS,1.00 DUS : 6.00 PCS,6
LB0736,,MARJAN BOUDOIN COCO PANDAN,Seasonal,,,BOX,1.00 BOX : 1.00 BOX,1.00 BOX : 12.00 PCS,12
LB3294,,MARJAN BOUDOIN LECI,Minuman,,,BOX,1.00 BOX : 1.00 BOX,1.00 BOX : 12.00 PCS,12
LB0738,,MARJAN BOUDOIN MELON,Seasonal,,,BOX,1.00 BOX : 1.00 BOX,1.00 BOX : 12.00 PCS,12
LB4377,,MARJAN SQUASH COCOPANDAN 425ML,Minuman,,,DUS,1.00 DUS : 1.00 DUS,1.00 DUS : 12.00 PCS,12
LB4378,,MARJAN SQUASH LYCHEE 425ML,Minuman,,,DUS,1.00 DUS : 1.00 DUS,1.00 DUS : 12.00 PCS,12
LB4379,,MARJAN SQUASH ORANGE 425ML,Minuman,,,DUS,1.00 DUS : 1.00 DUS,1.00 DUS : 12.00 PCS,12
LB2107,,MARNING JAGUNG MEKAR 5KG,Grosir,,,BALL,1.00 BALL : 1.00 BALL,1.00 BALL : 5.00 KG,5
LB1910,8992770034175,MASAKO AYAM 100GR,Sembako,PT. AJINOMOTO SALES INDONESIA,AGUS PURNOMO,PCS,1.00 PCS : 1.00 PCS,1.00 PCS : 1.00 PCS,1
LB1624,8992770033130,MASAKO AYAM 8.5GR,Sembako,PT. AJINOMOTO SALES INDONESIA,AGUS PURNOMO,RENTENG,1.00 RENTENG : 1.00 RENTENG,1.00 RENTENG : 12.00 PCS,12
LB1749,8992770034212,MASAKO KALDU SPESIAL AYAM 123GR,Sembako,PT. AJINOMOTO SALES INDONESIA,AGUS PURNOMO,PCS,1.00 PCS : 1.00 PCS,1.00 PCS : 1.00 PCS,1
LB1750,8992770034229,MASAKO KALDU SPESIAL SAPI 123GR,Sembako,PT. AJINOMOTO SALES INDONESIA,AGUS PURNOMO,PCS,1.00 PCS : 1.00 PCS,1.00 PCS : 1.00 PCS,1
LB1625,8992770034182,MASAKO SAPI 100GR,Sembako,PT. AJINOMOTO SALES INDONESIA,AGUS PURNOMO,PCS,1.00 PCS : 1.00 PCS,1.00 PCS : 1.00 PCS,1
LB1623,8992770033147,MASAKO SAPI 8.5GR,Sembako,PT. AJINOMOTO SALES INDONESIA,AGUS PURNOMO,RENTENG,1.00 RENTENG : 1.00 RENTENG,1.00 RENTENG : 12.00 PCS,12
LB0715,,MASKER 3 PLY,Kebutuhan,,,BOX,1.00 BOX : 1.00 BOX,1.00 BOX : 1.00 BOX,1
LB0716,5800716,MASKER DUCKBILL,Kebutuhan,GROSIR,EKO SUYANTO,BOX,1.00 BOX : 1.00 BOX,1.00 BOX : 1.00 BOX,1
LB6239,8997221810254,MATGIM NORI OR5,Snack,PT OPTIMUS PERKASA INDONESIA,ADITYA,DUS,1.00 DUS : 1.00 DUS,1.00 DUS : 80.00 PCS,80
LB2003,10089686729037,MAXICORN BARBECUE FLAVOUR 150GR,Snack,PT. INDOMARCO ADI PRIMA,MIFTAKHUR ROZI,BOX,1.00 BOX : 1.00 BOX,1.00 BOX : 20.00 PCS,20
LB4960,89686729047,MAXICORN NACHO CHEESE FLAVOUR 140GR,Snack,PT. INDOMARCO ADI PRIMA,MIFTAKHUR ROZI,DUS,1.00 DUS : 1.00 DUS,1.00 DUS : 20.00 PCS,20
LB2002,89686729023,MAXICORN ROASTED CORN FLAVOUR 160GR,Snack,PT. INDOMARCO ADI PRIMA,MIFTAKHUR ROZI,BOX,1.00 BOX : 1.00 BOX,1.00 BOX : 20.00 PCS,20
LB1605,,MAYA SARDEN CHILI 155GR,Sembako,,,PCS,1.00 PCS : 1.00 PCS,1.00 PCS : 1.00 PCS,1
LB1604,,MAYA SARDEN TOMAT 155GR,Sembako,,,PCS,1.00 PCS : 1.00 PCS,1.00 PCS : 1.00 PCS,1
LB2346,,MAYONAISE MC LEWIS 1KG MANIS,Sembako,,,BOX,1.00 BOX : 1.00 BOX,1.00 BOX : 12.00 PCS,12
LB6334,,MAYONAISE MC LEWIS ORIGINAL 500GR,Sembako,,,PCS,1.00 PCS : 1.00 PCS,1.00 PCS : 1.00 PCS,1
LB1747,8992770111005,MAYUMI SAUS CREAMY SERBAGUNA 100GR,Sembako,PT. AJINOMOTO SALES INDONESIA,AGUS PURNOMO,PCS,1.00 PCS : 1.00 PCS,1.00 PCS : 1.00 PCS,1
LB1746,8992770111012,MAYUMI SAUS CREAMY SERBAGUNA PEDAS 100GR,Sembako,PT. AJINOMOTO SALES INDONESIA,AGUS PURNOMO,PCS,1.00 PCS : 1.00 PCS,1.00 PCS : 1.00 PCS,1
LB8152,,MEC RONI BALADO 350g,Snack,,,BALL,1.00 BALL : 1.00 BALL,1.00 BALL : 12.00 PCS,12
LB8155,,MEC RONI ORIGINAL 350g,Snack,,,BALL,1.00 BALL : 1.00 BALL,1.00 BALL : 12.00 PCS,12
LB4246,,MEISES DORE 12.5GR,Sembako,,,DUS,1.00 DUS : 1.00 DUS,1.00 DUS : 1.00 DUS,1
LB3225,,MEISES DORE COKELAT 12.5 KG,Sembako,,,BOX,1.00 BOX : 1.00 BOX,1.00 BOX : 1.00 BOX,1
LB3046,,MENTARI DONUT DUSTING 200 GR,Sembako,,,BOX,1.00 BOX : 1.00 BOX,1.00 BOX : 16.00 PCS,16
LB1009,8990800022567,MENTOS ANGGUR,Snack,CV MITRA SEJATI DISTRIBUSI,EKO SUYANTO,BOX,1.00 BOX : 1.00 BOX,1.00 BOX : 14.00 PCS,14
LB1010,8990800022550,MENTOS FRUIT,Snack,CV MITRA SEJATI DISTRIBUSI,EKO SUYANTO,BOX,1.00 BOX : 1.00 BOX,1.00 BOX : 14.00 PCS,14
LB1116,8990800022543,MENTOS MINT,Snack,CV MITRA SEJATI DISTRIBUSI,EKO SUYANTO,BOX,1.00 BOX : 1.00 BOX,1.00 BOX : 14.00 PCS,14
LB1139,8990800022574,MENTOS RAINBOW,Snack,CV MITRA SEJATI DISTRIBUSI,EKO SUYANTO,BOX,1.00 BOX : 1.00 BOX,1.00 BOX : 14.00 PCS,14
LB3042,,MERCOLADE CHOCOLATE FILLING PASTA 5KG,Sembako,,,BOX,1.00 BOX : 1.00 BOX,1.00 BOX : 4.00 PCS,4
LB2166,745760402427,MERICA BUBUK BUMBUKU 1.8GR,Sembako,CV LANDAHUR,M KHOIRUL UMAM,RENTENG,1.00 RENTENG : 1.00 RENTENG,1.00 RENTENG : 12.00 PCS,12
LB5287,,MESES COKLAT 270gr,Sembako,,,BALL,1.00 BALL : 1.00 BALL,1.00 BALL : 20.00 PCS,20
LB3128,,MESES GOGO/DORE COKLAT 12.5KG,Roti,,,DUS,1.00 DUS : 1.00 DUS,1.00 DUS : 12.00 KG,12
LB5286,,MESES WARNA WARNI 270gr,Sembako,,,BALL,1.00 BALL : 1.00 BALL,1.00 BALL : 20.00 PCS,20
LB4476,,MI LIDI SPESIAL AAN JAYA,Snack,,,BALL,1.00 BALL : 1.00 BALL,1.00 BALL : 5.00 PCS,5
LB1711,8991688890101,MIE BURUNG DARA 131GR,Sembako,PT SUPRAMA,AGUS PURNOMO,BOX,1.00 BOX : 1.00 BOX,1.00 BOX : 36.00 PCS,36
LB1618,8991688890484,MIE BURUNG DARA PIPIH 140GR,Sembako,PT SUPRAMA,AGUS PURNOMO,BOX,1.00 BOX : 1.00 BOX,1.00 BOX : 24.00 PCS,24
LB1621,8991688890682,MIE BURUNG DARA URAI ORIGINAL 140GR,Sembako,PT SUPRAMA,AGUS PURNOMO,BOX,1.00 BOX : 1.00 BOX,1.00 BOX : 24.00 PCS,24
LB1781,8991688890774,MIE DOROKU 630GR,Sembako,PT SUPRAMA,AGUS PURNOMO,BALL,1.00 BALL : 1.00 BALL,1.00 BALL : 9.00 PCS,9
LB5562,18992388145758,MIE GURIMI KUAH RASA AYAM KECAP PEDAS 60gr,Sembako,PT UNIRAMA DUTA NIAGA,EKO SUYANTO,DUS,1.00 DUS : 1.00 DUS,1.00 DUS : 40.00 PCS,40
LB5561,18992388145765,MIE GURIMI KUAH RASA KALDU AYAM 60gr,Sembako,PT UNIRAMA DUTA NIAGA,EKO SUYANTO,DUS,1.00 DUS : 1.00 DUS,1.00 DUS : 40.00 PCS,40
LB1868,89686010947,MIE INDOMIE GORENG,Sembako,PT. INDOMARCO ADI PRIMA,MIFTAKHUR ROZI,BOX,1.00 BOX : 1.00 BOX,1.00 BOX : 40.00 PCS,40
LB1862,89686043204,MIE INDOMIE GORENG ACEH,Sembako,PT. INDOMARCO ADI PRIMA,MIFTAKHUR ROZI,BOX,1.00 BOX : 1.00 BOX,1.00 BOX : 40.00 PCS,40
LB1860,89686043433,MIE INDOMIE GORENG AYAM GEPREK,Sembako,PT. INDOMARCO ADI PRIMA,MIFTAKHUR ROZI,BOX,1.00 BOX : 1.00 BOX,1.00 BOX : 40.00 PCS,40
LB1858,,MIE INDOMIE GORENG AYAM POP,Sembako,,,BOX,1.00 BOX : 1.00 BOX,1.00 BOX : 40.00 PCS,40
LB0174,,MIE INDOMIE GORENG KEBAB RENDANG,Sembako,,,BOX,1.00 BOX : 1.00 BOX,1.00 BOX : 40.00 PCS,40
LB1865,89686910704,MIE INDOMIE GORENG RENDANG,Sembako,PT. INDOMARCO ADI PRIMA,MIFTAKHUR ROZI,BOX,1.00 BOX : 1.00 BOX,1.00 BOX : 40.00 PCS,40
LB2171,89686010015,MIE INDOMIE KUAH AYAM BAWANG,Sembako,PT. INDOMARCO ADI PRIMA,MIFTAKHUR ROZI,BOX,1.00 BOX : 1.00 BOX,1.00 BOX : 40.00 PCS,40
LB1870,89686010046,MIE INDOMIE KUAH AYAM SPESIAL,Sembako,PT. INDOMARCO ADI PRIMA,MIFTAKHUR ROZI,BOX,1.00 BOX : 1.00 BOX,1.00 BOX : 40.00 PCS,40
LB5444,,MIE INDOMIE KUAH HYPE ABIS BANGLAHDESE KARI,Sembako,,,DUS,1.00 DUS : 1.00 DUS,1.00 DUS : 40.00 PCS,40
LB2170,89686043495,MIE INDOMIE KUAH HYPE ABIS SEBLAK HOT JELETOT,Sembako,PT. INDOMARCO ADI PRIMA,MIFTAKHUR ROZI,BOX,1.00 BOX : 1.00 BOX,1.00 BOX : 40.00 PCS,40
LB0067,,MIE INDOMIE KUAH KALDU AYAM,Sembako,,,BOX,1.00 BOX : 1.00 BOX,1.00 BOX : 40.00 PCS,40
LB1867,89686010527,MIE INDOMIE KUAH KARI AYAM,Sembako,PT. INDOMARCO ADI PRIMA,MIFTAKHUR ROZI,BOX,1.00 BOX : 1.00 BOX,1.00 BOX : 40.00 PCS,40
LB1863,89686010343,MIE INDOMIE KUAH SOTO,Sembako,PT. INDOMARCO ADI PRIMA,MIFTAKHUR ROZI,BOX,1.00 BOX : 1.00 BOX,1.00 BOX : 40.00 PCS,40
LB1861,89686910384,MIE INDOMIE KUAH SOTO SPECIAL,Sembako,PT. INDOMARCO ADI PRIMA,MIFTAKHUR ROZI,BOX,1.00 BOX : 1.00 BOX,1.00 BOX : 40.00 PCS,40
LB1619,8994291101046,MIE KUDA MENJANGAN 200GR,Sembako,CV LANDAHUR,M KHOIRUL UMAM,BOX,1.00 BOX : 1.00 BOX,1.00 BOX : 20.00 PCS,20
LB2098,8994291500207,MIE KUDA MENJANGAN HOFUN 200GR,Sembako,CV LANDAHUR,M KHOIRUL UMAM,BOX,1.00 BOX : 1.00 BOX,1.00 BOX : 20.00 PCS,20
LB1866,,MIE SARIMI GORENG ISI 2 AYAM KECAP,Sembako,,,BOX,1.00 BOX : 1.00 BOX,1.00 BOX : 24.00 PCS,24
LB2397,,MIE SARIMI ISI 2 SOTO KOYA 112GR,Sembako,,,BOX,1.00 BOX : 1.00 BOX,1.00 BOX : 24.00 PCS,24
LB6754,,MIE SEDAAP AYAM JERIT 77g,Sembako,,,DUS,1.00 DUS : 1.00 DUS,1.00 DUS : 40.00 PCS,40
LB1414,8998866200318,MIE SEDAP AYAM BAWANG,Sembako,PT INTI NIAGA PRANASARI BJN,M MUJAHIDIN,BOX,1.00 BOX : 1.00 BOX,1.00 BOX : 40.00 PCS,40
LB2858,,MIE SEDAP BAKED GORENG 87GR,Sembako,,,BOX,1.00 BOX : 1.00 BOX,1.00 BOX : 24.00 PCS,24
LB2857,,MIE SEDAP BAKED KUAH SOTO 76GR,Sembako,,,BOX,1.00 BOX : 1.00 BOX,1.00 BOX : 24.00 PCS,24
LB0724,8998866200301,MIE SEDAP GORENG,Sembako,PT INTI NIAGA PRANASARI BJN,M MUJAHIDIN,BOX,1.00 BOX : 1.00 BOX,1.00 BOX : 40.00 PCS,40
LB1332,8998866203227,MIE SEDAP GORENG AYAM BAKAR LIMAU,Sembako,PT INTI NIAGA PRANASARI BJN,M MUJAHIDIN,BOX,1.00 BOX : 1.00 BOX,1.00 BOX : 40.00 PCS,40
LB1333,,MIE SEDAP GORENG SALERO PADANG,Sembako,,,BOX,1.00 BOX : 1.00 BOX,1.00 BOX : 40.00 PCS,40
LB1987,8998866202343,MIE SEDAP KOREAN SPICY,Sembako,PT INTI NIAGA PRANASARI BJN,M MUJAHIDIN,BOX,1.00 BOX : 1.00 BOX,1.00 BOX : 40.00 PCS,40
LB1327,8998866200578,MIE SEDAP RASA KARI SPESIAL,Sembako,PT INTI NIAGA PRANASARI BJN,M MUJAHIDIN,BOX,1.00 BOX : 1.00 BOX,1.00 BOX : 40.00 PCS,40
LB0289,,MIE SEDAP SELECTION KOREAN CHEESE BULDAK,Sembako,,,BOX,1.00 BOX : 1.00 BOX,1.00 BOX : 40.00 PCS,40
LB0725,8998866200325,MIE SEDAP SOTO,Sembako,PT INTI NIAGA PRANASARI BJN,M MUJAHIDIN,BOX,1.00 BOX : 1.00 BOX,1.00 BOX : 40.00 PCS,40
LB5968,,MIE SEDAP STYLE OF SINGAPORE SPICY LAKSA,Sembako,,,DUS,1.00 DUS : 1.00 DUS,1.00 DUS : 40.00 PCS,40
LB0299,,MIE SEDAP TASTY RASA BAKMI AYAM,Sembako,,,BOX,1.00 BOX : 1.00 BOX,1.00 BOX : 12.00 PCS,12
LB0301,,MIE SEDAP TASTY RASA BAKMI AYAM GEPREK MATAH,Sembako,,,BOX,1.00 BOX : 1.00 BOX,1.00 BOX : 12.00 PCS,12
LB0300,,MIE SEDAP TASTY RASA BEEF YAKINIKU,Sembako,,,BOX,1.00 BOX : 1.00 BOX,1.00 BOX : 12.00 PCS,12
LB3104,8998866203272,MIE SUKSES ISI 2 AYAM GEPREK,Sembako,PT INTI NIAGA PRANASARI BJN,M MUJAHIDIN,BOX,1.00 BOX : 1.00 BOX,1.00 BOX : 24.00 PCS,24
LB1318,8998866201667,MIE SUKSES ISI 2 GORENG RASA AYAM KECAP,Sembako,PT INTI NIAGA PRANASARI BJN,M MUJAHIDIN,BOX,1.00 BOX : 1.00 BOX,1.00 BOX : 24.00 PCS,24
LB1317,8998866200882,MIE SUKSES ISI 2 GORENG RASA AYAM KREMES,Sembako,PT INTI NIAGA PRANASARI BJN,M MUJAHIDIN,BOX,1.00 BOX : 1.00 BOX,1.00 BOX : 24.00 PCS,24
LB1316,8998866613262,MIE SUKSES ISI 2 KUAH RASA SOTO,Sembako,PT INTI NIAGA PRANASARI BJN,M MUJAHIDIN,BOX,1.00 BOX : 1.00 BOX,1.00 BOX : 24.00 PCS,24
LB1913,,MIE SUPERIOR SPIDER 270GR,Sembako,,,BALL,1.00 BALL : 1.00 BALL,1.00 BALL : 5.00 PCS,5
LB1857,89686000108,MIE TELUR CAP TIGA AYAM 120GR,Sembako,PT. INDOMARCO ADI PRIMA,MIFTAKHUR ROZI,BOX,1.00 BOX : 1.00 BOX,1.00 BOX : 24.00 PCS,24
LB2040,8997010170002,MIE TELUR GELUNG CAP IKAN PAUS 500GR,Sembako,CV. ADIYAGTRA,ADITYA,BALL,1.00 BALL : 1.00 BALL,1.00 BALL : 12.00 PCS,12
LB4536,,MIKA BOX SQUARE PET 16OZ,Oprasional,,,DUS,1.00 DUS : 1.00 DUS,1.00 DUS : 1.00 DUS,1
LB5654,,MIKA BULAT ISI 5,Kebutuhan,,,PACK,1.00 PACK : 1.00 PACK,1.00 PACK : 100.00 PCS,100
LB5657,,MIKA ISI 4 LANCAR GAJAH,Kebutuhan,,,PACK,1.00 PACK : 1.00 PACK,1.00 PACK : 100.00 PCS,100
LB0370,8992696523081,MILO 110,Minuman,PT PANCA BAKTI MULIA,M ROISUL ANAM,BOX,1.00 BOX : 1.00 BOX,1.00 BOX : 36.00 PCS,36
LB0371,8992696523067,MILO 180,Minuman,PT PANCA BAKTI MULIA,M ROISUL ANAM,BOX,1.00 BOX : 1.00 BOX,1.00 BOX : 36.00 PCS,36
LB0854,8992696428287,MILO COMBO,Snack,PT PANCA BAKTI MULIA,M ROISUL ANAM,PCS,1.00 PCS : 1.00 PCS,1.00 PCS : 1.00 PCS,1
LB4765,8992696521797,MILO SERBUK 22GR,Sembako,GROSIR,M MUJAHIDIN,RENTENG,1.00 RENTENG : 1.00 RENTENG,1.00 RENTENG : 10.00 PCS,10
LB4566,,MINI OREO ORIGINAL 61.3gr,Snack,,,BOX,1.00 BOX : 1.00 BOX,1.00 BOX : 24.00 PCS,24
LB0372,8992761166038,MINUTE MAID PULPY ORANGE,Minuman,COCA COLA,PRASETYO PAMBUDI,BOX,1.00 BOX : 1.00 BOX,1.00 BOX : 12.00 PCS,12
LB8080,,MINYAK CURAH,Sembako,,,KG,1.00 KG : 1.00 KG,1.00 KG : 1.00 KG,1
LB6917,8993379256517,MINYAK GORENG ALIBABA BANTAL 1L,Sembako,PT MILI SEGORO BEJO,MOHAMMAD AMINUDIN,DUS,1.00 DUS : 1.00 DUS,1.00 DUS : 12.00 PCS,12
LB7631,,MINYAK GORENG AMAGO 500ML,Sembako,,,DUS,1.00 DUS : 1.00 DUS,1.00 DUS : 24.00 PCS,24
LB6671,18993379288096,MINYAK GORENG AMAGO REFILL 1.5L,Sembako,PT. BUKIT INTI MAKMUR ABADI,MOHAMMAD AMINUDIN,DUS,1.00 DUS : 1.00 DUS,1.00 DUS : 6.00 PCS,6
LB6787,18993379283664,MINYAK GORENG AMAGO REFILL 2L,Sembako,PT. BUKIT INTI MAKMUR ABADI,MOHAMMAD AMINUDIN,DUS,1.00 DUS : 1.00 DUS,1.00 DUS : 6.00 PCS,6
LB1783,,MINYAK GORENG BIMOLI REFILL 1L,Sembako,,,BOX,1.00 BOX : 1.00 BOX,1.00 BOX : 12.00 PCS,12
LB1753,,MINYAK GORENG BIMOLI REFILL 2L,Sembako,,,BOX,1.00 BOX : 1.00 BOX,1.00 BOX : 6.00 PCS,6
LB6923,5806923,MINYAK GORENG BOTOL GM MAS KITA 1L,Sembako,CV SUMBER REJEKI,MOHAMMAD AMINUDIN,DUS,1.00 DUS : 1.00 DUS,1.00 DUS : 12.00 PCS,12
LB4198,,MINYAK GORENG EMAS KITA 800ML,Sembako,,,DUS,1.00 DUS : 1.00 DUS,1.00 DUS : 12.00 PCS,12
LB3248,,MINYAK GORENG FERMINA 800ml,Sembako,,,BOX,1.00 BOX : 1.00 BOX,1.00 BOX : 12.00 PCS,12
LB1027,,MINYAK GORENG FILMA 1 L REFIL,Sembako,,,BOX,1.00 BOX : 1.00 BOX,1.00 BOX : 12.00 PCS,12
LB1376,,MINYAK GORENG FILMA 2L REFIL,Sembako,,,BOX,1.00 BOX : 1.00 BOX,1.00 BOX : 6.00 PCS,6
LB3726,,MINYAK GORENG FORTUNE 18 LT,MATERIAL PRODUKSI,,,DUS,1.00 DUS : 1.00 DUS,1.00 DUS : 1.00 DUS,1
LB0990,8998225800012,MINYAK GORENG FORTUNE BANTAL 1L,Sembako,PT SUBUR MITRA SUKSES,MOHAMMAD AMINUDIN,BOX,1.00 BOX : 1.00 BOX,1.00 BOX : 12.00 PCS,12
LB5693,,MINYAK GORENG GADING SAKTI 700ML,Sembako,,,BOX,1.00 BOX : 1.00 BOX,1.00 BOX : 12.00 PCS,12
LB0293,,MINYAK GORENG GADING SAKTI 900ml,Sembako,,,BOX,1.00 BOX : 1.00 BOX,1.00 BOX : 12.00 PCS,12
LB6816,5806816,MINYAK GORENG GM MAS KITA 800ML,Sembako,CV SUMBER REJEKI,MOHAMMAD AMINUDIN,DUS,1.00 DUS : 1.00 DUS,1.00 DUS : 12.00 PCS,12
LB5971,5805971,MINYAK GORENG GRACIA 400ml,Sembako,CV IMANUEL INDONESIA,MOHAMMAD AMINUDIN,DUS,1.00 DUS : 1.00 DUS,1.00 DUS : 24.00 PCS,24
LB2295,5802295,MINYAK GORENG GRACIA 800ml,Sembako,CV IMANUEL INDONESIA,MOHAMMAD AMINUDIN,BOX,1.00 BOX : 1.00 BOX,1.00 BOX : 12.00 PCS,12
LB3004,,MINYAK GORENG INL 900ml,Sembako,,,BOX,1.00 BOX : 1.00 BOX,1.00 BOX : 12.00 PCS,12
LB0709,,MINYAK GORENG KITA BANTAL 1L,Sembako,,,BOX,1.00 BOX : 1.00 BOX,1.00 BOX : 12.00 PCS,12
LB2393,,MINYAK GORENG KITA BOTOL 1L,Sembako,,,BOX,1.00 BOX : 1.00 BOX,1.00 BOX : 12.00 PCS,12
LB2378,,MINYAK GORENG KITA REFIL 1L,Sembako,,,BOX,1.00 BOX : 1.00 BOX,1.00 BOX : 12.00 PCS,12
LB1379,,MINYAK GORENG KITA REFILL 2L,Sembako,,,BOX,1.00 BOX : 1.00 BOX,1.00 BOX : 6.00 PCS,6
LB5288,,MINYAK GORENG KUSUMA 800ML,Sembako,,,DUS,1.00 DUS : 1.00 DUS,1.00 DUS : 12.00 PCS,12
LB6918,5806918,MINYAK GORENG M.KITA 800ML,Sembako,CV SUMBER REJEKI,MOHAMMAD AMINUDIN,DUS,1.00 DUS : 1.00 DUS,1.00 DUS : 12.00 PCS,12
LB1289,,MINYAK GORENG MASKU 1L,Sembako,,,BOX,1.00 BOX : 1.00 BOX,1.00 BOX : 12.00 PCS,12
LB0831,,MINYAK GORENG NERISSA 800ml,Sembako,,,BOX,1.00 BOX : 1.00 BOX,1.00 BOX : 12.00 PCS,12
LB6830,5806830,MINYAK GORENG REFILL GM MAS 1L,Sembako,CV SUMBER REJEKI,MOHAMMAD AMINUDIN,DUS,1.00 DUS : 1.00 DUS,1.00 DUS : 12.00 PCS,12
LB3000,,MINYAK GORENG RIZKI 800ml,Sembako,,,BOX,1.00 BOX : 1.00 BOX,1.00 BOX : 12.00 PCS,12
LB4720,,MINYAK GORENG ROSE BRAND 500ML,Sembako,,,DUS,1.00 DUS : 1.00 DUS,1.00 DUS : 24.00 PCS,24
LB0723,,MINYAK GORENG SABRINA 1L,Sembako,,,BOX,1.00 BOX : 1.00 BOX,1.00 BOX : 12.00 PCS,12
LB1078,,MINYAK GORENG SABRINA 2L,Sembako,,,BOX,1.00 BOX : 1.00 BOX,1.00 BOX : 6.00 PCS,6
LB0751,,MINYAK GORENG SANKY 800ml,Sembako,,,BOX,1.00 BOX : 1.00 BOX,1.00 BOX : 12.00 PCS,12
LB1136,,MINYAK GORENG SUNCO 1L,Sembako,,,BOX,1.00 BOX : 1.00 BOX,1.00 BOX : 12.00 PCS,12
LB1206,8993379500238,MINYAK GORENG SUNCO 2L,Sembako,PT. BUKIT INTI MAKMUR ABADI,MOHAMMAD AMINUDIN,BOX,1.00 BOX : 1.00 BOX,1.00 BOX : 6.00 PCS,6
LB1092,8993093665473,MINYAK GORENG TAWON 900ML,Sembako,PT. SUNGAI BUDI,MOHAMMAD AMINUDIN,BOX,1.00 BOX : 1.00 BOX,1.00 BOX : 12.00 PCS,12
LB6102,8993093670132,MINYAK GORENG TAWON BOTOL 800ML,Sembako,PT. SUNGAI BUDI,MOHAMMAD AMINUDIN,DUS,1.00 DUS : 1.00 DUS,1.00 DUS : 12.00 PCS,12
LB0828,,MINYAK GORENG VALMACO 800ml,Sembako,,,BOX,1.00 BOX : 1.00 BOX,1.00 BOX : 12.00 PCS,12
LB0507,,MINYAK GORENG VIOLA 800ml,Sembako,,,BOX,1.00 BOX : 1.00 BOX,1.00 BOX : 12.00 PCS,12
LB5048,,MINYAK GOSOK CAP TAWON 20ML,Kebutuhan,,,BOX,1.00 BOX : 1.00 BOX,1.00 BOX : 24.00 PCS,24
LB0465,,MINYAK KAYU PUTIH CAP ELANG 120ML,Kebutuhan,,,PACK,1.00 PACK : 1.00 PACK,1.00 PACK : 12.00 PCS,12
LB4671,,MINYAK KAYU PUTIH CAP ELANG 15ML,Kebutuhan,,,PACK,1.00 PACK : 1.00 PACK,1.00 PACK : 12.00 PCS,12
LB0466,,MINYAK KAYU PUTIH CAP ELANG 30ML,Kebutuhan,,,PACK,1.00 PACK : 1.00 PACK,1.00 PACK : 12.00 PCS,12
LB0467,,MINYAK KAYU PUTIH CAP ELANG 60ML,Kebutuhan,,,PACK,1.00 PACK : 1.00 PACK,1.00 PACK : 12.00 PCS,12
LB0462,,MINYAK TELON CAP ELANG 100ML,Kebutuhan,,,PACK,1.00 PACK : 1.00 PACK,1.00 PACK : 12.00 PCS,12
LB4673,,MINYAK TELON CAP ELANG 15ML,Kebutuhan,,,PACK,1.00 PACK : 1.00 PACK,1.00 PACK : 12.00 PCS,12
LB0464,,MINYAK TELON CAP ELANG 30ML,Kebutuhan,,,PACK,1.00 PACK : 1.00 PACK,1.00 PACK : 12.00 PCS,12
LB0463,,MINYAK TELON CAP ELANG 60ML,Kebutuhan,,,PACK,1.00 PACK : 1.00 PACK,1.00 PACK : 12.00 PCS,12
LB0687,,MINYAK TELON CAP ELANG PLUS 15ml,Kebutuhan,,,PACK,1.00 PACK : 1.00 PACK,1.00 PACK : 12.00 PCS,12
LB4672,,MINYAK TELON CAP ELANG PLUS 30ML,Kebutuhan,,,PACK,1.00 PACK : 1.00 PACK,1.00 PACK : 12.00 PCS,12
LB4662,,MINYAK URUT GPU 30ML,Kebutuhan,,,PACK,1.00 PACK : 1.00 PACK,1.00 PACK : 12.00 PCS,12
LB2043,8719142959559,MINYAK WIJEN SRITI 150 ML,Sembako,CV. ADIYAGTRA,ADITYA,PCS,1.00 PCS : 1.00 PCS,1.00 PCS : 1.00 PCS,1
LB7101,8997017563074,MISTER MAX OTAK-OTAK IKAN 250gr,Frozen food,PT BOLESCA FOODINDO,MOHAMMAD AMINUDIN,PCS,1.00 PCS : 1.00 PCS,1.00 PCS : 1.00 PCS,1
LB7040,8997017562947,MISTER MAX SOSIS BAKAR 14 500gr,Frozen food,PT BOLESCA FOODINDO,MOHAMMAD AMINUDIN,PCS,1.00 PCS : 1.00 PCS,1.00 PCS : 1.00 PCS,1
LB7039,8997017562916,MISTER MAX SOSIS BAKAR 8 500gr,Frozen food,PT BOLESCA FOODINDO,MOHAMMAD AMINUDIN,PCS,1.00 PCS : 1.00 PCS,1.00 PCS : 1.00 PCS,1
LB4809,18993004788663,MISTER POTATO BBQ 85GR,Snack,PT SUKANDA DJAYA,MOHAMMAD AMINUDIN,DUS,1.00 DUS : 1.00 DUS,1.00 DUS : 24.00 PCS,24
LB1069,,MISTER POTATO CRIPS BBQ,Snack,,,BOX,1.00 BOX : 1.00 BOX,1.00 BOX : 14.00 PCS,14
LB1096,,MISTER POTATO ORIGINAL,Snack,,,BOX,1.00 BOX : 1.00 BOX,1.00 BOX : 14.00 PCS,14
LB4812,18993004788656,MISTER POTATO ORIGINAL 85GR,Snack,PT SUKANDA DJAYA,MOHAMMAD AMINUDIN,DUS,1.00 DUS : 1.00 DUS,1.00 DUS : 24.00 PCS,24
LB4811,18993004788687,MISTER POTATO RUMPUT LAUT 85GR,Snack,PT SUKANDA DJAYA,MOHAMMAD AMINUDIN,DUS,1.00 DUS : 1.00 DUS,1.00 DUS : 24.00 PCS,24
LB1102,,MISTER POTATO SAPI PANGGANG,Snack,,,BOX,1.00 BOX : 1.00 BOX,1.00 BOX : 14.00 PCS,14
LB4810,18993004788670,MISTER POTATO SAPI PANGGANG 85GR,Snack,PT SUKANDA DJAYA,MOHAMMAD AMINUDIN,DUS,1.00 DUS : 1.00 DUS,1.00 DUS : 24.00 PCS,24
LB4656,,MIXAGRIP FLU,Kebutuhan,,,BOX,1.00 BOX : 1.00 BOX,1.00 BOX : 25.00 TABLET,25
LB4657,,MIXAGRIP FLU DAN BATUK,Kebutuhan,,,BOX,1.00 BOX : 1.00 BOX,1.00 BOX : 25.00 TABLET,25
LB0343,,MLINJO MANIS SUKA HATI 5KG,Grosir,,,BALL,1.00 BALL : 1.00 BALL,1.00 BALL : 5.00 KG,5
LB0347,,MLINJOPEDAS SUKA HATI 5KG,Grosir,,,BALL,1.00 BALL : 1.00 BALL,1.00 BALL : 5.00 KG,5
LB0377,,MOGU-MOGU ANGGUR,Minuman,,,BOX,1.00 BOX : 1.00 BOX,1.00 BOX : 24.00 PCS,24
LB0378,,MOGU-MOGU COCONUT,Minuman,,,BOX,1.00 BOX : 1.00 BOX,1.00 BOX : 24.00 PCS,24
LB0379,,MOGU-MOGU JERUK,Minuman,,,BOX,1.00 BOX : 1.00 BOX,1.00 BOX : 24.00 PCS,24
LB0380,,MOGU-MOGU LECI,Minuman,,,BOX,1.00 BOX : 1.00 BOX,1.00 BOX : 24.00 PCS,24
LB0381,,MOGU-MOGU MANGGA,Minuman,,,BOX,1.00 BOX : 1.00 BOX,1.00 BOX : 24.00 PCS,24
LB0382,,MOGU-MOGU MELON,Minuman,,,BOX,1.00 BOX : 1.00 BOX,1.00 BOX : 24.00 PCS,24
LB1298,,MOGU-MOGU SIRSAK,Minuman,,,BOX,1.00 BOX : 1.00 BOX,1.00 BOX : 24.00 PCS,24
LB0383,,MOGU-MOGU STRAWBERRY,Minuman,,,BOX,1.00 BOX : 1.00 BOX,1.00 BOX : 24.00 PCS,24
LB6040,8993163505128,MOLANG FAVOUR 200 SHEETS,Kebutuhan,PT AMARIS TIRTA PRATAMA,PRASETYO PAMBUDI,PCS,1.00 PCS : 1.00 PCS,1.00 PCS : 1.00 PCS,1
LB4700,8999999609047,MOLTO PEWANGI BLUE 10ML,Kebutuhan,UD. SANUR BOJONEGORO,M MUJAHIDIN,RENTENG,1.00 RENTENG : 1.00 RENTENG,1.00 RENTENG : 13.00 PCS,13
LB0068,,MOLTO PEWANGI BLUE 18ml,Kebutuhan,,,BOX,1.00 BOX : 1.00 BOX,1.00 BOX : 36.00 RENTENG,36
LB4699,,MOLTO PEWANGI PINK 10ML,Kebutuhan,,,RENTENG,1.00 RENTENG : 1.00 RENTENG,1.00 RENTENG : 13.00 PCS,13
LB0102,,MOLTO PEWANGI PINK 22ml,Kebutuhan,,,BOX,1.00 BOX : 1.00 BOX,1.00 BOX : 36.00 RENTENG,36
LB0081,,MOLTO PEWANGI PINK 780ml,Kebutuhan,,,BOX,1.00 BOX : 1.00 BOX,1.00 BOX : 12.00 PCS,12
LB0386,,MORISAN MANIS BAGELAN ISI 8,Konsinyasi,,,PCS,1.00 PCS : 1.00 PCS,1.00 PCS : 1.00 PCS,1
LB0387,,MORISAN MANIS BOND-BOND,Konsinyasi,,,PCS,1.00 PCS : 1.00 PCS,1.00 PCS : 1.00 PCS,1
LB0388,,MORISAN MANIS COMBINASI,Konsinyasi,,,PCS,1.00 PCS : 1.00 PCS,1.00 PCS : 1.00 PCS,1
LB0389,,MORISAN MANIS CREAM KEJU,Konsinyasi,,,PCS,1.00 PCS : 1.00 PCS,1.00 PCS : 1.00 PCS,1
LB1293,,MORISAN MANIS CREAM KOTAK,Konsinyasi,,,PCS,1.00 PCS : 1.00 PCS,1.00 PCS : 1.00 PCS,1
LB0384,,MORISAN MANIS JUMBO COKELAT,Konsinyasi,,,PCS,1.00 PCS : 1.00 PCS,1.00 PCS : 1.00 PCS,1
LB0390,,MORISAN MANIS JUMBO KASUR,Konsinyasi,,,PCS,1.00 PCS : 1.00 PCS,1.00 PCS : 1.00 PCS,1
LB0391,,MORISAN MANIS MIKA BULAT,Konsinyasi,,,PCS,1.00 PCS : 1.00 PCS,1.00 PCS : 1.00 PCS,1
LB0393,,MORISAN MANIS SPESIAL JUMBO,Konsinyasi,,,PCS,1.00 PCS : 1.00 PCS,1.00 PCS : 1.00 PCS,1
LB1662,,MORISAN MANIS SUPER JUMBO,Konsinyasi,,,PCS,1.00 PCS : 1.00 PCS,1.00 PCS : 1.00 PCS,1
LB0395,,MORISAN PISANG COKELAT,Konsinyasi,,,PCS,1.00 PCS : 1.00 PCS,1.00 PCS : 1.00 PCS,1
LB0385,,MORISAN SEMIR BAGELAN ISI 6,Konsinyasi,,,PCS,1.00 PCS : 1.00 PCS,1.00 PCS : 1.00 PCS,1
LB0396,,MORISAN SEMIR RASA COKLAT,Konsinyasi,,,PCS,1.00 PCS : 1.00 PCS,1.00 PCS : 1.00 PCS,1
LB1756,,MORISAN TAWAR SUSU,Konsinyasi,,,PCS,1.00 PCS : 1.00 PCS,1.00 PCS : 1.00 PCS,1
LB0399,,MORISAN TAWAR SUSU BULAT,Konsinyasi,,,PCS,1.00 PCS : 1.00 PCS,1.00 PCS : 1.00 PCS,1
LB0400,,MORISAN TAWAR SUSU CASINO,Konsinyasi,,,PCS,1.00 PCS : 1.00 PCS,1.00 PCS : 1.00 PCS,1
LB0401,,MORISAN TAWAR SUSU KUPAS,Konsinyasi,,,PCS,1.00 PCS : 1.00 PCS,1.00 PCS : 1.00 PCS,1
LB0402,,MORISAN TAWAR SUSU SPESIAL,Konsinyasi,,,PCS,1.00 PCS : 1.00 PCS,1.00 PCS : 1.00 PCS,1
LB5370,,MORISCA KUE LAPIS LEGIT ORIGINAL 365GR,Snack,,,DUS,1.00 DUS : 1.00 DUS,1.00 DUS : 10.00 PCS,10
LB6035,,MY BABY MINYAK TELON PLUS 150ML,Kebutuhan,,,PCS,1.00 PCS : 1.00 PCS,1.00 PCS : 1.00 PCS,1
LB6034,,MY BABY MINYAK TELON PLUS 90ML,Kebutuhan,,,PCS,1.00 PCS : 1.00 PCS,1.00 PCS : 1.00 PCS,1
LB6033,,MY BABY POWDER NOURISH & SMOOTH 90GR,Kebutuhan,,,PCS,1.00 PCS : 1.00 PCS,1.00 PCS : 1.00 PCS,1
LB0950,,MY CUP CHOCO STAWBERRY,Konsinyasi,,,BOX,1.00 BOX : 1.00 BOX,1.00 BOX : 36.00 PCS,36
LB0431,8993175535250,NABATI BOX COKLAT,Snack,PT. Pinus Merah Abadi,M ROISUL ANAM,DUS,1.00 DUS : 1.00 DUS,1.00 DUS : 12.00 PACK,12
LB0432,8993175537810,NABATI BOX KEJU,Snack,PT. Pinus Merah Abadi,M ROISUL ANAM,DUS,1.00 DUS : 1.00 DUS,1.00 DUS : 12.00 PACK,12
LB0181,8993175531979,NABATI SIIP COKLAT,Snack,PT. Pinus Merah Abadi,M ROISUL ANAM,DUS,1.00 DUS : 1.00 DUS,1.00 DUS : 15.00 BOX,15
LB0182,8993175531986,NABATI SIIP JAGUNG,Snack,PT. Pinus Merah Abadi,M ROISUL ANAM,DUS,1.00 DUS : 1.00 DUS,1.00 DUS : 15.00 BOX,15
LB0183,8993175531993,NABATI SIIP KEJU,Snack,PT. Pinus Merah Abadi,M ROISUL ANAM,DUS,1.00 DUS : 1.00 DUS,1.00 DUS : 15.00 BOX,15
LB4288,8993175557733,NABATI WAFER COKLAT 100GR,Snack,PT. Pinus Merah Abadi,M ROISUL ANAM,DUS,1.00 DUS : 1.00 DUS,1.00 DUS : 30.00 PCS,30
LB4289,8993175557580,NABATI WAFER KEJU 100GR,Snack,PT. Pinus Merah Abadi,M ROISUL ANAM,DUS,1.00 DUS : 1.00 DUS,1.00 DUS : 30.00 PCS,30
LB0447,,NARAYA PUTIH,Minuman,,,BOX,1.00 BOX : 1.00 BOX,1.00 BOX : 24.00 PCS,24
LB3227,,NARCISSUS JAMUR KANCING 425g,Sembako,,,PCS,1.00 PCS : 1.00 PCS,1.00 PCS : 1.00 PCS,1
LB0740,,NATA DE COCO,Snack,,,BOX,1.00 BOX : 1.00 BOX,1.00 BOX : 12.00 PCS,12
LB0588,,NATA DELCOCO 360GR,Minuman,,,DUS,1.00 DUS : 1.00 DUS,1.00 DUS : 24.00 PCS,24
LB4661,,NEO RHEUMACYL,Kebutuhan,,,BOX,1.00 BOX : 1.00 BOX,1.00 BOX : 480.00 PCS,480
LB5068,9556001288547,NESCAFE CAPPUCCINO 220ML,Minuman,PT PANCA BAKTI MULIA,M ROISUL ANAM,BOX,1.00 BOX : 1.00 BOX,1.00 BOX : 24.00 PCS,24
LB3035,8992982206001,NESTLE PURE LIFE 600ml,Minuman,CV LANGGENG JAYA SENTOSA,EKO SUYANTO,DUS,1.00 DUS : 1.00 DUS,1.00 DUS : 24.00 PCS,24
LB0449,8993175540803,NEXTAR COKLAT,Snack,LUWES BLORA,M KHOIRUL UMAM,BOX,1.00 BOX : 1.00 BOX,1.00 BOX : 30.00 PCS,30
LB4206,,NGEJOSS TEPUNG BUMBU SERBAGUNA 140GR,Sembako,,,DUS,1.00 DUS : 1.00 DUS,1.00 DUS : 40.00 PCS,40
LB0406,,NGETOP NAGET HEMAT 500gr,Frozen food,,,PCS,1.00 PCS : 1.00 PCS,1.00 PCS : 1.00 PCS,1
LB0407,,NGETOP NAGET STIK AYAM 500gr,Frozen food,,,PCS,1.00 PCS : 1.00 PCS,1.00 PCS : 1.00 PCS,1
LB0415,,NGETOP OTAK OTAK 500gr,Frozen food,,,PCS,1.00 PCS : 1.00 PCS,1.00 PCS : 1.00 PCS,1
LB0417,,NGETOP SCALOP AYAM 500gr,Frozen food,,,PCS,1.00 PCS : 1.00 PCS,1.00 PCS : 1.00 PCS,1
LB0409,8997014710464,NGETOP SOSIS MERAH 500gr,Frozen food,KRISTA FOOD CEPU,M KHOIRUL UMAM,PCS,1.00 PCS : 1.00 PCS,1.00 PCS : 1.00 PCS,1
LB3267,,NIKI SARI COCOPANDAN 450ml,Minuman,,,BOX,1.00 BOX : 1.00 BOX,1.00 BOX : 12.00 PCS,12
LB3268,,NIKI SARI FRAMBOZEN 450ml,Minuman,,,BOX,1.00 BOX : 1.00 BOX,1.00 BOX : 12.00 PCS,12
LB3266,,NIKI SARI LECI 450ml,Minuman,,,BOX,1.00 BOX : 1.00 BOX,1.00 BOX : 12.00 PCS,12
LB3265,,NIKI SARI MELON 450ml,Minuman,,,BOX,1.00 BOX : 1.00 BOX,1.00 BOX : 12.00 PCS,12
LB2888,8996001600849,NIPIS MADU LIME SODA 330ml,Minuman,BI PT. CIPTA NIAGA SEMESTA BJN,EKO SUYANTO,BOX,1.00 BOX : 1.00 BOX,1.00 BOX : 12.00 PCS,12
LB1028,,NISSIN CRISPY CRACKERS,Snack,,,BOX,1.00 BOX : 1.00 BOX,1.00 BOX : 30.00 PCS,30
LB4608,,NOTA 2PLY STARINDO,Kebutuhan,,,PACK,1.00 PACK : 1.00 PACK,1.00 PACK : 10.00 PCS,10
LB0023,,NUii GREEN TEA HONEY 330ml,Minuman,,,BOX,1.00 BOX : 1.00 BOX,1.00 BOX : 24.00 PCS,24
LB0453,8992761164539,NUTRI BOOST JERUK,Minuman,COCA COLA,PRASETYO PAMBUDI,BOX,1.00 BOX : 1.00 BOX,1.00 BOX : 12.00 PCS,12
LB0454,8992761164546,NUTRI BOOST STRAWBERRY,Minuman,COCA COLA,PRASETYO PAMBUDI,BOX,1.00 BOX : 1.00 BOX,1.00 BOX : 12.00 PCS,12
LB1552,,NUTRIJEL ANGGUR 15GR,Sembako,,,BOX,1.00 BOX : 1.00 BOX,1.00 BOX : 12.00 PCS,12
LB1558,,NUTRIJEL CINCAU 15GR,Sembako,,,BOX,1.00 BOX : 1.00 BOX,1.00 BOX : 12.00 PCS,12
LB1553,,NUTRIJEL COKLAT 15GR,Sembako,,,BOX,1.00 BOX : 1.00 BOX,1.00 BOX : 12.00 PCS,12
LB1681,,NUTRIJEL JAMBU 15GR,Sembako,,,BOX,1.00 BOX : 1.00 BOX,1.00 BOX : 12.00 PCS,12
LB1550,,NUTRIJEL JERUK 15GR,Sembako,,,BOX,1.00 BOX : 1.00 BOX,1.00 BOX : 12.00 PCS,12
LB1964,,NUTRIJEL KELAPA MUDA 15 GR,Kebutuhan,,,BOX,1.00 BOX : 1.00 BOX,1.00 BOX : 12.00 PCS,12
LB1551,,NUTRIJEL LECI 15GR,Sembako,,,BOX,1.00 BOX : 1.00 BOX,1.00 BOX : 12.00 PCS,12
LB1557,,NUTRIJEL MANGGA 15GR,Sembako,,,BOX,1.00 BOX : 1.00 BOX,1.00 BOX : 12.00 PCS,12
LB1963,,NUTRIJEL MELON 15 GR,Kebutuhan,,,BOX,1.00 BOX : 1.00 BOX,1.00 BOX : 12.00 PCS,12
LB2084,,NUTRISARI AMERICAN SWEET MANGO 11GR,Sembako,,,RENTENG,1.00 RENTENG : 1.00 RENTENG,1.00 RENTENG : 10.00 PCS,10
LB1833,,NUTRISARI ANGGUR 11 GR,Sembako,,,RENTENG,1.00 RENTENG : 1.00 RENTENG,1.00 RENTENG : 10.00 PCS,10
LB2085,,NUTRISARI BLEWAH 11GR,Sembako,,,RENTENG,1.00 RENTENG : 1.00 RENTENG,1.00 RENTENG : 10.00 PCS,10
LB5006,,NUTRISARI ES CINCAU 11GR,Sembako,,,RENTENG,1.00 RENTENG : 1.00 RENTENG,1.00 RENTENG : 10.00 PCS,10
LB1837,,NUTRISARI FLORIDA ORANGE 11GR,Sembako,,,RENTENG,1.00 RENTENG : 1.00 RENTENG,1.00 RENTENG : 10.00 PCS,10
LB5008,,NUTRISARI JERUK MANIS 11GR,Sembako,,,RENTENG,1.00 RENTENG : 1.00 RENTENG,1.00 RENTENG : 10.00 PCS,10
LB1831,,NUTRISARI JERUK NIPIS 11GR,Sembako,,,RENTENG,1.00 RENTENG : 1.00 RENTENG,1.00 RENTENG : 10.00 PCS,10
LB1836,,NUTRISARI JERUK PERAS 11GR,Sembako,,,RENTENG,1.00 RENTENG : 1.00 RENTENG,1.00 RENTENG : 10.00 PCS,10
LB5007,,NUTRISARI KELAPA MUDA 11GR,Sembako,,,RENTENG,1.00 RENTENG : 1.00 RENTENG,1.00 RENTENG : 10.00 PCS,10
LB5005,,NUTRISARI LECI 11GR,Sembako,,,RENTENG,1.00 RENTENG : 1.00 RENTENG,1.00 RENTENG : 10.00 PCS,10
LB1839,,NUTRISARI MADU JERUK 14GR,Sembako,,,RENTENG,1.00 RENTENG : 1.00 RENTENG,1.00 RENTENG : 10.00 PCS,10
LB2072,,NUTRISARI MILKY ORANGE 11GR,Sembako,,,RENTENG,1.00 RENTENG : 1.00 RENTENG,1.00 RENTENG : 10.00 PCS,10
LB1832,,NUTRISARI NANAS 11GR,Sembako,,,RENTENG,1.00 RENTENG : 1.00 RENTENG,1.00 RENTENG : 10.00 PCS,10
LB1840,,NUTRISARI SEMANGKA 11GR,Sembako,,,RENTENG,1.00 RENTENG : 1.00 RENTENG,1.00 RENTENG : 10.00 PCS,10
LB2086,,NUTRISARI SIRSAK,Sembako,,,RENTENG,1.00 RENTENG : 1.00 RENTENG,1.00 RENTENG : 10.00 PCS,10
LB1835,,NUTRISARI STRAWBERRY 11GR,Sembako,,,RENTENG,1.00 RENTENG : 1.00 RENTENG,1.00 RENTENG : 10.00 PCS,10
LB2073,,NUTRISARI SWEET GUAVA 11GR,Sembako,,,RENTENG,1.00 RENTENG : 1.00 RENTENG,1.00 RENTENG : 10.00 PCS,10
LB1838,,NUTRISARI SWEET MANGO 11GR,Sembako,,,RENTENG,1.00 RENTENG : 1.00 RENTENG,1.00 RENTENG : 10.00 PCS,10
LB1834,,NUTRISARI SWEET ORANGE 11GR,Sembako,,,RENTENG,1.00 RENTENG : 1.00 RENTENG,1.00 RENTENG : 10.00 PCS,10
LB0584,8998866602549,NUVO FAMILY MILD PROTECT 72GR,Kebutuhan,PT INTI NIAGA PRANASARI,AGUS PURNOMO,PCS,1.00 PCS : 1.00 PCS,1.00 PCS : 1.00 PCS,1
LB1094,8994755020357,NYAM NYAM CHOCO BANANA,Snack,P.T SUPRALITA MANDIRI,M KHOIRUL UMAM,BOX,1.00 BOX : 1.00 BOX,1.00 BOX : 12.00 PCS,12
LB0982,8886015402037,NYAM NYAM CHOCO RAINBOW,Snack,P.T SUPRALITA MANDIRI,M KHOIRUL UMAM,BOX,1.00 BOX : 1.00 BOX,1.00 BOX : 12.00 PCS,12
LB1095,8886015409289,NYAM NYAM CHOCOBERRY,Snack,P.T SUPRALITA MANDIRI,M KHOIRUL UMAM,BOX,1.00 BOX : 1.00 BOX,1.00 BOX : 12.00 PCS,12
LB0981,8886015401030,NYAM NYAM CHOCOLATE,Snack,P.T SUPRALITA MANDIRI,M KHOIRUL UMAM,BOX,1.00 BOX : 1.00 BOX,1.00 BOX : 12.00 PCS,12
LB3291,8994755020531,NYAM NYAM SMILEY SANDWICH CHOCOLATE 45g,Snack,P.T SUPRALITA MANDIRI,M KHOIRUL UMAM,PCS,1.00 PCS : 1.00 PCS,1.00 PCS : 1.00 PCS,1
LB0983,8886015403034,NYAM NYAM STRAWBERRY,Snack,P.T SUPRALITA MANDIRI,M KHOIRUL UMAM,BOX,1.00 BOX : 1.00 BOX,1.00 BOX : 12.00 PCS,12
LB5917,,NYU HENNA SHAMPOO HAIR COLOUR BLACK 20ML,Kebutuhan,,,PACK,1.00 PACK : 1.00 PACK,1.00 PACK : 4.00 PCS,4
LB5904,,NYU HENNA SHAMPOO HAIR COLOUR BROWN 20ML,Kebutuhan,,,PACK,1.00 PACK : 1.00 PACK,1.00 PACK : 4.00 PCS,4
LB3816,8997240600935,OATSIDE 200ML CHOCO MALT,Minuman,PT PUJI SURYA INDAH,M ROISUL ANAM,BOX,1.00 BOX : 1.00 BOX,1.00 BOX : 24.00 PCS,24
LB1283,,OBAT NYAMUK BAKAR CAP SAPI,Kebutuhan,,,BOX,1.00 BOX : 1.00 BOX,1.00 BOX : 60.00 PCS,60
LB1282,,OBAT NYAMUK BAKAR SAPI JUMBO,Kebutuhan,,,BOX,1.00 BOX : 1.00 BOX,1.00 BOX : 60.00 PCS,60
LB4712,,OBAT NYAMUK BAKAR ZEBRA JUMBO,Kebutuhan,,,DUS,1.00 DUS : 1.00 DUS,1.00 DUS : 60.00 PCS,60
LB1417,,OBAT NYAMUK KINGKONG,Kebutuhan,,,BOX,1.00 BOX : 1.00 BOX,1.00 BOX : 60.00 PCS,60
LB0455,,OISHI,Konsinyasi,,,PCS,1.00 PCS : 1.00 PCS,1.00 PCS : 1.00 PCS,1
LB0918,8993207130033,OKEY NUGGET AYAM 500gr,Frozen food,PT JERINDO JAYA ABADI,PRASETYO PAMBUDI,PCS,1.00 PCS : 1.00 PCS,1.00 PCS : 1.00 PCS,1
LB2263,8993207202198,OKEY SOSIS AYAM 500gr,Frozen food,PT JERINDO JAYA ABADI,PRASETYO PAMBUDI,PCS,1.00 PCS : 1.00 PCS,1.00 PCS : 1.00 PCS,1
LB0268,,OKKY JELLY DRINK ALL VARIAN,Minuman,,,BOX,1.00 BOX : 1.00 BOX,1.00 BOX : 24.00 PCS,24
LB0953,,OLYMPIA CHOCO FUDGE,Konsinyasi,,,DUS,1.00 DUS : 1.00 DUS,1.00 DUS : 26.00 PCS,26
LB0473,8997009510123,ORANGE WATER,Minuman,PT ARTA BOGA CEMERLANG,ADITYA,BOX,1.00 BOX : 1.00 BOX,1.00 BOX : 24.00 PCS,24
LB0475,8992760223015,OREO CHOCOLATE CREAM,Snack,CV MITRA SEJATI DISTRIBUSI,EKO SUYANTO,BOX,1.00 BOX : 1.00 BOX,1.00 BOX : 24.00 PCS,24
LB0478,8992760221028,OREO ORIGINAL,Snack,CV MITRA SEJATI DISTRIBUSI,EKO SUYANTO,BOX,1.00 BOX : 1.00 BOX,1.00 BOX : 24.00 PCS,24
LB1397,7622201402709,OREO WAFER DOUBLE CHOCO,Snack,CV MITRA SEJATI DISTRIBUSI,EKO SUYANTO,BOX,1.00 BOX : 1.00 BOX,1.00 BOX : 24.00 PCS,24
LB5111,,ORONAMIC C 120ML,Minuman,,,BOX,1.00 BOX : 1.00 BOX,1.00 BOX : 24.00 PCS,24
LB4652,,OSKADON SAKIT KEPALA,Kebutuhan,,,BOX,1.00 BOX : 1.00 BOX,1.00 BOX : 50.00 TABLET,50
LB4654,,OSKADON SP,Kebutuhan,,,BOX,1.00 BOX : 1.00 BOX,1.00 BOX : 25.00 TABLET,25
LB0976,,OTAK-OTAK BANDUNG 250gr,Frozen food,,,PCS,1.00 PCS : 1.00 PCS,1.00 PCS : 1.00 PCS,1
LB2395,,PADDLE POP CHOCO MAGMA,Konsinyasi,,,BOX,1.00 BOX : 1.00 BOX,1.00 BOX : 48.00 PCS,48
LB2291,,PADDLE POP RAINBOW,Konsinyasi,,,BOX,1.00 BOX : 1.00 BOX,1.00 BOX : 48.00 PCS,48
LB2293,,PADDLE POP TRICO,Konsinyasi,,,BOX,1.00 BOX : 1.00 BOX,1.00 BOX : 48.00 PCS,48
LB2294,,PADDLE POP TWISTER MAGIC,Konsinyasi,,,BOX,1.00 BOX : 1.00 BOX,1.00 BOX : 36.00 PCS,36
LB5153,8997009539186,PADIMAS CUP CAKE CHOCOLATE 42GR,Snack,CV MITRA SEJATI DISTRIBUSI,DANANG IMAM SANTOSO,DUS,1.00 DUS : 1.00 DUS,1.00 DUS : 60.00 PCS,60
LB5152,8997009539193,PADIMAS CUP CAKE PANDAN 42GR,Snack,CV MITRA SEJATI DISTRIBUSI,DANANG IMAM SANTOSO,DUS,1.00 DUS : 1.00 DUS,1.00 DUS : 60.00 PCS,60
LB5290,8997009538639,PADIMAS ROTI GULING COKLAT 65gr,Snack,CV MITRA SEJATI DISTRIBUSI,DANANG IMAM SANTOSO,DUS,1.00 DUS : 1.00 DUS,1.00 DUS : 60.00 PCS,60
LB5291,8997009538646,PADIMAS ROTI GULING PANDAN SARIKAYA 65gr,Snack,CV MITRA SEJATI DISTRIBUSI,DANANG IMAM SANTOSO,DUS,1.00 DUS : 1.00 DUS,1.00 DUS : 60.00 PCS,60
LB1903,8997009539551,PADIMAS ROTI PANGGANG COKLAT 65GR,Snack,CV MITRA SEJATI DISTRIBUSI,DANANG IMAM SANTOSO,BOX,1.00 BOX : 1.00 BOX,1.00 BOX : 60.00 PCS,60
LB2080,8997009539407,PADIMAS ROTI PANGGANG PANDAN SRIKAYA,Snack,CV MITRA SEJATI DISTRIBUSI,DANANG IMAM SANTOSO,BOX,1.00 BOX : 1.00 BOX,1.00 BOX : 60.00 PCS,60
LB2167,745760402441,PALA BUBUK BUMBUKU 6GR,Sembako,CV LANDAHUR,M KHOIRUL UMAM,RENTENG,1.00 RENTENG : 1.00 RENTENG,1.00 RENTENG : 12.00 PCS,12
LB2253,,PANDA MAX POTATO 30GR,Snack,,,BOX,1.00 BOX : 1.00 BOX,1.00 BOX : 40.00 PCS,40
LB0341,,PANJANG BESAR MADU SARI,Konsinyasi,,,PCS,1.00 PCS : 1.00 PCS,1.00 PCS : 1.00 PCS,1
LB5284,,PANTENE KONDISIONER 9ML,Kebutuhan,,,RENTENG,1.00 RENTENG : 1.00 RENTENG,1.00 RENTENG : 12.00 PCS,12
LB7989,,PAPER BOWL KAMIPACK KRAFT 800,Oprasional,,,PACK,1.00 PACK : 1.00 PACK,1.00 PACK : 25.00 PCS,25
LB4660,,PARAMEX SAKIT KEPALA,Kebutuhan,,,BOX,1.00 BOX : 1.00 BOX,1.00 BOX : 50.00 PCS,50
LB6515,,PASEO SMART 390 PLIY,Kebutuhan,,,BALL,1.00 BALL : 1.00 BALL,1.00 BALL : 6.00 PCS,6
LB0581,,PASSEO NAPKING COCKTAIL 50SHEETS,Kebutuhan,,,PCS,1.00 PCS : 1.00 PCS,1.00 PCS : 1.00 PCS,1
LB5069,,PASTA GIGI CIPTADENT COOLMINT 120GR,Kebutuhan,,,PACK,1.00 PACK : 1.00 PACK,1.00 PACK : 12.00 PCS,12
LB5070,,PASTA GIGI CIPTADENT COOLMINT 225GR,Kebutuhan,,,PACK,1.00 PACK : 1.00 PACK,1.00 PACK : 12.00 PCS,12
LB1182,8998866100144,PASTA GIGI CIPTADENT COOLMINT 75GR,Kebutuhan,PT INTI NIAGA PRANASARI,AGUS PURNOMO,PACK,1.00 PACK : 1.00 PACK,1.00 PACK : 12.00 PCS,12
LB0540,,PASTA GIGI CIPTADENT MAXI COMPLETE 75GR,Kebutuhan,,,PACK,1.00 PACK : 1.00 PACK,1.00 PACK : 12.00 PCS,12
LB1179,8998866100229,PASTA GIGI KODOMO STRAWBERRY 45GR,Kebutuhan,PT INTI NIAGA PRANASARI,AGUS PURNOMO,PACK,1.00 PACK : 1.00 PACK,1.00 PACK : 12.00 PCS,12
LB0532,,PASTEL ABON PUJI RASA,Snack,,,BALL,1.00 BALL : 1.00 BALL,1.00 BALL : 12.00 PCS,12
LB0968,,PATRICK STICK 65ML,Konsinyasi,,,BOX,1.00 BOX : 1.00 BOX,1.00 BOX : 20.00 PCS,20
LB0768,,PEANUT CRISPY,Snack,,,BALL,1.00 BALL : 1.00 BALL,1.00 BALL : 10.00 PCS,10
LB0513,,PEANUT CRISPY PEDAS MANIS,Snack,,,BALL,1.00 BALL : 1.00 BALL,1.00 BALL : 10.00 PCS,10
LB1971,,PECEL ASLI MADIUN RASA EXTRA PEDAS,Sembako,,,PACK,1.00 PACK : 1.00 PACK,1.00 PACK : 10.00 PCS,10
LB1970,,PECEL ASLI MADIUN RASA PEDAS,Sembako,,,PACK,1.00 PACK : 1.00 PACK,1.00 PACK : 10.00 PCS,10
LB1972,,PECEL ASLI MADIUN RASA TIDAK PEDAS,Sembako,,,PACK,1.00 PACK : 1.00 PACK,1.00 PACK : 10.00 PCS,10
LB5718,,PEL 2 BINTANG,Kebutuhan,,,PCS,1.00 PCS : 1.00 PCS,1.00 PCS : 1.00 PCS,1
LB4619,,PENGGARIS ZRM 30CM,Kebutuhan,,,PACK,1.00 PACK : 1.00 PACK,1.00 PACK : 12.00 PCS,12
LB4616,,PENGHAPUS ESELON PUTIH,Kebutuhan,,,PACK,1.00 PACK : 1.00 PACK,1.00 PACK : 24.00 PCS,24
LB4612,,PENSIL 2B MONTANA BIRU,Kebutuhan,,,PACK,1.00 PACK : 1.00 PACK,1.00 PACK : 12.00 PCS,12
LB4611,,PENSIL 2B TRIFELLO,Kebutuhan,,,PACK,1.00 PACK : 1.00 PACK,1.00 PACK : 12.00 PCS,12
LB4610,,PENSIL 2B TRIFELLO BATIK,Kebutuhan,,,PACK,1.00 PACK : 1.00 PACK,1.00 PACK : 12.00 PCS,12
LB1148,8999999706173,PEPSODENT 120GR,Kebutuhan,UD. SANUR BOJONEGORO,M MUJAHIDIN,PACK,1.00 PACK : 1.00 PACK,1.00 PACK : 12.00 PCS,12
LB1147,8999999706180,PEPSODENT 190GR,Kebutuhan,UD. SANUR BOJONEGORO,M MUJAHIDIN,PACK,1.00 PACK : 1.00 PACK,1.00 PACK : 12.00 PCS,12
LB1157,8999999037765,PEPSODENT 225GR,Kebutuhan,UD. SANUR BOJONEGORO,M MUJAHIDIN,PACK,1.00 PACK : 1.00 PACK,1.00 PACK : 12.00 PCS,12
LB5614,8997241670104,PERFECTIO CHICKEN KARAAGE 250gr,Frozen food,CV. TAJIR SODIQ,PRASETYO PAMBUDI,PCS,1.00 PCS : 1.00 PCS,1.00 PCS : 1.00 PCS,1
LB5613,8997241670821,PERFECTIO CHICKEN SKIN 300gr,Frozen food,CV. TAJIR SODIQ,PRASETYO PAMBUDI,PCS,1.00 PCS : 1.00 PCS,1.00 PCS : 1.00 PCS,1
LB6823,8997241670036,PERFECTIO CHIKEN NUGGET 250gr,Frozen food,CV. TAJIR SODIQ,PRASETYO PAMBUDI,PCS,1.00 PCS : 1.00 PCS,1.00 PCS : 1.00 PCS,1
LB3848,8997241670401,PERFECTIO SOSIS BAKAR 12 500gr,Frozen food,CV. TAJIR SODIQ,PRASETYO PAMBUDI,PCS,1.00 PCS : 1.00 PCS,1.00 PCS : 1.00 PCS,1
LB5615,8997241670227,PERFECTIO SPICY WINGS 250gr,Frozen food,CV. TAJIR SODIQ,PRASETYO PAMBUDI,PCS,1.00 PCS : 1.00 PCS,1.00 PCS : 1.00 PCS,1
LB0493,8996001321522,PERMEN KISS APPLE PEACH,Snack,BI PT. CIPTA NIAGA SEMESTA BJN,MIFTAKHUR ROZI,PCS,1.00 PCS : 1.00 PCS,1.00 PCS : 1.00 PCS,1
LB1176,8996001321508,PERMEN KISS BARLEY,Snack,BI PT. CIPTA NIAGA SEMESTA BJN,MIFTAKHUR ROZI,PCS,1.00 PCS : 1.00 PCS,1.00 PCS : 1.00 PCS,1
LB0494,8996001326220,PERMEN KISS CHERY,Snack,BI PT. CIPTA NIAGA SEMESTA BJN,MIFTAKHUR ROZI,PCS,1.00 PCS : 1.00 PCS,1.00 PCS : 1.00 PCS,1
LB0495,8996001326275,PERMEN KISS GRAPE,Snack,BI PT. CIPTA NIAGA SEMESTA BJN,MIFTAKHUR ROZI,PCS,1.00 PCS : 1.00 PCS,1.00 PCS : 1.00 PCS,1
LB1399,8996001320136,PERMEN KOPIKO CAPPUCINO CANDY,Snack,BI PT. CIPTA NIAGA SEMESTA BJN,MIFTAKHUR ROZI,PCS,1.00 PCS : 1.00 PCS,1.00 PCS : 1.00 PCS,1
LB1315,8996001320051,PERMEN KOPIKO COFFEE CANDY,Snack,BI PT. CIPTA NIAGA SEMESTA BJN,MIFTAKHUR ROZI,PCS,1.00 PCS : 1.00 PCS,1.00 PCS : 1.00 PCS,1
LB0496,,PERMEN MINTZ BARLEYMINT,Snack,,,PCS,1.00 PCS : 1.00 PCS,1.00 PCS : 1.00 PCS,1
LB0497,8991102283380,PERMEN MINTZ CHERRYMINTZ,Snack,PT ARTA BOGA CEMERLANG,ADITYA,PCS,1.00 PCS : 1.00 PCS,1.00 PCS : 1.00 PCS,1
LB0498,8991102281430,PERMEN MINTZ DUOMINTZ,Snack,PT ARTA BOGA CEMERLANG,ADITYA,PCS,1.00 PCS : 1.00 PCS,1.00 PCS : 1.00 PCS,1
LB0499,8991102283397,PERMEN MINTZ GRAPEMINT,Snack,PT ARTA BOGA CEMERLANG,ADITYA,PCS,1.00 PCS : 1.00 PCS,1.00 PCS : 1.00 PCS,1
LB1278,8991102281416,PERMEN MINTZ PEPPERMINT,Snack,PT ARTA BOGA CEMERLANG,ADITYA,PCS,1.00 PCS : 1.00 PCS,1.00 PCS : 1.00 PCS,1
LB0500,8991002304413,PERMEN RELAXA ANGGUR,Snack,PT. FASTRATA BUANA,PRASETYO PAMBUDI,PCS,1.00 PCS : 1.00 PCS,1.00 PCS : 1.00 PCS,1
LB0505,8991002304017,PERMEN RELAXA BARLEYMINT,Snack,PT. FASTRATA BUANA,PRASETYO PAMBUDI,PCS,1.00 PCS : 1.00 PCS,1.00 PCS : 1.00 PCS,1
LB0501,,PERMEN RELAXA CHERRY,Snack,,,PCS,1.00 PCS : 1.00 PCS,1.00 PCS : 1.00 PCS,1
LB0502,,PERMEN RELAXA JERUK,Snack,,,PCS,1.00 PCS : 1.00 PCS,1.00 PCS : 1.00 PCS,1
LB0503,8991002303829,PERMEN RELAXA LEMON,Snack,PT. FASTRATA BUANA,PRASETYO PAMBUDI,PCS,1.00 PCS : 1.00 PCS,1.00 PCS : 1.00 PCS,1
LB0504,8991002330504,PERMEN RELAXA MANGGA,Snack,PT. FASTRATA BUANA,PRASETYO PAMBUDI,PCS,1.00 PCS : 1.00 PCS,1.00 PCS : 1.00 PCS,1
LB1984,8991002304178,PERMEN RELAXA ORANGE MINT,Snack,PT. FASTRATA BUANA,PRASETYO PAMBUDI,PCS,1.00 PCS : 1.00 PCS,1.00 PCS : 1.00 PCS,1
LB0506,8992741981903,PERMEN YUPI,Snack,CV MITRA SEJATI DISTRIBUSI,EKO SUYANTO,PCS,1.00 PCS : 1.00 PCS,1.00 PCS : 1.00 PCS,1
LB0717,,PERMEN YUPI TOPLES 300gr,Seasonal,,,BOX,1.00 BOX : 1.00 BOX,1.00 BOX : 6.00 PCS,6
LB4594,,PERTALITE,Sembako,,,JERIGEN,1.00 JERIGEN : 1.00 JERIGEN,1.00 JERIGEN : 34.00 BOTOL,34
LB3226,,PET CC POLYGONAL 200 PCS,Alat,,,SET,1.00 SET : 1.00 SET,1.00 SET : 1.00 SET,1
LB8013,,PIA 100 COKELAT 23GR,Snack,,,DUS,1.00 DUS : 1.00 DUS,1.00 DUS : 6.00 PCS,6
LB0508,8993101365210,PIA CALISTA,Snack,UD. ALIM,M KHOIRUL UMAM,BOX,1.00 BOX : 1.00 BOX,1.00 BOX : 10.00 PCS,10
LB1171,,PIATTOS AYAM GORENG 75GR,Snack,,,BOX,1.00 BOX : 1.00 BOX,1.00 BOX : 30.00 PCS,30
LB1170,,PIATTOS BAKSO BAKAR 75GR,Snack,,,BOX,1.00 BOX : 1.00 BOX,1.00 BOX : 30.00 PCS,30
LB1199,,PIATTOS BBQ 75GR,Snack,,,BOX,1.00 BOX : 1.00 BOX,1.00 BOX : 30.00 PCS,30
LB1090,,PIATTOS BBQ WITH BP SAUCE,Snack,,,BOX,1.00 BOX : 1.00 BOX,1.00 BOX : 30.00 PCS,30
LB1302,,PIATTOS IGA PENYET 75GR,Snack,,,BOX,1.00 BOX : 1.00 BOX,1.00 BOX : 30.00 PCS,30
LB0901,,PIATTOS SAMBAL GEPREK 35gr,Snack,,,BOX,1.00 BOX : 1.00 BOX,1.00 BOX : 30.00 PCS,30
LB0900,,PIATTOS SAMBAL GEPREK 75gr,Snack,,,BOX,1.00 BOX : 1.00 BOX,1.00 BOX : 30.00 PCS,30
LB1200,,PIATTOS SAMBAL GEPREK WITH BBQ SAUCE 75GR,Snack,,,BOX,1.00 BOX : 1.00 BOX,1.00 BOX : 30.00 PCS,30
LB0850,,PIATTOS SAMBAL MATAH 75gr,Snack,,,BOX,1.00 BOX : 1.00 BOX,1.00 BOX : 30.00 PCS,30
LB1124,,PIATTOS SAMBAL TERASI 75GR,Snack,,,BOX,1.00 BOX : 1.00 BOX,1.00 BOX : 30.00 PCS,30
LB1201,,PIATTOS SAPI PANGGANG 35GR,Snack,,,BOX,1.00 BOX : 1.00 BOX,1.00 BOX : 30.00 PCS,30
LB1125,,PIATTOS SAPI PANGGANG 75GR,Snack,,,BOX,1.00 BOX : 1.00 BOX,1.00 BOX : 30.00 PCS,30
LB1203,,PIATTOS SEAWEED 35GR,Snack,,,BOX,1.00 BOX : 1.00 BOX,1.00 BOX : 30.00 PCS,30
LB1202,,PIATTOS SEAWEED 75GR,Snack,,,BOX,1.00 BOX : 1.00 BOX,1.00 BOX : 30.00 PCS,30
LB3182,,PIGO GULA MERAH TEBU 12.5KG,Sembako,,,BOX,1.00 BOX : 1.00 BOX,1.00 BOX : 1.00 BOX,1
LB0456,8997004301245,PILLOW OISHI RASA UBI,Snack,CV MITRA SEJATI DISTRIBUSI,EKO SUYANTO,BOX,1.00 BOX : 1.00 BOX,1.00 BOX : 20.00 PCS,20
LB2920,,PILUS KAPSUL PEDAS 1.7KG,Grosir,,,BALL,1.00 BALL : 1.00 BALL,1.00 BALL : 1.70 KG,1.7
LB0893,8995077603433,PILUS TIC TAC MIX,Snack,CV LANDAHUR,M KHOIRUL UMAM,BALL,1.00 BALL : 1.00 BALL,1.00 BALL : 10.00 PCS,10
LB0572,8995077600814,PILUS TIC TAC PEDAS,Snack,CV LANDAHUR,M KHOIRUL UMAM,BALL,1.00 BALL : 1.00 BALL,1.00 BALL : 10.00 PCS,10
LB0892,8995077601514,PILUS TIC TAC SAPI PANGGANG,Snack,CV LANDAHUR,M KHOIRUL UMAM,BALL,1.00 BALL : 1.00 BALL,1.00 BALL : 10.00 PCS,10
LB5656,,PIRING PLASTIK,Kebutuhan,,,PCS,1.00 LUSIN : 1.00 LUSIN,1.00 LUSIN : 12.00 PCS,12
LB0049,,PISANG COKELAT MADU SARI,Konsinyasi,,,PCS,1.00 PCS : 1.00 PCS,1.00 PCS : 1.00 PCS,1
LB4191,,PISAU BROWNIES ROSA,Oprasional,,,DUS,1.00 DUS : 1.00 DUS,1.00 DUS : 1.00 DUS,1
LB3764,,PISAU PUTIH KCS KECIL,Oprasional,,,BOX,1.00 BOX : 1.00 BOX,1.00 BOX : 1.00 BOX,1
LB2681,,PISCOK MINI MADU SARI,Konsinyasi,,,PCS,1.00 PCS : 1.00 PCS,1.00 PCS : 1.00 PCS,1
LB1260,5801260,PITA PARCEL,Oprasional,DC PACKAGING,M ROISUL ANAM,PACK,1.00 PACK : 1.00 PACK,1.00 PACK : 1.00 PACK,1
LB8153,,PITATO BALADO 250g,Snack,,,BALL,1.00 BALL : 1.00 BALL,1.00 BALL : 12.00 PCS,12
LB8154,,PITATO ORIGINAL 250g,Snack,,,BALL,1.00 BALL : 1.00 BALL,1.00 BALL : 12.00 PCS,12
LB0596,,PLASTIK 1KG,Kebutuhan,,,PACK,1.00 PACK : 1.00 PACK,1.00 PACK : 1.00 PACK,1
LB1238,5801238,PLASTIK 2KG,Oprasional,DC PACKAGING,M ROISUL ANAM,PACK,1.00 PACK : 1.00 PACK,1.00 PACK : 1.00 PACK,1
LB5156,,PLASTIK BAWANG 1/2kg,Kebutuhan,,,PACK,1.00 PACK : 1.00 PACK,1.00 PACK : 1.00 PACK,1
LB5157,,PLASTIK BAWANG 1kg,Kebutuhan,,,PACK,1.00 PACK : 1.00 PACK,1.00 PACK : 1.00 PACK,1
LB3193,,PLASTIK CONTONG JUMBO 1X50PCS,MATERIAL PRODUKSI,,,PACK,1.00 PACK : 1.00 PACK,1.00 PACK : 50.00 PCS,50
LB4807,,PLASTIK DK 1/2 KG,Kebutuhan,,,PACK,1.00 PACK : 1.00 PACK,1.00 PACK : 1.00 PACK,1
LB0207,,PLASTIK GULA,Oprasional,,,PACK,1.00 PACK : 1.00 PACK,1.00 PACK : 1.00 PACK,1
LB7696,,PLASTIK GULA POHON TEBU,Oprasional,,,ROL,1.00 ROL : 1.00 ROL,1.00 ROL : 3703.00 PCS,3703
LB3709,,PLASTIK MIKA 10X20,Oprasional,,,PACK,1.00 PACK : 1.00 PACK,1.00 PACK : 1.00 PACK,1
LB3664,,PLASTIK MIKA 12x27,Oprasional,,,PACK,1.00 PACK : 1.00 PACK,1.00 PACK : 1.00 PACK,1
LB3569,,PLASTIK MIKA 14X25,Oprasional,,,PACK,1.00 PACK : 1.00 PACK,1.00 PACK : 1.00 PACK,1
LB3568,,PLASTIK MIKA 15X25,Oprasional,,,PACK,1.00 PACK : 1.00 PACK,1.00 PACK : 1.00 PACK,1
LB3758,,PLASTIK MIKA 15X27,Oprasional,,,PACK,1.00 PACK : 1.00 PACK,1.00 PACK : 1.00 PACK,1
LB3566,,PLASTIK MIKA 17X25,Oprasional,,,PACK,1.00 PACK : 1.00 PACK,1.00 PACK : 1.00 PACK,1
LB3567,,PLASTIK MIKA 17X28,Oprasional,,,PACK,1.00 PACK : 1.00 PACK,1.00 PACK : 1.00 PACK,1
LB3620,,PLASTIK MIKA 17x30,Oprasional,,,PACK,1.00 PACK : 1.00 PACK,1.00 PACK : 1.00 PACK,1
LB3564,,PLASTIK MIKA 20X30,Oprasional,,,PACK,1.00 PACK : 1.00 PACK,1.00 PACK : 1.00 PACK,1
LB3565,,PLASTIK MIKA 20X35,Oprasional,,,PACK,1.00 PACK : 1.00 PACK,1.00 PACK : 1.00 PACK,1
LB3498,,PLASTIK OP,Oprasional,,,PACK,1.00 PACK : 1.00 PACK,1.00 PACK : 1.00 PACK,1
LB3499,,PLASTIK OP1,Oprasional,,,PACK,1.00 PACK : 1.00 PACK,1.00 PACK : 1.00 PACK,1
LB3632,,PLASTIK OPP 14X14,Oprasional,,,PACK,1.00 PACK : 1.00 PACK,1.00 PACK : 1.00 PACK,1
LB3503,,PLASTIK OPP 15X15,Oprasional,,,PACK,1.00 PACK : 1.00 PACK,1.00 PACK : 1.00 PACK,1
LB4413,,PLASTIK PE KANTONG 41X74,Oprasional,,,PACK,1.00 PACK : 1.00 PACK,1.00 PACK : 1.00 PACK,1
LB3633,,PLASTIK PP KANTONG 40X50,Oprasional,,,PACK,1.00 PACK : 1.00 PACK,1.00 PACK : 1.00 PACK,1
LB3634,,PLASTIK PP KANTONG 40X70,Oprasional,,,PACK,1.00 PACK : 1.00 PACK,1.00 PACK : 1.00 PACK,1
LB3871,,PLASTIK PP KANTONG 50x100,Oprasional,,,PACK,1.00 PACK : 1.00 PACK,1.00 PACK : 1.00 PACK,1
LB1265,,PLASTIK ROLL,Oprasional,,,BALL,1.00 BALL : 1.00 BALL,1.00 BALL : 1.00 BALL,1
LB3572,,PLASTIK ROLL 40X100,Oprasional,,,PACK,1.00 PACK : 1.00 PACK,1.00 PACK : 1.00 PACK,1
LB3571,,PLASTIK ROLL 60X100,Oprasional,,,PACK,1.00 PACK : 1.00 PACK,1.00 PACK : 1.00 PACK,1
LB3573,,PLASTIK ROLL 60X120,Oprasional,,,PACK,1.00 PACK : 1.00 PACK,1.00 PACK : 1.00 PACK,1
LB3570,,PLASTIK ROLL 60X80,Oprasional,,,PACK,1.00 PACK : 1.00 PACK,1.00 PACK : 1.00 PACK,1
LB3827,,PLASTIK ROLL GULA PACK 1 KG,Alat,,,ROL,1.00 ROL : 1.00 ROL,1.00 ROL : 1.00 ROL,1
LB3563,,PLASTIK SABLON SNACKQ MANIS GURIH,Oprasional,,,PACK,1.00 PACK : 1.00 PACK,1.00 PACK : 1.00 PACK,1
LB3562,,PLASTIK SABLON SNACKQ ORIGINAL,Oprasional,,,PACK,1.00 PACK : 1.00 PACK,1.00 PACK : 1.00 PACK,1
LB3561,,PLASTIK SABLON SNACKQ PEDAS MANIS,Oprasional,,,PACK,1.00 PACK : 1.00 PACK,1.00 PACK : 1.00 PACK,1
LB3867,,PLASTIK VACUM,Oprasional,,,PCS,1.00 PCS : 1.00 PCS,1.00 PCS : 1.00 PCS,1
LB4491,,PLASTIK VACUM BEST FRESH 15X20,Oprasional,,,PACK,1.00 PACK : 1.00 PACK,1.00 PACK : 1.00 PACK,1
LB4273,,"PLASTIK VACUM BEST FRESH 16,5x25",Oprasional,,,PACK,1.00 PACK : 1.00 PACK,1.00 PACK : 1.00 PACK,1
LB4274,,PLASTIK VACUM BEST FRESH 20x25,Oprasional,,,PACK,1.00 PACK : 1.00 PACK,1.00 PACK : 1.00 PACK,1
LB4490,,PLASTIK VACUM BEST FRESH 20X30,Oprasional,,,PACK,1.00 PACK : 1.00 PACK,1.00 PACK : 1.00 PACK,1
LB4464,,PLASTIK VACUM BEST FRESH 23x34,Oprasional,,,PACK,1.00 PACK : 1.00 PACK,1.00 PACK : 1.00 PACK,1
LB1261,5801261,PLASTIK WRAP JUMBO,Oprasional,DC PACKAGING,M ROISUL ANAM,PCS,1.00 PCS : 1.00 PCS,1.00 PCS : 1.00 PCS,1
LB1120,8997231400759,PLASTIK WRAP KECIL,Oprasional,DC PACKAGING,M ROISUL ANAM,PCS,1.00 PCS : 1.00 PCS,1.00 PCS : 1.00 PCS,1
LB1402,5801402,PLASTIK WRAP SEDANG,Oprasional,DC PACKAGING,M ROISUL ANAM,PCS,1.00 PCS : 1.00 PCS,1.00 PCS : 1.00 PCS,1
LB0516,8997035563544,POCARI 350,Minuman,PT BERKAT MUTIARA HATI,PRASETYO PAMBUDI,BOX,1.00 BOX : 1.00 BOX,1.00 BOX : 24.00 PCS,24
LB0517,8997035563414,POCARI 500,Minuman,PT BERKAT MUTIARA HATI,PRASETYO PAMBUDI,BOX,1.00 BOX : 1.00 BOX,1.00 BOX : 24.00 PCS,24
LB3328,,POCARI SWEAT 2L,Minuman,,,BOX,1.00 BOX : 1.00 BOX,1.00 BOX : 6.00 PCS,6
LB0737,,POCKY ALMOND FLAVOUR,Snack,,,BOX,1.00 BOX : 1.00 BOX,1.00 BOX : 10.00 PCS,10
LB0518,,POCKY COCO BANANA,Snack,,,BOX,1.00 BOX : 1.00 BOX,1.00 BOX : 10.00 PCS,10
LB1128,,POCKY COCONUT&BROWN SUGAR,Snack,,,BOX,1.00 BOX : 1.00 BOX,1.00 BOX : 10.00 PCS,10
LB0519,8851019210117,POCKY COKLAT FLAVOUR,Snack,PT UNIRAMA DUTA NIAGA,EKO SUYANTO,BOX,1.00 BOX : 1.00 BOX,1.00 BOX : 10.00 PCS,10
LB0521,8851019210292,POCKY COOKIES & CREAM,Snack,PT UNIRAMA DUTA NIAGA,EKO SUYANTO,BOX,1.00 BOX : 1.00 BOX,1.00 BOX : 10.00 PCS,10
LB0522,8851019510132,POCKY DOUBLE CHOCO,Snack,PT UNIRAMA DUTA NIAGA,EKO SUYANTO,BOX,1.00 BOX : 1.00 BOX,1.00 BOX : 10.00 PCS,10
LB0523,,POCKY GREEN TEA MATCHA,Snack,,,BOX,1.00 BOX : 1.00 BOX,1.00 BOX : 10.00 PCS,10
LB0524,8851019210124,POCKY STRAWBERRY FLAVOUR,Snack,PT UNIRAMA DUTA NIAGA,EKO SUYANTO,BOX,1.00 BOX : 1.00 BOX,1.00 BOX : 10.00 PCS,10
LB4666,,POLDAN MIG,Kebutuhan,,,BOX,1.00 BOX : 1.00 BOX,1.00 BOX : 25.00 TABLET,25
LB5907,,POLYTEX SABUT STAINLESS,Kebutuhan,,,RENTENG,1.00 RENTENG : 1.00 RENTENG,1.00 RENTENG : 12.00 PCS,12
LB2680,,POP FOODIE RASA DAGING SAPI 75GR,Snack,,,PCS,1.00 PCS : 1.00 PCS,1.00 PCS : 1.00 PCS,1
LB1960,,POP ICE AVOCADO,Snack,,,RENTENG,1.00 RENTENG : 1.00 RENTENG,1.00 RENTENG : 10.00 PCS,10
LB1820,,POP ICE BLUEBERRY 25GR,Sembako,,,RENTENG,1.00 RENTENG : 1.00 RENTENG,1.00 RENTENG : 10.00 PCS,10
LB1818,,POP ICE CAPUCINO 25GR,Snack,,,RENTENG,1.00 RENTENG : 1.00 RENTENG,1.00 RENTENG : 10.00 PCS,10
LB1826,,POP ICE CHOCO COOKIES 25GR,Sembako,,,RENTENG,1.00 RENTENG : 1.00 RENTENG,1.00 RENTENG : 10.00 PCS,10
LB2289,,POP ICE CHOCOLATE 25GR,Snack,,,RENTENG,1.00 RENTENG : 1.00 RENTENG,1.00 RENTENG : 10.00 PCS,10
LB1821,,POP ICE DURIAN 25GR,Sembako,,,RENTENG,1.00 RENTENG : 1.00 RENTENG,1.00 RENTENG : 10.00 PCS,10
LB1823,,POP ICE GRAPE 25GR,Sembako,,,RENTENG,1.00 RENTENG : 1.00 RENTENG,1.00 RENTENG : 10.00 PCS,10
LB1822,,POP ICE GUAVA 25GR,Sembako,,,RENTENG,1.00 RENTENG : 1.00 RENTENG,1.00 RENTENG : 10.00 PCS,10
LB1824,,POP ICE MANGO 25GR,Sembako,,,RENTENG,1.00 RENTENG : 1.00 RENTENG,1.00 RENTENG : 10.00 PCS,10
LB1958,,POP ICE MELON 25 GR,Snack,,,RENTENG,1.00 RENTENG : 1.00 RENTENG,1.00 RENTENG : 10.00 PCS,10
LB1959,,POP ICE PERMEN KARET 25GR,Snack,,,RENTENG,1.00 RENTENG : 1.00 RENTENG,1.00 RENTENG : 10.00 PCS,10
LB1819,,POP ICE STRAWBERRY 25GR,Sembako,,,RENTENG,1.00 RENTENG : 1.00 RENTENG,1.00 RENTENG : 10.00 PCS,10
LB2037,,POP ICE VANILLA BLUE 25GR,Snack,,,RENTENG,1.00 RENTENG : 1.00 RENTENG,1.00 RENTENG : 10.00 PCS,10
LB0726,89686060003,POP MIE AYAM BAWANG BESAR,Sembako,PT. INDOMARCO ADI PRIMA,MIFTAKHUR ROZI,PCS,1.00 PCS : 1.00 PCS,1.00 PCS : 1.00 PCS,1
LB0727,89686060027,POP MIE AYAM BESAR,Sembako,PT. INDOMARCO ADI PRIMA,MIFTAKHUR ROZI,PCS,1.00 PCS : 1.00 PCS,1.00 PCS : 1.00 PCS,1
LB0728,89686060126,POP MIE BAKSO BESAR,Sembako,PT. INDOMARCO ADI PRIMA,MIFTAKHUR ROZI,PCS,1.00 PCS : 1.00 PCS,1.00 PCS : 1.00 PCS,1
LB4395,89686062007,POP MIE GORENG,Sembako,PT. INDOMARCO ADI PRIMA,MIFTAKHUR ROZI,PCS,1.00 PCS : 1.00 PCS,1.00 PCS : 1.00 PCS,1
LB8146,,POP MIE GORENG GLEDEEK,Sembako,,,PCS,1.00 PCS : 1.00 PCS,1.00 PCS : 1.00 PCS,1
LB4394,89686060744,POP MIE GORENG SPESIAL,Sembako,PT. INDOMARCO ADI PRIMA,MIFTAKHUR ROZI,PCS,1.00 PCS : 1.00 PCS,1.00 PCS : 1.00 PCS,1
LB1204,89686060461,POP MIE KARI AYAM BESAR,Sembako,PT. INDOMARCO ADI PRIMA,MIFTAKHUR ROZI,PCS,1.00 PCS : 1.00 PCS,1.00 PCS : 1.00 PCS,1
LB4270,89686067002,POP MIE KUAH PEDAS DOWER,Sembako,PT. INDOMARCO ADI PRIMA,MIFTAKHUR ROZI,PCS,1.00 PCS : 1.00 PCS,1.00 PCS : 1.00 PCS,1
LB4393,89686067019,POP MIE PANGSIT JONTOR,Sembako,PT. INDOMARCO ADI PRIMA,MIFTAKHUR ROZI,PCS,1.00 PCS : 1.00 PCS,1.00 PCS : 1.00 PCS,1
LB0729,89686060362,POP MIE SOTO BESAR,Sembako,PT. INDOMARCO ADI PRIMA,MIFTAKHUR ROZI,PCS,1.00 PCS : 1.00 PCS,1.00 PCS : 1.00 PCS,1
LB3339,8809296885801,PORORO BLUEBERRY 235ml,Minuman,PT. SUKSES SARANA NIAGA,MOHAMMAD AMINUDIN,PCS,1.00 PCS : 1.00 PCS,1.00 PCS : 1.00 PCS,1
LB3338,8801128945288,PORORO STRAWBERRY 235ml,Minuman,PT. SUKSES SARANA NIAGA,MOHAMMAD AMINUDIN,PCS,1.00 PCS : 1.00 PCS,1.00 PCS : 1.00 PCS,1
LB0526,8998866202053,POTABEE AYAM BAKAR,Snack,PT INTI NIAGA PRANASARI,AGUS PURNOMO,BOX,1.00 BOX : 1.00 BOX,1.00 BOX : 30.00 PCS,30
LB0527,8998866201469,POTABEE BBQ,Snack,PT INTI NIAGA PRANASARI,AGUS PURNOMO,BOX,1.00 BOX : 1.00 BOX,1.00 BOX : 30.00 PCS,30
LB5490,18998866201534,POTABEE BBQ 15gr,Snack,PT INTI NIAGA PRANASARI,AGUS PURNOMO,DUS,1.00 DUS : 1.00 DUS,1.00 DUS : 60.00 PCS,60
LB5024,8998866201476,POTABEE GRILLED SEAWEED 15GR,Snack,PT INTI NIAGA PRANASARI,AGUS PURNOMO,DUS,1.00 DUS : 1.00 DUS,1.00 DUS : 60.00 PCS,60
LB0528,,POTABEE SEAWEED,Snack,,,BOX,1.00 BOX : 1.00 BOX,1.00 BOX : 30.00 PCS,30
LB0529,8998866202664,POTABEE WAGYU BEEF STEAK,Snack,PT INTI NIAGA PRANASARI,AGUS PURNOMO,BOX,1.00 BOX : 1.00 BOX,1.00 BOX : 30.00 PCS,30
LB0651,,POTATO BALADO CAP 99 1.5KG,Grosir,,,BALL,1.00 BALL : 1.00 BALL,1.00 BALL : 1.50 KG,1.5
LB1228,,POTATO GURIH 1.5 KG,Grosir,,,BALL,1.00 BALL : 1.00 BALL,1.00 BALL : 3.00 KG,3
LB1368,,"POTATO JAGUNG MANIS CAP 99 1,5kg",Grosir,,,BALL,1.00 BALL : 1.00 BALL,1.00 BALL : 1.50 KG,1.5
LB3765,,PREMICE BELGIUM CHOCOLATE,Konsinyasi,,,BOX,1.00 BOX : 1.00 BOX,1.00 BOX : 20.00 PCS,20
LB0172,,PRETZ AYAM BBQ,Snack,,,PACK,1.00 PACK : 1.00 PACK,1.00 PACK : 10.00 PCS,10
LB0173,,PRETZ ORIGINAL,Snack,,,PACK,1.00 PACK : 1.00 PACK,1.00 PACK : 10.00 PCS,10
LB0673,,PRETZ PIZZA FLAVOUR,Snack,,,PACK,1.00 PACK : 1.00 PACK,1.00 PACK : 10.00 PCS,10
LB2763,,PRIMADONAKU BAKSO AYAM 600gr,Frozen food,,,PCS,1.00 PCS : 1.00 PCS,1.00 PCS : 1.00 PCS,1
LB2765,,PRIMADONAKU SCALLOPS IKAN 460gr,Frozen food,,,PCS,1.00 PCS : 1.00 PCS,1.00 PCS : 1.00 PCS,1
LB2764,,PRIMADONAKU TEMPURA IKAN 450gr,Frozen food,,,PCS,1.00 PCS : 1.00 PCS,1.00 PCS : 1.00 PCS,1
LB7986,,PRISTINE 600ML,Minuman,,,DUS,1.00 DUS : 1.00 DUS,1.00 DUS : 24.00 PCS,24
LB4668,,PROMAG TABLET KUNYAH,Kebutuhan,,,PACK,1.00 PACK : 1.00 PACK,1.00 PACK : 30.00 PCS,30
LB0530,,PUDING FIRSAD,Konsinyasi,,,PCS,1.00 PCS : 1.00 PCS,1.00 PCS : 1.00 PCS,1
LB2195,,QTELA SINGKONG BALADO 60GR,Snack,,,BOX,1.00 BOX : 1.00 BOX,1.00 BOX : 30.00 PCS,30
LB2196,,QTELA SINGKONG BARBEQUE 60GR,Snack,,,BOX,1.00 BOX : 1.00 BOX,1.00 BOX : 30.00 PCS,30
LB4945,89686611601,QTELA SINGKONG BBQ 20GR,Snack,PT. INDOMARCO ADI PRIMA,MIFTAKHUR ROZI,DUS,1.00 DUS : 1.00 DUS,1.00 DUS : 60.00 PCS,60
LB2001,,QTELA TEMPE CABE RAWIT 55GR,Snack,,,BOX,1.00 BOX : 1.00 BOX,1.00 BOX : 30.00 PCS,30
LB2130,,QTELA TEMPE ORIGINAL 55GR,Snack,,,BOX,1.00 BOX : 1.00 BOX,1.00 BOX : 30.00 PCS,30
LB2131,,QTELA TEMPE RUMPUT LAUT 55GR,Snack,,,BOX,1.00 BOX : 1.00 BOX,1.00 BOX : 30.00 PCS,30
LB3117,,QUICK 75 1KG,Roti,,,KG,1.00 KG : 1.00 KG,1.00 KG : 1.00 KG,1
LB3249,,QUICK 75 80g,Sembako,,,DUS,1.00 DUS : 1.00 DUS,1.00 DUS : 45.00 PCS,45
LB0713,,RAFFAIS CENDOL KEJU,Snack,,,BALL,1.00 BALL : 1.00 BALL,1.00 BALL : 10.00 PCS,10
LB0741,,RAFFAIS COOKIES PUYUR COKELAT,Snack,,,BOX,1.00 BOX : 1.00 BOX,1.00 BOX : 12.00 PCS,12
LB0562,,RAFFAIS CUMI BALADO,Snack,,,BALL,1.00 BALL : 1.00 BALL,1.00 BALL : 10.00 PCS,10
LB0552,,RAFFAIS EMPING JAGUNG,Snack,,,BALL,1.00 BALL : 1.00 BALL,1.00 BALL : 10.00 PCS,10
LB0554,5800554,RAFFAIS KERIPIK SINGKONG,Snack,AL-BAROKAH (RAFFAIS),DANANG IMAM SANTOSO,BALL,1.00 BALL : 1.00 BALL,1.00 BALL : 10.00 PCS,10
LB0553,5800553,RAFFAIS KRUPUK TAHU,Snack,AL-BAROKAH (RAFFAIS),DANANG IMAM SANTOSO,BALL,1.00 BALL : 1.00 BALL,1.00 BALL : 10.00 PCS,10
LB0555,5800555,RAFFAIS KRUPUK TENGIRI,Snack,AL-BAROKAH (RAFFAIS),DANANG IMAM SANTOSO,BALL,1.00 BALL : 1.00 BALL,1.00 BALL : 10.00 PCS,10
LB1703,,RAFFAIS KUE SEMPRIT,Snack,,,BOX,1.00 BOX : 1.00 BOX,1.00 BOX : 12.00 PCS,12
LB0557,,RAFFAIS MAKARONI NASGOR,Snack,,,BALL,1.00 BALL : 1.00 BALL,1.00 BALL : 10.00 PCS,10
LB0559,5800559,RAFFAIS MAKARONI RUJAK,Snack,AL-BAROKAH (RAFFAIS),DANANG IMAM SANTOSO,BALL,1.00 BALL : 1.00 BALL,1.00 BALL : 10.00 PCS,10
LB0560,,RAFFAIS MARNING ORI BESAR,Snack,,,BALL,1.00 BALL : 1.00 BALL,1.00 BALL : 10.00 PCS,10
LB1205,,RAFFAIS POTATO,Snack,,,BALL,1.00 BALL : 1.00 BALL,1.00 BALL : 10.00 PCS,10
LB0565,5800565,RAFFAIS PUYUR KEJU,Snack,AL-BAROKAH (RAFFAIS),DANANG IMAM SANTOSO,BALL,1.00 BALL : 1.00 BALL,1.00 BALL : 10.00 PCS,10
LB0567,,RAFFAIS USUS CRISPY,Snack,,,BALL,1.00 BALL : 1.00 BALL,1.00 BALL : 10.00 PCS,10
LB0712,,RAFFAIS WIDARAN GETAS,Snack,,,BALL,1.00 BALL : 1.00 BALL,1.00 BALL : 10.00 PCS,10
LB0570,,RAGAM KACANG,Snack,,,BALL,1.00 BALL : 1.00 BALL,1.00 BALL : 12.00 PCS,12
LB0580,5800580,RAMBAK BESAR REJO MAKMUR,Snack,UD REJO MAKMUR,DANANG IMAM SANTOSO,BALL,1.00 BALL : 1.00 BALL,1.00 BALL : 10.00 PCS,10
LB7883,18998866204368,RAMEN YES GORENG TOKYO CHICKEN YAKOTARI 84G,Sembako,PT INTI NIAGA PRANASARI,AGUS PURNOMO,DUS,1.00 DUS : 1.00 DUS,1.00 DUS : 60.00 PCS,60
LB0535,,RAPIKA 5IN1 BOTOL 250ML COOL BLUE,Kebutuhan,,,PCS,1.00 PCS : 1.00 PCS,1.00 PCS : 1.00 PCS,1
LB0520,,RAPIKA 5IN1 BOTOL 250ML SWEET PINK,Kebutuhan,,,PCS,1.00 PCS : 1.00 PCS,1.00 PCS : 1.00 PCS,1
LB0566,,RAPIKA BIANG COOL BLUE 7ML,Kebutuhan,,,PACK,1.00 PACK : 1.00 PACK,1.00 PACK : 72.00 PCS,72
LB2033,8998866608855,RAPIKA BIANG COOL BLUE REFILL 250ML,Kebutuhan,PT INTI NIAGA PRANASARI,AGUS PURNOMO,BOX,1.00 BOX : 1.00 BOX,1.00 BOX : 24.00 PCS,24
LB0564,,RAPIKA BIANG SWEET PINK 7ML,Kebutuhan,,,PACK,1.00 PACK : 1.00 PACK,1.00 PACK : 72.00 PCS,72
LB2032,8998866608862,RAPIKA BIANG SWEET PINK REFILL 250ML,Kebutuhan,PT INTI NIAGA PRANASARI,AGUS PURNOMO,BOX,1.00 BOX : 1.00 BOX,1.00 BOX : 24.00 PCS,24
LB4238,,REAL CHOCO POP,Seasonal,,,DUS,1.00 DUS : 1.00 DUS,1.00 DUS : 12.00 PCS,12
LB0577,8993351160757,REAL GOOD COKLAT,Minuman,PT SO GOOD FOOD SBY - TUBAN,M MUJAHIDIN,BOX,1.00 BOX : 1.00 BOX,1.00 BOX : 40.00 PCS,40
LB0578,,REAL GOOD STRAWBERRY,Minuman,,,BOX,1.00 BOX : 1.00 BOX,1.00 BOX : 40.00 PCS,40
LB2145,,REAL GOOD SWEET CHEESE,Minuman,,,BOX,1.00 BOX : 1.00 BOX,1.00 BOX : 40.00 PCS,40
LB4753,,REXONA DEO-LOTION FREE SPIRIT 9GR,Kebutuhan,,,DUS,1.00 DUS : 1.00 DUS,1.00 DUS : 144.00 PCS,144
LB4752,,REXONA DEO-LOTION HIJAB CERAH DAN SEGAR 9GR,Kebutuhan,,,DUS,1.00 DUS : 1.00 DUS,1.00 DUS : 144.00 PCS,144
LB4886,,REXONA MEN DEO-LOTION ICE COOL 9GR,Kebutuhan,,,DUS,1.00 DUS : 1.00 DUS,1.00 DUS : 144.00 PCS,144
LB4698,8999999558062,RINSO MOLTO CLASSIC FRESH 40GR,Kebutuhan,UD. SANUR BOJONEGORO,M MUJAHIDIN,DUS,1.00 DUS : 1.00 DUS,1.00 DUS : 126.00 PCS,126
LB2381,8999999587741,RINSO MOLTO JAPANESE PEACH 210GR,Kebutuhan,UD. SANUR BOJONEGORO,M MUJAHIDIN,DUS,1.00 DUS : 1.00 DUS,1.00 DUS : 18.00 PCS,18
LB2383,8999999587734,RINSO MOLTO PERFUME ESSENCE 195GR,Kebutuhan,UD. SANUR BOJONEGORO,M MUJAHIDIN,DUS,1.00 DUS : 1.00 DUS,1.00 DUS : 18.00 PCS,18
LB1153,,RINSO MOLTO PERFUME ESSENCE 215GR,Kebutuhan,,,BOX,1.00 BOX : 1.00 BOX,1.00 BOX : 12.00 PCS,12
LB1164,,RINSO MOLTO PERFUME ESSENCE 400GR,Kebutuhan,,,BOX,1.00 BOX : 1.00 BOX,1.00 BOX : 12.00 PCS,12
LB4696,8999999189013,RINSO MOLTO PERFUME ESSENCE 40GR,Kebutuhan,UD. SANUR BOJONEGORO,M MUJAHIDIN,DUS,1.00 DUS : 1.00 DUS,1.00 DUS : 126.00 PCS,126
LB2380,8999999587727,RINSO MOLTO ROSE FRESH 195GR,Kebutuhan,UD. SANUR BOJONEGORO,M MUJAHIDIN,DUS,1.00 DUS : 1.00 DUS,1.00 DUS : 18.00 PCS,18
LB1165,,RINSO MOLTO ROSE FRESH 400GR,Kebutuhan,,,BOX,1.00 BOX : 1.00 BOX,1.00 BOX : 12.00 PCS,12
LB4697,8999999558079,RINSO MOLTO ROSE FRESH 40GR,Kebutuhan,UD. SANUR BOJONEGORO,M MUJAHIDIN,DUS,1.00 DUS : 1.00 DUS,1.00 DUS : 72.00 PCS,72
LB0590,8996001301142,ROMA KELAPA,Snack,BI PT. CIPTA NIAGA SEMESTA BJN,MIFTAKHUR ROZI,PACK,1.00 PACK : 1.00 PACK,1.00 PACK : 7.00 PCS,7
LB0591,8996001312353,ROMA MALKIST KELAPA KOPYOR,Snack,BI PT. CIPTA NIAGA SEMESTA BJN,MIFTAKHUR ROZI,BOX,1.00 BOX : 1.00 BOX,1.00 BOX : 36.00 PCS,36
LB0592,8996001305041,ROMA SANDWICH,Snack,BI PT. CIPTA NIAGA SEMESTA BJN,MIFTAKHUR ROZI,BOX,1.00 BOX : 1.00 BOX,1.00 BOX : 42.00 PCS,42
LB1757,8999999502393,ROYCO AYAM 8Gr,Sembako,UD. SANUR BOJONEGORO,M MUJAHIDIN,RENTENG,1.00 RENTENG : 1.00 RENTENG,1.00 RENTENG : 12.00 PCS,12
LB1591,8999999192150,ROYCO AYAM 94GR,Sembako,UD. SANUR BOJONEGORO,M MUJAHIDIN,PCS,1.00 PCS : 1.00 PCS,1.00 PCS : 1.00 PCS,1
LB1758,8999999502409,ROYCO SAPI 8Gr,Sembako,UD. SANUR BOJONEGORO,M MUJAHIDIN,RENTENG,1.00 RENTENG : 1.00 RENTENG,1.00 RENTENG : 12.00 PCS,12
LB1590,8999999192198,ROYCO SAPI 94GR,Sembako,UD. SANUR BOJONEGORO,M MUJAHIDIN,PCS,1.00 PCS : 1.00 PCS,1.00 PCS : 1.00 PCS,1
LB6208,,S.CITRA BNKG70G,Kebutuhan,,,PCS,1.00 PCS : 1.00 PCS,1.00 PCS : 1.00 PCS,1
LB1193,8997002920837,SABENA BALADO,Snack,BINTANG TIMUR,M KHOIRUL UMAM,DUS,1.00 DUS : 1.00 DUS,1.00 DUS : 5.00 PCS,5
LB4429,,SABENA BALADO 185GR,Snack,,,DUS,1.00 DUS : 1.00 DUS,1.00 DUS : 5.00 PCS,5
LB4426,,SABENA CAPPUCINO 185GR,Snack,,,DUS,1.00 DUS : 1.00 DUS,1.00 DUS : 5.00 PCS,5
LB1224,8997002920868,SABENA CAPUCINO,Snack,BINTANG TIMUR,M KHOIRUL UMAM,DUS,1.00 DUS : 1.00 DUS,1.00 DUS : 5.00 PCS,5
LB1222,8997002921919,SABENA COCOPANDAN,Snack,BINTANG TIMUR,M KHOIRUL UMAM,DUS,1.00 DUS : 1.00 DUS,1.00 DUS : 5.00 PCS,5
LB4428,,SABENA COCOPANDAN 185GR,Snack,,,DUS,1.00 DUS : 1.00 DUS,1.00 DUS : 5.00 PCS,5
LB1191,8997002921902,SABENA JAGUNG BAKAR,Snack,BINTANG TIMUR,M KHOIRUL UMAM,DUS,1.00 DUS : 1.00 DUS,1.00 DUS : 5.00 PCS,5
LB4427,,SABENA JAGUNG BAKAR 185GR,Snack,,,DUS,1.00 DUS : 1.00 DUS,1.00 DUS : 5.00 PCS,5
LB1190,8997002920844,SABENA KEJU,Snack,BINTANG TIMUR,M KHOIRUL UMAM,DUS,1.00 DUS : 1.00 DUS,1.00 DUS : 5.00 PCS,5
LB4425,,SABENA KEJU 185GR,Snack,,,DUS,1.00 DUS : 1.00 DUS,1.00 DUS : 5.00 PCS,5
LB5041,,SABENA PILLOW CAPUCINO 185GR,Snack,,,DUS,1.00 DUS : 1.00 DUS,1.00 DUS : 5.00 PCS,5
LB2273,,SABENA RING RASA BALADO 360gr,Snack,,,BOX,1.00 BOX : 1.00 BOX,1.00 BOX : 5.00 PCS,5
LB1424,,SABENA RING RASA CAPUCINO,Snack,,,BOX,1.00 BOX : 1.00 BOX,1.00 BOX : 5.00 PCS,5
LB5040,,SABENA ROLL CAPUCINO 185GR,Snack,,,DUS,1.00 DUS : 1.00 DUS,1.00 DUS : 5.00 PCS,5
LB1961,,SABENA ROLL RASA CAPUCINO,Snack,,,BOX,1.00 BOX : 1.00 BOX,1.00 BOX : 5.00 PCS,5
LB1192,8997002920851,SABENA SAPI PANGGANG,Snack,BINTANG TIMUR,M KHOIRUL UMAM,DUS,1.00 DUS : 1.00 DUS,1.00 DUS : 5.00 PCS,5
LB4430,,SABENA SAPI PANGGANG 185GR,Snack,,,DUS,1.00 DUS : 1.00 DUS,1.00 DUS : 5.00 PCS,5
LB0582,,SABUN CUSSONS BABY MILK&GENTLE 75GR,Kebutuhan,,,PCS,1.00 PCS : 1.00 PCS,1.00 PCS : 1.00 PCS,1
LB0583,,SABUN CUSSONS BABY SOFT&SMOOTH 75GR,Kebutuhan,,,PCS,1.00 PCS : 1.00 PCS,1.00 PCS : 1.00 PCS,1
LB0585,,SABUN DETTOL ORIGINAL 60GR,Kebutuhan,,,PCS,1.00 PCS : 1.00 PCS,1.00 PCS : 1.00 PCS,1
LB1172,8998866612890,SABUN GIV HIJAB TIN DAN ZAITUN,Kebutuhan,PT INTI NIAGA PRANASARI,AGUS PURNOMO,PCS,1.00 PCS : 1.00 PCS,1.00 PCS : 1.00 PCS,1
LB1173,8998866608312,SABUN GIV PEPAYA DAN MADU,Kebutuhan,PT INTI NIAGA PRANASARI,AGUS PURNOMO,PCS,1.00 PCS : 1.00 PCS,1.00 PCS : 1.00 PCS,1
LB1156,8998866608305,SABUN GIV WHITE BENGKOANG 72GR,Kebutuhan,PT INTI NIAGA PRANASARI,AGUS PURNOMO,PCS,1.00 PCS : 1.00 PCS,1.00 PCS : 1.00 PCS,1
LB1187,8998866602556,SABUN NUVO FAMILY MERAH 72GR,Kebutuhan,PT INTI NIAGA PRANASARI,AGUS PURNOMO,PCS,1.00 PCS : 1.00 PCS,1.00 PCS : 1.00 PCS,1
LB5086,,SABUN PAPAYA 135GR,Kebutuhan,,,PCS,1.00 PCS : 1.00 PCS,1.00 PCS : 1.00 PCS,1
LB1314,8992946521836,SABUN SHINZUI 80gr KENZO,Kebutuhan,CV MITRA SEJATI DISTRIBUSI,ADITYA,PCS,1.00 PCS : 1.00 PCS,1.00 PCS : 1.00 PCS,1
LB1311,8992946512285,SABUN SHINZUI 80gr KIREY,Kebutuhan,CV MITRA SEJATI DISTRIBUSI,ADITYA,PCS,1.00 PCS : 1.00 PCS,1.00 PCS : 1.00 PCS,1
LB1312,8992946511790,SABUN SHINZUI 80gr MATSU,Kebutuhan,CV MITRA SEJATI DISTRIBUSI,ADITYA,PCS,1.00 PCS : 1.00 PCS,1.00 PCS : 1.00 PCS,1
LB1313,8992946521416,SABUN SHINZUI 80gr MYORI,Kebutuhan,CV MITRA SEJATI DISTRIBUSI,ADITYA,PCS,1.00 PCS : 1.00 PCS,1.00 PCS : 1.00 PCS,1
LB0608,8992946521409,SABUN SHINZUI 80gr SAKURA,Kebutuhan,CV MITRA SEJATI DISTRIBUSI,ADITYA,PCS,1.00 PCS : 1.00 PCS,1.00 PCS : 1.00 PCS,1
LB6663,,SABUN ZWITSAL 70gr,Kebutuhan,,,PCS,1.00 PCS : 1.00 PCS,1.00 PCS : 1.00 PCS,1
LB6051,,SABUN ZWITSAL ALOE VERA 70GR BANDLING,Kebutuhan,,,PACK,1.00 PACK : 1.00 PACK,1.00 PACK : 1.00 PACK,1
LB3025,,SAF INSTANT GOLD 500GR,Sembako,,,PCS,1.00 PCS : 1.00 PCS,1.00 PCS : 1.00 PCS,1
LB1567,8992770074010,SAJIKU AYAM GORENG 24GR,Sembako,PT. AJINOMOTO SALES INDONESIA,AGUS PURNOMO,RENTENG,1.00 RENTENG : 1.00 RENTENG,1.00 RENTENG : 10.00 PCS,10
LB2827,,SAJIKU BUMBU NASI GORENG 20gr,Sembako,,,RENTENG,1.00 RENTENG : 1.00 RENTENG,1.00 RENTENG : 10.00 PCS,10
LB1742,8992770154033,SAJIKU BUMBU PRAKTIS CAPCAY 20GR,Sembako,PT. AJINOMOTO SALES INDONESIA,AGUS PURNOMO,RENTENG,1.00 RENTENG : 1.00 RENTENG,1.00 RENTENG : 10.00 PCS,10
LB1744,,SAJIKU BUMBU PRAKTIS GULAI PADANG 25GR,Sembako,,,PACK,1.00 PACK : 1.00 PACK,1.00 PACK : 10.00 PCS,10
LB1745,,SAJIKU BUMBU PRAKTIS OPOR 25GR,Sembako,,,RENTENG,1.00 RENTENG : 1.00 RENTENG,1.00 RENTENG : 10.00 PCS,10
LB1743,8992770084040,SAJIKU BUMBU PRAKTIS SOTO AYAM 20GR,Sembako,PT. AJINOMOTO SALES INDONESIA,AGUS PURNOMO,RENTENG,1.00 RENTENG : 1.00 RENTENG,1.00 RENTENG : 10.00 PCS,10
LB1566,,SAJIKU IKAN GORENG 18GR,Sembako,,,RENTENG,1.00 RENTENG : 1.00 RENTENG,1.00 RENTENG : 10.00 PCS,10
LB1565,8992770154019,SAJIKU SAYUR ASEM 25GR,Sembako,PT. AJINOMOTO SALES INDONESIA,AGUS PURNOMO,RENTENG,1.00 RENTENG : 1.00 RENTENG,1.00 RENTENG : 10.00 PCS,10
LB1568,8992770154026,SAJIKU SAYUR SOP 19GR,Sembako,PT. AJINOMOTO SALES INDONESIA,AGUS PURNOMO,RENTENG,1.00 RENTENG : 1.00 RENTENG,1.00 RENTENG : 10.00 PCS,10
LB1609,8992770061072,SAJIKU TEPUNG BUMBU BAKWAN CRISPY 210GR,Sembako,PT. AJINOMOTO SALES INDONESIA,AGUS PURNOMO,PCS,1.00 PCS : 1.00 PCS,1.00 PCS : 1.00 PCS,1
LB1935,8992770061065,SAJIKU TEPUNG BUMBU BAKWAN CRISPY 90GR,Sembako,PT. AJINOMOTO SALES INDONESIA,AGUS PURNOMO,PCS,1.00 PCS : 1.00 PCS,1.00 PCS : 1.00 PCS,1
LB1608,8992770061041,SAJIKU TEPUNG BUMBU GOLDEN CRISPY 200GR,Sembako,PT. AJINOMOTO SALES INDONESIA,AGUS PURNOMO,PCS,1.00 PCS : 1.00 PCS,1.00 PCS : 1.00 PCS,1
LB2087,8992770061058,SAJIKU TEPUNG BUMBU GOLDEN CRISPY 75GR,Sembako,PT. AJINOMOTO SALES INDONESIA,AGUS PURNOMO,PCS,1.00 PCS : 1.00 PCS,1.00 PCS : 1.00 PCS,1
LB1607,8992770084064,SAJIKU TEPUNG BUMBU SERBAGUNA 210GR,Sembako,PT. AJINOMOTO SALES INDONESIA,AGUS PURNOMO,PCS,1.00 PCS : 1.00 PCS,1.00 PCS : 1.00 PCS,1
LB1610,8992770061010,SAJIKU TEPUNG BUMBU SERBAGUNA 75GR,Sembako,PT. AJINOMOTO SALES INDONESIA,AGUS PURNOMO,PCS,1.00 PCS : 1.00 PCS,1.00 PCS : 1.00 PCS,1
LB1739,,SAJIKU TEPUNG BUMBU SERBAGUNA PEDAS 70GR,Sembako,,,PCS,1.00 PCS : 1.00 PCS,1.00 PCS : 1.00 PCS,1
LB1741,,SAJIKU TEPUNG BUMBU TEPUNG MANIS SERBAGUNA 150GR,Sembako,,,PCS,1.00 PCS : 1.00 PCS,1.00 PCS : 1.00 PCS,1
LB1740,,SAJIKU TEPUNG BUMBU TEPUNG MANIS SERBAGUNA 70GR,Sembako,,,PCS,1.00 PCS : 1.00 PCS,1.00 PCS : 1.00 PCS,1
LB1614,,SAJIKU TEPUNG TEMPE CRISPY 80GR,Sembako,,,PCS,1.00 PCS : 1.00 PCS,1.00 PCS : 1.00 PCS,1
LB0606,,SALAD BUAH COKELAT SRIKANDI,Konsinyasi,,,PCS,1.00 PCS : 1.00 PCS,1.00 PCS : 1.00 PCS,1
LB0607,,SALAD BUAH KEJU SRIKANDI,Konsinyasi,,,PCS,1.00 PCS : 1.00 PCS,1.00 PCS : 1.00 PCS,1
LB0604,,SALAD PRAFERSI,Konsinyasi,,,PCS,1.00 PCS : 1.00 PCS,1.00 PCS : 1.00 PCS,1
LB1065,,SALAD SUYA,Konsinyasi,,,PCS,1.00 PCS : 1.00 PCS,1.00 PCS : 1.00 PCS,1
LB0609,,SALAD ZEEFOOD,Konsinyasi,,,PCS,1.00 PCS : 1.00 PCS,1.00 PCS : 1.00 PCS,1
LB1404,,SALAM BAKSO AYAM 500gr,Frozen food,,,PCS,1.00 PCS : 1.00 PCS,1.00 PCS : 1.00 PCS,1
LB0920,8997222640072,SALAM BAKSO BESAR 500gr,Frozen food,PANGAN BERKAH SEJAHTERA,MOHAMMAD AMINUDIN,PCS,1.00 PCS : 1.00 PCS,1.00 PCS : 1.00 PCS,1
LB0919,8997222640676,SALAM BAKSO KRIKIL 500gr,Frozen food,PANGAN BERKAH SEJAHTERA,MOHAMMAD AMINUDIN,PCS,1.00 PCS : 1.00 PCS,1.00 PCS : 1.00 PCS,1
LB0921,8997222640645,SALAM NAGET 250gr,Frozen food,PANGAN BERKAH SEJAHTERA,MOHAMMAD AMINUDIN,PCS,1.00 PCS : 1.00 PCS,1.00 PCS : 1.00 PCS,1
LB0924,8997222640577,SALAM NAGET AYAM 500gr,Frozen food,PANGAN BERKAH SEJAHTERA,MOHAMMAD AMINUDIN,PCS,1.00 PCS : 1.00 PCS,1.00 PCS : 1.00 PCS,1
LB0933,8997222640065,SALAM SCALOP AYAM 500gr,Frozen food,PANGAN BERKAH SEJAHTERA,MOHAMMAD AMINUDIN,PCS,1.00 PCS : 1.00 PCS,1.00 PCS : 1.00 PCS,1
LB0925,8997222640867,SALAM SOSIS BAKAR 11 500gr,Frozen food,PANGAN BERKAH SEJAHTERA,MOHAMMAD AMINUDIN,PCS,1.00 PCS : 1.00 PCS,1.00 PCS : 1.00 PCS,1
LB4285,8997222641864,SALAM SOSIS BAKAR 4 175gr,Frozen food,PANGAN BERKAH SEJAHTERA,MOHAMMAD AMINUDIN,PCS,1.00 PCS : 1.00 PCS,1.00 PCS : 1.00 PCS,1
LB0661,8997222640522,SALAM SOSIS MERAH PANJANG 500gr,Frozen food,PANGAN BERKAH SEJAHTERA,MOHAMMAD AMINUDIN,PCS,1.00 PCS : 1.00 PCS,1.00 PCS : 1.00 PCS,1
LB0923,9887222640201,SALAM SOSIS MERAH PENDEK 500gr,Frozen food,PANGAN BERKAH SEJAHTERA,MOHAMMAD AMINUDIN,PCS,1.00 PCS : 1.00 PCS,1.00 PCS : 1.00 PCS,1
LB0611,5800611,SAMBAL RUJAK SJ,Snack,SALES SJ,M KHOIRUL UMAM,PACK,1.00 PACK : 1.00 PACK,1.00 PACK : 5.00 PCS,5
LB4609,,SANDAL MELLY SERI UK 9-10.5,Kebutuhan,,,BALL,1.00 BALL : 1.00 BALL,1.00 BALL : 6.00 PCS,6
LB4598,,SANDAL SWALLOW HITAM SERI UKURAN 9-10.5,Kebutuhan,,,BALL,1.00 BALL : 1.00 BALL,1.00 BALL : 6.00 PCS,6
LB4621,,SANDAL SWALLOW SERI UKURAN 9-10.5,Kebutuhan,,,BALL,1.00 BALL : 1.00 BALL,1.00 BALL : 6.00 PCS,6
LB4883,,SANDAL SWALLOW UKURAN 11,Kebutuhan,,,BALL,1.00 BALL : 1.00 BALL,1.00 BALL : 6.00 PCS,6
LB6213,,SANDRELA AMH100,Kebutuhan,,,PCS,1.00 PCS : 1.00 PCS,1.00 PCS : 1.00 PCS,1
LB6214,,SANDRELA FAT100,Kebutuhan,,,PCS,1.00 PCS : 1.00 PCS,1.00 PCS : 1.00 PCS,1
LB6212,,SANDRELA ZHR100,Kebutuhan,,,PCS,1.00 PCS : 1.00 PCS,1.00 PCS : 1.00 PCS,1
LB2168,745760402434,SANTAN BUBUK BUMBUKU 13GR,Sembako,CV LANDAHUR,M KHOIRUL UMAM,RENTENG,1.00 RENTENG : 1.00 RENTENG,1.00 RENTENG : 10.00 PCS,10
LB4081,,SANTAN KELAPA LEZZA 24X200ML,Sembako,,,BOX,1.00 BOX : 1.00 BOX,1.00 BOX : 24.00 PCS,24
LB4205,,SANTAN KELAPA LEZZA 36X65ML,Sembako,,,DUS,1.00 DUS : 1.00 DUS,1.00 DUS : 36.00 PCS,36
LB0253,,SANTAN KELAPA ROSE BRAND 65ml BANDED GELAS,Sembako,,,BOX,1.00 BOX : 1.00 BOX,1.00 BOX : 12.00 PCS,12
LB0616,8997010570116,SANTRI 1500ml,Minuman,PT. AIR SANTRI BOJONEGORO,PRASETYO PAMBUDI,BOX,1.00 BOX : 1.00 BOX,1.00 BOX : 12.00 PCS,12
LB2243,,SANTRI 240ML,Minuman,,,BOX,1.00 BOX : 1.00 BOX,1.00 BOX : 1.00 BOX,1
LB0618,8997010570024,SANTRI 600ml,Minuman,PT. AIR SANTRI BOJONEGORO,PRASETYO PAMBUDI,BOX,1.00 BOX : 1.00 BOX,1.00 BOX : 24.00 PCS,24
LB1677,8992770096227,SAORI SAOS TERIYAKI 135ML,Sembako,PT. AJINOMOTO SALES INDONESIA,AGUS PURNOMO,PCS,1.00 PCS : 1.00 PCS,1.00 PCS : 1.00 PCS,1
LB1628,8992770094216,SAORI SAOS TERIYAKI 22ML,Sembako,PT. AJINOMOTO SALES INDONESIA,AGUS PURNOMO,RENTENG,1.00 RENTENG : 1.00 RENTENG,1.00 RENTENG : 10.00 PCS,10
LB1630,8992770096128,SAORI SAOS TIRAM 133ML,Sembako,PT. AJINOMOTO SALES INDONESIA,AGUS PURNOMO,PCS,1.00 PCS : 1.00 PCS,1.00 PCS : 1.00 PCS,1
LB1629,8992770094117,SAORI SAOS TIRAM 23ML,Sembako,PT. AJINOMOTO SALES INDONESIA,AGUS PURNOMO,RENTENG,1.00 RENTENG : 1.00 RENTENG,1.00 RENTENG : 10.00 PCS,10
LB1751,,SAORI SAUS ASAM MANIS 25ML,Sembako,,,RENTENG,1.00 RENTENG : 1.00 RENTENG,1.00 RENTENG : 10.00 PCS,10
LB1752,8992770096524,SAORI SAUS LADA HITAM 133ML,Sembako,PT. AJINOMOTO SALES INDONESIA,AGUS PURNOMO,PCS,1.00 PCS : 1.00 PCS,1.00 PCS : 1.00 PCS,1
LB1748,8992770094513,SAORI SAUS LADA HITAM 26ML,Sembako,PT. AJINOMOTO SALES INDONESIA,AGUS PURNOMO,RENTENG,1.00 RENTENG : 1.00 RENTENG,1.00 RENTENG : 10.00 PCS,10
LB7823,,SAOS CABE CAP KAPAL 600ML,Sembako,,,PCS,1.00 PCS : 1.00 PCS,1.00 PCS : 1.00 PCS,1
LB2042,8980099329157,SAOS RAJA RASA SRITI 150 ML,Sembako,CV. ADIYAGTRA,ADITYA,PCS,1.00 PCS : 1.00 PCS,1.00 PCS : 1.00 PCS,1
LB1603,8994297101279,SAOS SAMBAL NIKI SARI 655GR,Sembako,CV LANGGENG JAYA SENTOSA,EKO SUYANTO,PCS,1.00 PCS : 1.00 PCS,1.00 PCS : 1.00 PCS,1
LB1602,8994297101293,SAOS TOMAT NIKI SARI 655GR,Sembako,CV LANGGENG JAYA SENTOSA,EKO SUYANTO,PCS,1.00 PCS : 1.00 PCS,1.00 PCS : 1.00 PCS,1
LB5660,,SAPU GAMMA,Kebutuhan,,,PCS,1.00 PCS : 1.00 PCS,1.00 PCS : 1.00 PCS,1
LB1794,711844330108,SARDEN ABC CABAI 155GR,Sembako,CV MITRA SEJATI DISTRIBUSI,EKO SUYANTO,PCS,1.00 PCS : 1.00 PCS,1.00 PCS : 1.00 PCS,1
LB1793,711844330146,SARDEN ABC EXTRA PEDAS 155GR,Sembako,CV MITRA SEJATI DISTRIBUSI,EKO SUYANTO,PCS,1.00 PCS : 1.00 PCS,1.00 PCS : 1.00 PCS,1
LB2133,711844330009,SARDEN ABC TOMAT 155GR,Sembako,CV MITRA SEJATI DISTRIBUSI,EKO SUYANTO,PCS,1.00 PCS : 1.00 PCS,1.00 PCS : 1.00 PCS,1
LB0620,8996001304990,SARI GANDUM,Snack,BI PT. CIPTA NIAGA SEMESTA BJN,MIFTAKHUR ROZI,BOX,1.00 BOX : 1.00 BOX,1.00 BOX : 24.00 PCS,24
LB0615,,SARI NANAS SEGARR 120ml,Minuman,,,BOX,1.00 BOX : 1.00 BOX,1.00 BOX : 32.00 PCS,32
LB0271,,SARI ROTI BOLU KUKUS,Konsinyasi,,,PCS,1.00 PCS : 1.00 PCS,1.00 PCS : 1.00 PCS,1
LB0342,,SARI ROTI BOLU KUKUS COKELAT,Konsinyasi,,,PCS,1.00 PCS : 1.00 PCS,1.00 PCS : 1.00 PCS,1
LB3200,,SARI ROTI BOLU KUKUS VANILLA,Konsinyasi,,,PCS,1.00 PCS : 1.00 PCS,1.00 PCS : 1.00 PCS,1
LB3247,,SARI ROTI CHEESE CAKE,Konsinyasi,,,PCS,1.00 PCS : 1.00 PCS,1.00 PCS : 1.00 PCS,1
LB2986,,SARI ROTI CHIF COKLAT,Konsinyasi,,,PCS,1.00 PCS : 1.00 PCS,1.00 PCS : 1.00 PCS,1
LB2987,,SARI ROTI CHIF PANDAN,Konsinyasi,,,PCS,1.00 PCS : 1.00 PCS,1.00 PCS : 1.00 PCS,1
LB0288,,SARI ROTI DORAYAKI CHOCO PEANUT,Konsinyasi,,,PCS,1.00 PCS : 1.00 PCS,1.00 PCS : 1.00 PCS,1
LB0621,,SARI ROTI DORAYAKI COKELAT,Konsinyasi,,,PCS,1.00 PCS : 1.00 PCS,1.00 PCS : 1.00 PCS,1
LB3269,,SARI ROTI DORAYAKI STRAWBERRY,Konsinyasi,,,PCS,1.00 PCS : 1.00 PCS,1.00 PCS : 1.00 PCS,1
LB0625,,SARI ROTI ISI COKELAT,Konsinyasi,,,PCS,1.00 PCS : 1.00 PCS,1.00 PCS : 1.00 PCS,1
LB2670,,SARI ROTI ISI COKELAT KEJU,Konsinyasi,,,PCS,1.00 PCS : 1.00 PCS,1.00 PCS : 1.00 PCS,1
LB0375,,SARI ROTI JUMBO MILKY SOFT,Konsinyasi,,,PCS,1.00 PCS : 1.00 PCS,1.00 PCS : 1.00 PCS,1
LB0637,,SARI ROTI JUMBO TAWAR KUPAS,Konsinyasi,,,PCS,1.00 PCS : 1.00 PCS,1.00 PCS : 1.00 PCS,1
LB0636,,SARI ROTI JUMBO TAWAR SPESIAL,Konsinyasi,,,PCS,1.00 PCS : 1.00 PCS,1.00 PCS : 1.00 PCS,1
LB1000,,SARI ROTI KASUR KRIM MESSES,Konsinyasi,,,PCS,1.00 PCS : 1.00 PCS,1.00 PCS : 1.00 PCS,1
LB0203,,SARI ROTI KLASIK DUO KRIM MESSES,Konsinyasi,,,PCS,1.00 PCS : 1.00 PCS,1.00 PCS : 1.00 PCS,1
LB3157,,SARI ROTI KLASIK KASUR KEJU,Konsinyasi,,,PCS,1.00 PCS : 1.00 PCS,1.00 PCS : 1.00 PCS,1
LB3275,,SARI ROTI KRIM COKELAT,Konsinyasi,,,PCS,1.00 PCS : 1.00 PCS,1.00 PCS : 1.00 PCS,1
LB3274,,SARI ROTI KRIM MOKA,Konsinyasi,,,PCS,1.00 PCS : 1.00 PCS,1.00 PCS : 1.00 PCS,1
LB0626,,SARI ROTI SANDWICH COKELAT,Konsinyasi,,,PCS,1.00 PCS : 1.00 PCS,1.00 PCS : 1.00 PCS,1
LB0627,,SARI ROTI SANDWICH KEJU,Konsinyasi,,,PCS,1.00 PCS : 1.00 PCS,1.00 PCS : 1.00 PCS,1
LB0629,,SARI ROTI SANDWICH PANDAN SRIKAYA,Konsinyasi,,,PCS,1.00 PCS : 1.00 PCS,1.00 PCS : 1.00 PCS,1
LB2712,,SARI ROTI SANDWICH TOAST,Konsinyasi,,,PCS,1.00 PCS : 1.00 PCS,1.00 PCS : 1.00 PCS,1
LB0827,,SARI ROTI SISIR MENTEGA,Konsinyasi,,,PCS,1.00 PCS : 1.00 PCS,1.00 PCS : 1.00 PCS,1
LB0631,,SARI ROTI SOBEK COKELAT,Konsinyasi,,,PCS,1.00 PCS : 1.00 PCS,1.00 PCS : 1.00 PCS,1
LB0336,,SARI ROTI SOBEK COKELAT KEJU,Konsinyasi,,,PCS,1.00 PCS : 1.00 PCS,1.00 PCS : 1.00 PCS,1
LB0632,,SARI ROTI SOBEK COKELAT SRIKAYA,Konsinyasi,,,PCS,1.00 PCS : 1.00 PCS,1.00 PCS : 1.00 PCS,1
LB0844,,SARI ROTI SOBEK COKELAT STRAWBERRY,Konsinyasi,,,PCS,1.00 PCS : 1.00 PCS,1.00 PCS : 1.00 PCS,1
LB0460,,SARI ROTI SOBEK DUO COKELAT,Konsinyasi,,,PCS,1.00 PCS : 1.00 PCS,1.00 PCS : 1.00 PCS,1
LB0236,,SARI ROTI SOBEK DUO COKELAT BLUEBERRY,Konsinyasi,,,PCS,1.00 PCS : 1.00 PCS,1.00 PCS : 1.00 PCS,1
LB0114,,SARI ROTI SOBEK DUO COKELAT SARIKAYA,Konsinyasi,,,PCS,1.00 PCS : 1.00 PCS,1.00 PCS : 1.00 PCS,1
LB0235,,SARI ROTI SOBEK DUO COKELAT STROBERI,Konsinyasi,,,PCS,1.00 PCS : 1.00 PCS,1.00 PCS : 1.00 PCS,1
LB0624,,SARI ROTI SOBEK DUO COKLAT KEJU,Konsinyasi,,,PCS,1.00 PCS : 1.00 PCS,1.00 PCS : 1.00 PCS,1
LB0634,,SARI ROTI TAWAR,Konsinyasi,,,PCS,1.00 PCS : 1.00 PCS,1.00 PCS : 1.00 PCS,1
LB3156,,SARI ROTI TAWAR KUPAS,Konsinyasi,,,PCS,1.00 PCS : 1.00 PCS,1.00 PCS : 1.00 PCS,1
LB0998,,SARI ROTI TAWAR MILKY SOFT,Konsinyasi,,,PCS,1.00 PCS : 1.00 PCS,1.00 PCS : 1.00 PCS,1
LB0638,,SARI ROTI TAWAR PANDAN MANIS,Konsinyasi,,,PCS,1.00 PCS : 1.00 PCS,1.00 PCS : 1.00 PCS,1
LB0639,,SARI ROTI TAWAR SPESIAL,Konsinyasi,,,PCS,1.00 PCS : 1.00 PCS,1.00 PCS : 1.00 PCS,1
LB2979,,SARI ROTI ZUPPER CREAMY CHOCO,Konsinyasi,,,PCS,1.00 PCS : 1.00 PCS,1.00 PCS : 1.00 PCS,1
LB2977,,SARI ROTI ZUPPER CREAMY MOCHA,Konsinyasi,,,PCS,1.00 PCS : 1.00 PCS,1.00 PCS : 1.00 PCS,1
LB2978,,SARI ROTI ZUPPER CREAMY SWEET,Konsinyasi,,,PCS,1.00 PCS : 1.00 PCS,1.00 PCS : 1.00 PCS,1
LB1948,,SARIMI ISI 2 AYAM BAWANG 115GR,Sembako,,,DUS,1.00 DUS : 1.00 DUS,1.00 DUS : 24.00 PCS,24
LB1950,,SARIMI ISI 2 BASO SAPI,Sembako,,,DUS,1.00 DUS : 1.00 DUS,1.00 DUS : 24.00 PCS,24
LB1949,,SARIMI ISI 2 GORENG AYAM KREMES 125GR,Sembako,,,DUS,1.00 DUS : 1.00 DUS,1.00 DUS : 24.00 PCS,24
LB1918,,SARIWANGI SARI MURNI KANTONG BUNDAR RENTENG 9GR,Sembako,,,RENTENG,1.00 RENTENG : 1.00 RENTENG,1.00 RENTENG : 12.00 PCS,12
LB1587,8999999195649,SARIWANGI TEH ASLI,Sembako,UD. SANUR BOJONEGORO,M MUJAHIDIN,PCS,1.00 PCS : 1.00 PCS,1.00 PCS : 1.00 PCS,1
LB1919,,SARIWANGI TEH ASLI RENTENG 9GR,Sembako,,,RENTENG,1.00 RENTENG : 1.00 RENTENG,1.00 RENTENG : 6.00 PCS,6
LB1588,8999999031602,SARIWANGI TEH SARI MURNI,Sembako,UD. SANUR BOJONEGORO,M MUJAHIDIN,PCS,1.00 PCS : 1.00 PCS,1.00 PCS : 1.00 PCS,1
LB2181,,SASA MICIN 17GR,Sembako,,,PACK,1.00 PACK : 1.00 PACK,1.00 PACK : 20.00 PCS,20
LB4701,8991188943376,SASA MICIN 220GR,Sembako,PT. TUMBAKMAS NIAGASAKTI,AGUS PURNOMO,PCS,1.00 PCS : 1.00 PCS,1.00 PCS : 1.00 PCS,1
LB8027,,SASA MICIN 25KG,Sembako,,,DUS,1.00 KARUNG : 1.00 KARUNG,1.00 KARUNG : 1.00 KARUNG,1
LB2154,,SASA MICIN 38 GR,Sembako,,,PACK,1.00 PACK : 1.00 PACK,1.00 PACK : 20.00 PCS,20
LB4702,8991188943031,SASA MICIN 5GR,Sembako,PT. TUMBAKMAS NIAGASAKTI,AGUS PURNOMO,PACK,1.00 PACK : 1.00 PACK,1.00 PACK : 30.00 PCS,30
LB2182,8991188943369,SASA MICIN 85GR,Sembako,PT. TUMBAKMAS NIAGASAKTI,AGUS PURNOMO,PCS,1.00 PCS : 1.00 PCS,1.00 PCS : 1.00 PCS,1
LB3625,8991188943536,SASA SANTAN 65ML,Sembako,PT. TUMBAKMAS NIAGASAKTI,AGUS PURNOMO,BOX,1.00 BOX : 1.00 BOX,1.00 BOX : 32.00 PCS,32
LB1998,8992736925165,SASA TEPUNG BUMBU AYAM KRISPI 200GR,Sembako,PT. TUMBAKMAS NIAGASAKTI,AGUS PURNOMO,PCS,1.00 PCS : 1.00 PCS,1.00 PCS : 1.00 PCS,1
LB1626,8992736925134,SASA TEPUNG BUMBU ORIGINAL 210GR,Sembako,PT. TUMBAKMAS NIAGASAKTI,AGUS PURNOMO,PCS,1.00 PCS : 1.00 PCS,1.00 PCS : 1.00 PCS,1
LB1611,8992736980133,SASA TEPUNG BUMBU SERBAGUNA 70GR,Sembako,PT. TUMBAKMAS NIAGASAKTI,AGUS PURNOMO,PCS,1.00 PCS : 1.00 PCS,1.00 PCS : 1.00 PCS,1
LB1999,,SASA TEPUNG BUMBU SERBAGUNA ORIGINAL 32GR,Sembako,,,RENTENG,1.00 RENTENG : 1.00 RENTENG,1.00 RENTENG : 10.00 PCS,10
LB1627,8992736025162,SASA TEPUNG GORENG PISANG 210GR,Sembako,PT. TUMBAKMAS NIAGASAKTI,AGUS PURNOMO,PCS,1.00 PCS : 1.00 PCS,1.00 PCS : 1.00 PCS,1
LB1678,,SASA TEPUNG SERBAGUNA 35GR,Sembako,,,RENTENG,1.00 RENTENG : 1.00 RENTENG,1.00 RENTENG : 10.00 PCS,10
LB4956,,SCOTCH BRITE SPON RENTENG,Kebutuhan,,,RENTENG,1.00 RENTENG : 1.00 RENTENG,1.00 RENTENG : 12.00 PCS,12
LB0889,,SEBLAK KENCUR JEDEPE 2.7 kg,Grosir,,,BALL,1.00 BALL : 1.00 BALL,1.00 BALL : 2.70 KG,2.7
LB1350,,SEBLAK MBAK UNA EXTRA PEDAS,Snack,,,PCS,1.00 PCS : 1.00 PCS,1.00 PCS : 1.00 PCS,1
LB0642,,SEBLAK MBAK UNA ORIGINAL,Snack,,,PCS,1.00 PCS : 1.00 PCS,1.00 PCS : 1.00 PCS,1
LB1349,,SEBLAK MBAK UNA PEDAS MANIS,Snack,,,PCS,1.00 PCS : 1.00 PCS,1.00 PCS : 1.00 PCS,1
LB1386,,SEBLAK SOTO IJO 2KG,Grosir,,,BALL,1.00 BALL : 1.00 BALL,1.00 BALL : 2.00 KG,2
LB5030,8998866203708,SEDAAP BUMBU KALDU RASA AYAM 9GR,Sembako,PT INTI NIAGA PRANASARI,AGUS PURNOMO,RENTENG,1.00 RENTENG : 1.00 RENTENG,1.00 RENTENG : 18.00 PCS,18
LB5031,8998866203739,SEDAAP BUMBU KALDU RASA SAPI 9GR,Sembako,PT INTI NIAGA PRANASARI,AGUS PURNOMO,RENTENG,1.00 RENTENG : 1.00 RENTENG,1.00 RENTENG : 18.00 PCS,18
LB0674,,SEDANI MAKARONI PIPA 1KG,Sembako,,,PCS,1.00 PCS : 1.00 PCS,1.00 PCS : 1.00 PCS,1
LB1951,,SEDANI MAKARONI SPIRAL 1KG,Sembako,,,BOX,1.00 BOX : 1.00 BOX,1.00 BOX : 10.00 KG,10
LB1597,8998866608008,SEDAP KECAP MANIS 135ML,Sembako,PT INTI NIAGA PRANASARI,AGUS PURNOMO,PCS,1.00 PCS : 1.00 PCS,1.00 PCS : 1.00 PCS,1
LB5026,8998866608045,SEDAP KECAP MANIS 250GR,Sembako,PT INTI NIAGA PRANASARI,AGUS PURNOMO,DUS,1.00 DUS : 1.00 DUS,1.00 DUS : 24.00 PCS,24
LB1594,,SEDAP KECAP MANIS 63ML,Sembako,,,BOX,1.00 BOX : 1.00 BOX,1.00 BOX : 48.00 PCS,48
LB3462,8998866608084,SEDAP KECAP MANIS 700g,Sembako,PT INTI NIAGA PRANASARI,AGUS PURNOMO,BOX,1.00 BOX : 1.00 BOX,1.00 BOX : 12.00 PCS,12
LB3458,8998866608039,SEDAP KECAP MANIS 77GR,Sembako,PT INTI NIAGA PRANASARI,AGUS PURNOMO,BOX,1.00 BOX : 1.00 BOX,1.00 BOX : 48.00 PCS,48
LB1593,8998866202305,SEDAP KECAP MANIS SPECIAL 135ML,Sembako,PT INTI NIAGA PRANASARI,AGUS PURNOMO,PCS,1.00 PCS : 1.00 PCS,1.00 PCS : 1.00 PCS,1
LB1596,,SEDAP KECAP MANIS SPECIAL 60ML,Sembako,,,BOX,1.00 BOX : 1.00 BOX,1.00 BOX : 48.00 PCS,48
LB3459,8998866202275,SEDAP KECAP MANIS SPECIAL 77GR,Sembako,PT INTI NIAGA PRANASARI,AGUS PURNOMO,BOX,1.00 BOX : 1.00 BOX,1.00 BOX : 48.00 PCS,48
LB1726,,SEDAP KECAP MANIS SPECIAL REFILL 550GR + PIRING KERAMIK,Sembako,,,BOX,1.00 BOX : 1.00 BOX,1.00 BOX : 12.00 PCS,12
LB3457,8998866202268,SEDAP KECAP MANIS SPECIAL REFILL 725GR + PIRING KERAMIK,Sembako,PT INTI NIAGA PRANASARI,AGUS PURNOMO,BOX,1.00 BOX : 1.00 BOX,1.00 BOX : 12.00 PCS,12
LB5025,8998866202299,SEDAP KECAP MANIS SPESIAL 270GR,Sembako,PT INTI NIAGA PRANASARI,AGUS PURNOMO,DUS,1.00 DUS : 1.00 DUS,1.00 DUS : 24.00 PCS,24
LB3703,,SEDOTAN BENING 6ml,Oprasional,,,BALL,1.00 BALL : 1.00 BALL,1.00 BALL : 1.00 BALL,1
LB4190,,SEDOTAN BUBLE STRAW 8ml,Oprasional,,,DUS,1.00 DUS : 1.00 DUS,1.00 DUS : 20.00 PACK,20
LB4143,,SEDOTAN CMS 6ml NEW,Oprasional,,,DUS,1.00 DUS : 1.00 DUS,1.00 DUS : 1.00 DUS,1
LB6433,,SEDOTAN STERIL CMS 500,Oprasional,,,PACK,1.00 PACK : 1.00 PACK,1.00 PACK : 500.00 PCS,500
LB4261,,SENDOK KCS BENING,Oprasional,,,DUS,1.00 DUS : 1.00 DUS,1.00 DUS : 1.00 DUS,1
LB3914,,SENDOK NOBI WARNA,Oprasional,,,DUS,1.00 DUS : 1.00 DUS,1.00 DUS : 1.00 DUS,1
LB3557,,SENDOK SALAD,Oprasional,,,DUS,1.00 DUS : 1.00 DUS,1.00 DUS : 80.00 PACK,80
LB5033,,SENDOK TEH BENING TIPTOP,Oprasional,,,DUS,1.00 DUS : 1.00 DUS,1.00 DUS : 1.00 DUS,1
LB5055,,SENNA DELUXE KRUPUK UDANG 500GR,Sembako,,,PCS,1.00 PCS : 1.00 PCS,1.00 PCS : 1.00 PCS,1
LB1599,8992950342144,SENNA KRUPUKKU KRUPUK BAWANG 200GR,Sembako,SAKTI SETIA SENTOSA,DANANG IMAM SANTOSO,PCS,1.00 PCS : 1.00 PCS,1.00 PCS : 1.00 PCS,1
LB5054,8992950342113,SENNA KRUPUKKU KRUPUK BAWANG 400GR,Sembako,SAKTI SETIA SENTOSA,DANANG IMAM SANTOSO,PCS,1.00 PCS : 1.00 PCS,1.00 PCS : 1.00 PCS,1
LB1600,8992950342137,SENNA KRUPUKKU KRUPUK IKAN 200GR,Sembako,SAKTI SETIA SENTOSA,DANANG IMAM SANTOSO,PCS,1.00 PCS : 1.00 PCS,1.00 PCS : 1.00 PCS,1
LB5052,8992950342106,SENNA KRUPUKKU KRUPUK IKAN 400GR,Sembako,SAKTI SETIA SENTOSA,DANANG IMAM SANTOSO,PCS,1.00 PCS : 1.00 PCS,1.00 PCS : 1.00 PCS,1
LB1601,8992950342120,SENNA KRUPUKKU KRUPUK UDANG 200GR,Sembako,SAKTI SETIA SENTOSA,DANANG IMAM SANTOSO,PCS,1.00 PCS : 1.00 PCS,1.00 PCS : 1.00 PCS,1
LB5053,8992950342090,SENNA KRUPUKKU KRUPUK UDANG 400GR,Sembako,SAKTI SETIA SENTOSA,DANANG IMAM SANTOSO,PCS,1.00 PCS : 1.00 PCS,1.00 PCS : 1.00 PCS,1
LB6436,,SENTER KEPALA SURYA SYH L155C,Kebutuhan,,,PCS,1.00 PCS : 1.00 PCS,1.00 PCS : 1.00 PCS,1
LB6435,,SENTER SURYA L4W 3COB,Kebutuhan,,,PCS,1.00 PCS : 1.00 PCS,1.00 PCS : 1.00 PCS,1
LB0476,,SGM ANANDA 0-6 1000GR,Kebutuhan,,,PCS,1.00 PCS : 1.00 PCS,1.00 PCS : 1.00 PCS,1
LB0543,,SGM ANANDA 0-6 150GR,Kebutuhan,,,PCS,1.00 PCS : 1.00 PCS,1.00 PCS : 1.00 PCS,1
LB0480,,SGM ANANDA 0-6 400GR,Kebutuhan,,,PCS,1.00 PCS : 1.00 PCS,1.00 PCS : 1.00 PCS,1
LB0598,,SGM ANANDA 6-12 1000GR,Kebutuhan,,,PCS,1.00 PCS : 1.00 PCS,1.00 PCS : 1.00 PCS,1
LB0482,,SGM ANANDA 6-12 150GR,Kebutuhan,,,PCS,1.00 PCS : 1.00 PCS,1.00 PCS : 1.00 PCS,1
LB0479,,SGM ANANDA 6-12 400GR,Kebutuhan,,,PCS,1.00 PCS : 1.00 PCS,1.00 PCS : 1.00 PCS,1
LB0492,,SGM EKSPLOR 1+ 150GR MADU,Kebutuhan,,,PCS,1.00 PCS : 1.00 PCS,1.00 PCS : 1.00 PCS,1
LB0483,,SGM EKSPLOR 1+ 150GR VANILLA,Kebutuhan,,,PCS,1.00 PCS : 1.00 PCS,1.00 PCS : 1.00 PCS,1
LB0481,,SGM EKSPLOR 1+ 400GR,Kebutuhan,,,PCS,1.00 PCS : 1.00 PCS,1.00 PCS : 1.00 PCS,1
LB0477,,SGM EKSPLOR 1+ 900GR VANILLA,Kebutuhan,,,PCS,1.00 PCS : 1.00 PCS,1.00 PCS : 1.00 PCS,1
LB1267,8999999529833,SHAMPOO CLEAR MENTHOL 9ML,Kebutuhan,UD. SANUR BOJONEGORO,M MUJAHIDIN,RENTENG,1.00 RENTENG : 1.00 RENTENG,1.00 RENTENG : 1.00 RENTENG,1
LB1268,8999999529819,SHAMPOO CLEAR SOFTCARE 9ML,Kebutuhan,UD. SANUR BOJONEGORO,M MUJAHIDIN,RENTENG,1.00 RENTENG : 1.00 RENTENG,1.00 RENTENG : 1.00 RENTENG,1
LB1306,,SHAMPOO LIFEBUOY BOTOL BIRU 170ML,Kebutuhan,,,PCS,1.00 PCS : 1.00 PCS,1.00 PCS : 1.00 PCS,1
LB1304,,SHAMPOO LIFEBUOY BOTOL BIRU 70+21ML,Kebutuhan,,,PCS,1.00 PCS : 1.00 PCS,1.00 PCS : 1.00 PCS,1
LB1307,,SHAMPOO LIFEBUOY BOTOL HIJAU 170ML,Kebutuhan,,,PCS,1.00 PCS : 1.00 PCS,1.00 PCS : 1.00 PCS,1
LB1305,,SHAMPOO LIFEBUOY BOTOL HIJAU 70+21ML,Kebutuhan,,,PCS,1.00 PCS : 1.00 PCS,1.00 PCS : 1.00 PCS,1
LB1715,4902430563864,SHAMPOO PANTENE ANTI DANDRUFF 10ML,Kebutuhan,PT. BORWITA CITRA PRIMA,ADITYA,RENTENG,1.00 RENTENG : 1.00 RENTENG,1.00 RENTENG : 1.00 RENTENG,1
LB1334,,SHAMPOO PANTENE ANTI DANDRUFF BOTOL 130ml,Kebutuhan,,,PCS,1.00 PCS : 1.00 PCS,1.00 PCS : 1.00 PCS,1
LB1337,,SHAMPOO PANTENE ANTI DANDRUFF BOTOL 70ml,Kebutuhan,,,PCS,1.00 PCS : 1.00 PCS,1.00 PCS : 1.00 PCS,1
LB1335,,SHAMPOO PANTENE HAIR FALL BOTOL 130ml,Kebutuhan,,,PCS,1.00 PCS : 1.00 PCS,1.00 PCS : 1.00 PCS,1
LB1336,,SHAMPOO PANTENE HAIR FALL BOTOL 70ml,Kebutuhan,,,PCS,1.00 PCS : 1.00 PCS,1.00 PCS : 1.00 PCS,1
LB1716,4902430563871,SHAMPOO PANTENE HAIR FALL CONTROL 10ML,Kebutuhan,PT. BORWITA CITRA PRIMA,ADITYA,RENTENG,1.00 RENTENG : 1.00 RENTENG,1.00 RENTENG : 1.00 RENTENG,1
LB1270,4902430563888,SHAMPOO PANTENE LONG BLACK 10ML,Kebutuhan,PT. BORWITA CITRA PRIMA,ADITYA,RENTENG,1.00 RENTENG : 1.00 RENTENG,1.00 RENTENG : 1.00 RENTENG,1
LB1271,4902430563895,SHAMPOO PANTENE SMOOTH 10ML,Kebutuhan,PT. BORWITA CITRA PRIMA,ADITYA,RENTENG,1.00 RENTENG : 1.00 RENTENG,1.00 RENTENG : 1.00 RENTENG,1
LB6155,,SHINZUI KIRE180,Kebutuhan,,,PCS,1.00 PCS : 1.00 PCS,1.00 PCS : 1.00 PCS,1
LB7907,8992946523533,SHINZUI KIREY 380g,Kebutuhan,CV MITRA SEJATI DISTRIBUSI,ADITYA,PCS,1.00 PCS : 1.00 PCS,1.00 PCS : 1.00 PCS,1
LB6156,,SHINZUI MATS180,Kebutuhan,,,PCS,1.00 PCS : 1.00 PCS,1.00 PCS : 1.00 PCS,1
LB7941,,SHINZUI MYORI 380g,Kebutuhan,,,PCS,1.00 PCS : 1.00 PCS,1.00 PCS : 1.00 PCS,1
LB7944,,SHINZUI SAKURA 380g,Kebutuhan,,,PCS,1.00 PCS : 1.00 PCS,1.00 PCS : 1.00 PCS,1
LB3285,,SIIPLAH APEL 120ml,Minuman,,,BOX,1.00 BOX : 1.00 BOX,1.00 BOX : 1.00 BOX,1
LB3690,5803690,SIISUKA BASRENG STIK ORIGINAL,Grosir,DC GROSIR & REPACKING,SITI THOIRUL MAQULAH,BALL,1.00 BALL : 1.00 BALL,1.00 BALL : 12.00 PCS,12
LB3689,5803689,SIISUKA BASRENG STIK PEDAS,Grosir,DC GROSIR & REPACKING,SITI THOIRUL MAQULAH,BALL,1.00 BALL : 1.00 BALL,1.00 BALL : 12.00 PCS,12
LB3671,5803671,SIISUKA BIDARAN KEJU,Grosir,DC GROSIR & REPACKING,SITI THOIRUL MAQULAH,BALL,1.00 BALL : 1.00 BALL,1.00 BALL : 12.00 PCS,12
LB3688,5803688,SIISUKA CHOCO CRUNCH COKLAT,Grosir,DC GROSIR & REPACKING,SITI THOIRUL MAQULAH,BALL,1.00 BALL : 1.00 BALL,1.00 BALL : 12.00 PCS,12
LB3676,5803676,SIISUKA EMPING JAGUNG,Grosir,DC GROSIR & REPACKING,SITI THOIRUL MAQULAH,BALL,1.00 BALL : 1.00 BALL,1.00 BALL : 12.00 PCS,12
LB3681,5803681,SIISUKA EMPING PEDAS MANIS,Grosir,DC GROSIR & REPACKING,SITI THOIRUL MAQULAH,BALL,1.00 BALL : 1.00 BALL,1.00 BALL : 12.00 PCS,12
LB3691,5803691,SIISUKA KACANG OVEN,Grosir,DC GROSIR & REPACKING,SITI THOIRUL MAQULAH,BALL,1.00 BALL : 1.00 BALL,1.00 BALL : 12.00 PCS,12
LB3687,,SIISUKA KACANG SANGRAI,Grosir,,,BALL,1.00 BALL : 1.00 BALL,1.00 BALL : 12.00 PCS,12
LB3692,5803692,SIISUKA KACANG TELUR,Grosir,DC GROSIR & REPACKING,SITI THOIRUL MAQULAH,BALL,1.00 BALL : 1.00 BALL,1.00 BALL : 12.00 PCS,12
LB3685,5803685,SIISUKA KENTANG UDANG MINI,Grosir,DC GROSIR & REPACKING,SITI THOIRUL MAQULAH,BALL,1.00 BALL : 1.00 BALL,1.00 BALL : 12.00 PCS,12
LB6178,5806178,SIISUKA KERIPIK GETHUK,Grosir,DC GROSIR & REPACKING,SITI THOIRUL MAQULAH,BALL,1.00 BALL : 1.00 BALL,1.00 BALL : 12.00 PCS,12
LB5558,5805558,SIISUKA KERIPIK SINGKONG MADURA,Grosir,DC GROSIR & REPACKING,SITI THOIRUL MAQULAH,BALL,1.00 BALL : 1.00 BALL,1.00 BALL : 12.00 PCS,12
LB5559,5805559,SIISUKA KERIPIK SINGKONG MADURA PEDAS,Grosir,DC GROSIR & REPACKING,SITI THOIRUL MAQULAH,BALL,1.00 BALL : 1.00 BALL,1.00 BALL : 12.00 PCS,12
LB7079,5807079,SIISUKA KERIPIK UBI UNGU,Grosir,DC GROSIR & REPACKING,SITI THOIRUL MAQULAH,BALL,1.00 BALL : 1.00 BALL,1.00 BALL : 12.00 PCS,12
LB3669,5803669,SIISUKA KERUPUK KULIT SAPI,Grosir,DC GROSIR & REPACKING,SITI THOIRUL MAQULAH,BALL,1.00 BALL : 1.00 BALL,1.00 BALL : 12.00 PCS,12
LB3668,5803668,SIISUKA KERUPUK TAHU,Grosir,DC GROSIR & REPACKING,SITI THOIRUL MAQULAH,BALL,1.00 BALL : 1.00 BALL,1.00 BALL : 12.00 PCS,12
LB3670,5803670,SIISUKA KERUPUK TENGIRI,Grosir,DC GROSIR & REPACKING,SITI THOIRUL MAQULAH,BALL,1.00 BALL : 1.00 BALL,1.00 BALL : 12.00 PCS,12
LB3696,5803696,SIISUKA KORO BALADO,Grosir,DC GROSIR & REPACKING,SITI THOIRUL MAQULAH,BALL,1.00 BALL : 1.00 BALL,1.00 BALL : 12.00 PCS,12
LB3693,5803693,SIISUKA KRIPIK USUS,Grosir,DC GROSIR & REPACKING,SITI THOIRUL MAQULAH,BALL,1.00 BALL : 1.00 BALL,1.00 BALL : 12.00 PCS,12
LB3694,5803694,SIISUKA KRIPIK USUS BALADO,Grosir,DC GROSIR & REPACKING,SITI THOIRUL MAQULAH,BALL,1.00 BALL : 1.00 BALL,1.00 BALL : 12.00 PCS,12
LB6179,5806179,SIISUKA KRUPUK AMPLANG,Grosir,DC GROSIR & REPACKING,SITI THOIRUL MAQULAH,BALL,1.00 BALL : 1.00 BALL,1.00 BALL : 12.00 PCS,12
LB5575,5805575,SIISUKA KRUPUK JENGKOL,Grosir,DC GROSIR & REPACKING,SITI THOIRUL MAQULAH,BALL,1.00 BALL : 1.00 BALL,1.00 BALL : 12.00 PCS,12
LB3651,5803651,SIISUKA KRUPUK SLONDOK,Grosir,DC GROSIR & REPACKING,SITI THOIRUL MAQULAH,BALL,1.00 BALL : 1.00 BALL,1.00 BALL : 12.00 PCS,12
LB3677,5803677,SIISUKA MAKARONI ASIN,Grosir,DC GROSIR & REPACKING,SITI THOIRUL MAQULAH,BALL,1.00 BALL : 1.00 BALL,1.00 BALL : 12.00 PCS,12
LB3667,5803667,SIISUKA MAKARONI PIPA,Grosir,DC GROSIR & REPACKING,SITI THOIRUL MAQULAH,BALL,1.00 BALL : 1.00 BALL,1.00 BALL : 12.00 PCS,12
LB3675,5803675,SIISUKA MAKARONI RUJAK,Grosir,DC GROSIR & REPACKING,SITI THOIRUL MAQULAH,BALL,1.00 BALL : 1.00 BALL,1.00 BALL : 12.00 PCS,12
LB3710,5803710,SIISUKA MAKARONI SEPAT,Grosir,DC GROSIR & REPACKING,SITI THOIRUL MAQULAH,BALL,1.00 BALL : 1.00 BALL,1.00 BALL : 12.00 PCS,12
LB3695,5803695,SIISUKA MAKARONI SPIRAL,Grosir,DC GROSIR & REPACKING,SITI THOIRUL MAQULAH,BALL,1.00 BALL : 1.00 BALL,1.00 BALL : 12.00 PCS,12
LB3682,5803682,SIISUKA MARNING JAGUNG MEKAR,Grosir,DC GROSIR & REPACKING,SITI THOIRUL MAQULAH,BALL,1.00 BALL : 1.00 BALL,1.00 BALL : 12.00 PCS,12
LB3767,5803767,SIISUKA OPAK MEDAN,Grosir,DC GROSIR & REPACKING,SITI THOIRUL MAQULAH,BALL,1.00 BALL : 1.00 BALL,1.00 BALL : 12.00 PCS,12
LB3686,,SIISUKA PILUS RUJAK,Grosir,,,BALL,1.00 BALL : 1.00 BALL,1.00 BALL : 12.00 PCS,12
LB3673,5803673,SIISUKA POTATO BALADO,Grosir,DC GROSIR & REPACKING,SITI THOIRUL MAQULAH,BALL,1.00 BALL : 1.00 BALL,1.00 BALL : 12.00 PCS,12
LB3672,5803672,SIISUKA POTATO GURIH,Grosir,DC GROSIR & REPACKING,SITI THOIRUL MAQULAH,BALL,1.00 BALL : 1.00 BALL,1.00 BALL : 12.00 PCS,12
LB3674,5803674,SIISUKA POTATO JAGUNG MANIS,Grosir,DC GROSIR & REPACKING,SITI THOIRUL MAQULAH,BALL,1.00 BALL : 1.00 BALL,1.00 BALL : 12.00 PCS,12
LB3679,5803679,SIISUKA PUYUR KEJU,Grosir,DC GROSIR & REPACKING,SITI THOIRUL MAQULAH,BALL,1.00 BALL : 1.00 BALL,1.00 BALL : 12.00 PCS,12
LB6082,,SIISUKA S CONTONG COKLAT,Seasonal,,,BALL,1.00 BALL : 1.00 BALL,1.00 BALL : 12.00 PCS,12
LB6470,,SIISUKA S KACANG SEMBUNYI,Seasonal,,,BALL,1.00 BALL : 1.00 BALL,1.00 BALL : 12.00 PCS,12
LB6477,,SIISUKA S KECIPUT,Seasonal,,,BALL,1.00 BALL : 1.00 BALL,1.00 BALL : 12.00 PCS,12
LB6471,,SIISUKA S KORO BALADO,Seasonal,,,BALL,1.00 BALL : 1.00 BALL,1.00 BALL : 12.00 PCS,12
LB6472,,SIISUKA S KORO KULIT,Seasonal,,,BALL,1.00 BALL : 1.00 BALL,1.00 BALL : 12.00 PCS,12
LB6088,,SIISUKA S KORO KUPAS,Seasonal,,,BALL,1.00 BALL : 1.00 BALL,1.00 BALL : 12.00 PCS,12
LB6476,,SIISUKA S KORO MIX,Seasonal,,,BALL,1.00 BALL : 1.00 BALL,1.00 BALL : 12.00 PCS,12
LB6474,,SIISUKA S POLONG IJO,Seasonal,,,BALL,1.00 BALL : 1.00 BALL,1.00 BALL : 12.00 PCS,12
LB3683,5803683,SIISUKA SEBLAK KENCUR,Grosir,DC GROSIR & REPACKING,SITI THOIRUL MAQULAH,BALL,1.00 BALL : 1.00 BALL,1.00 BALL : 12.00 PCS,12
LB3680,5803680,SIISUKA SEBLAK MAWAR PEDAS,Grosir,DC GROSIR & REPACKING,SITI THOIRUL MAQULAH,BALL,1.00 BALL : 1.00 BALL,1.00 BALL : 12.00 PCS,12
LB3860,,SIISUKA STIK BAWANG,Grosir,,,BALL,1.00 BALL : 1.00 BALL,1.00 BALL : 12.00 PCS,12
LB7598,5807598,SIISUKA STIK TAHU,Grosir,DC GROSIR & REPACKING,SITI THOIRUL MAQULAH,BALL,1.00 BALL : 1.00 BALL,1.00 BALL : 12.00 PCS,12
LB4482,,SIISUKA WAFER ROLL BLUEBERRY,Grosir,,,BALL,1.00 BALL : 1.00 BALL,1.00 BALL : 10.00 PCS,10
LB4479,,SIISUKA WAFER ROLL COKLAT,Grosir,,,BALL,1.00 BALL : 1.00 BALL,1.00 BALL : 10.00 PCS,10
LB4481,,SIISUKA WAFER ROLL PANDAN,Grosir,,,BALL,1.00 BALL : 1.00 BALL,1.00 BALL : 10.00 PCS,10
LB4480,,SIISUKA WAFER ROLL STARWBERRY,Grosir,,,BALL,1.00 BALL : 1.00 BALL,1.00 BALL : 10.00 PCS,10
LB3678,5803678,SIISUKA WIDARAN GETAS MANIS,Grosir,DC GROSIR & REPACKING,SITI THOIRUL MAQULAH,BALL,1.00 BALL : 1.00 BALL,1.00 BALL : 12.00 PCS,12
LB5114,8998866102506,SIKAT GIGI CIPTADENT CLASSIC ISI 3,Kebutuhan,PT INTI NIAGA PRANASARI,AGUS PURNOMO,PACK,1.00 PACK : 1.00 PACK,1.00 PACK : 6.00 PCS,6
LB1180,8998866103985,SIKAT GIGI CIPTADENT CRYSTAL CLEAN MEDIUM,Kebutuhan,PT INTI NIAGA PRANASARI,AGUS PURNOMO,PACK,1.00 PACK : 1.00 PACK,1.00 PACK : 12.00 PCS,12
LB1181,8998866103978,SIKAT GIGI CIPTADENT CRYSTAL CLEAN SOFT,Kebutuhan,PT INTI NIAGA PRANASARI,AGUS PURNOMO,PACK,1.00 PACK : 1.00 PACK,1.00 PACK : 12.00 PCS,12
LB3271,,SINAR GEMILANG HARDTOP,Snack,,,BOX,1.00 BOX : 1.00 BOX,1.00 BOX : 6.00 PCS,6
LB3270,,SINAR GEMILANG JUMBO,Snack,,,BOX,1.00 BOX : 1.00 BOX,1.00 BOX : 12.00 PCS,12
LB3272,,SINAR GEMILANG PAKET 4,Snack,,,BOX,1.00 BOX : 1.00 BOX,1.00 BOX : 1.00 BOX,1
LB3273,,SINAR GEMILANG PAKET 6,Snack,,,BOX,1.00 BOX : 1.00 BOX,1.00 BOX : 1.00 BOX,1
LB4758,,SIRSAK FROZEN 1kg,Frozen food,,,PCS,1.00 PCS : 1.00 PCS,1.00 PCS : 1.00 PCS,1
LB0270,,SIRUP NIKISARI COCOPANDAN 625ml,Minuman,,,BOX,1.00 BOX : 1.00 BOX,1.00 BOX : 12.00 PCS,12
LB0267,,SIRUP NIKISARI FRAMBOZEN 625ml,Minuman,,,BOX,1.00 BOX : 1.00 BOX,1.00 BOX : 12.00 PCS,12
LB0264,,SIRUP NIKISARI LECI 625ml,Minuman,,,BOX,1.00 BOX : 1.00 BOX,1.00 BOX : 12.00 PCS,12
LB0273,,SIRUP NIKISARI MELON 625ml,Minuman,,,BOX,1.00 BOX : 1.00 BOX,1.00 BOX : 16.00 PCS,16
LB5782,5805782,SK FARM KERUPUK TELUR ASIN 100gr,Snack,FAUZAN TELUR ASIN,SITI THOIRUL MAQULAH,DUS,1.00 DUS : 1.00 DUS,1.00 DUS : 10.00 PCS,10
LB0654,8996001304044,SLAY OLAY BLUBERRY,Snack,BI PT. CIPTA NIAGA SEMESTA BJN,MIFTAKHUR ROZI,BOX,1.00 BOX : 1.00 BOX,1.00 BOX : 24.00 PCS,24
LB0656,8996001304426,SLAY OLAY STRAWBERRY,Snack,BI PT. CIPTA NIAGA SEMESTA BJN,MIFTAKHUR ROZI,BOX,1.00 BOX : 1.00 BOX,1.00 BOX : 24.00 PCS,24
LB2232,,SNACK BONCABE MAKARONI KRISPI LEVEL 10 30GR,Snack,,,BOX,1.00 BOX : 1.00 BOX,1.00 BOX : 60.00 PCS,60
LB2218,,SNACK BONCABE MAKARONI KRISPI LEVEL 15 JUMBO PACK,Snack,,,BOX,1.00 BOX : 1.00 BOX,1.00 BOX : 16.00 PCS,16
LB1024,,SNACKIT MARSHMALLOW GAUN,Snack,,,BOX,1.00 BOX : 1.00 BOX,1.00 BOX : 36.00 PCS,36
LB1234,,SNACKIT MARSHMALLOW KERETA,Snack,,,BOX,1.00 BOX : 1.00 BOX,1.00 BOX : 36.00 PCS,36
LB3256,,SNACKQ BAG CIKI BALL BALADO,Grosir,,,BALL,1.00 BALL : 1.00 BALL,1.00 BALL : 5.00 PCS,5
LB3253,,SNACKQ BAG CIKI BALL COKLAT,Grosir,,,BALL,1.00 BALL : 1.00 BALL,1.00 BALL : 5.00 PCS,5
LB3255,,SNACKQ BAG CIKI BALL KEJU,Grosir,,,BALL,1.00 BALL : 1.00 BALL,1.00 BALL : 5.00 PCS,5
LB4176,,SNACKQ BAG CIKI BALL PANDAN,Grosir,,,BALL,1.00 BALL : 1.00 BALL,1.00 BALL : 5.00 PCS,5
LB3257,5803257,SNACKQ BAG CIKI RING BALADO,Grosir,DC GROSIR & REPACKING,SITI THOIRUL MAQULAH,BALL,1.00 BALL : 1.00 BALL,1.00 BALL : 5.00 PCS,5
LB3259,,SNACKQ BAG POTATO BALADO,Grosir,,,BALL,1.00 BALL : 1.00 BALL,1.00 BALL : 5.00 PCS,5
LB3258,,SNACKQ BAG POTATO GURIH,Grosir,,,BALL,1.00 BALL : 1.00 BALL,1.00 BALL : 5.00 PCS,5
LB3260,,SNACKQ BAG POTATO JAGUNG MANIS,Grosir,,,BALL,1.00 BALL : 1.00 BALL,1.00 BALL : 5.00 PCS,5
LB4177,,SNACKQ BAG STIK BALADO,Grosir,,,BALL,1.00 BALL : 1.00 BALL,1.00 BALL : 5.00 PCS,5
LB1830,,SNACKQ POTATO GURIH,Grosir,,,BALL,1.00 BALL : 1.00 BALL,1.00 BALL : 12.00 PCS,12
LB4296,8998866692601,SO KLIN LANTAI BOTOL APPLE & PEONY 400 ML,Kebutuhan,PT INTI NIAGA PRANASARI,AGUS PURNOMO,DUS,1.00 DUS : 1.00 DUS,1.00 DUS : 12.00 PCS,12
LB4295,8998866692663,SO KLIN LANTAI BOTOL LEMON ZEST 400 ML,Kebutuhan,PT INTI NIAGA PRANASARI,AGUS PURNOMO,DUS,1.00 DUS : 1.00 DUS,1.00 DUS : 12.00 PCS,12
LB7047,,SOBA MIX BALADO,Snack,,,DUS,1.00 DUS : 1.00 DUS,1.00 DUS : 16.00 PCS,16
LB5300,8997015183052,SOBAT SOSIS BAKAR 200GR,Frozen food,UD MALINDO FEEDMILL TBK.,PRASETYO PAMBUDI,PCS,1.00 PCS : 1.00 PCS,1.00 PCS : 1.00 PCS,1
LB0704,,SOBAT SOSIS BAKAR 500gr,Frozen food,,,PCS,1.00 PCS : 1.00 PCS,1.00 PCS : 1.00 PCS,1
LB0700,,SOBAT SOSIS COKLAT 450gr,Frozen food,,,PCS,1.00 PCS : 1.00 PCS,1.00 PCS : 1.00 PCS,1
LB4663,,SOFFEL JERUK 5.5GR,Kebutuhan,,,RENTENG,1.00 RENTENG : 1.00 RENTENG,1.00 RENTENG : 12.00 PCS,12
LB0686,,SOFTEX DAUN SIRIH 23 CM 20 PADS,Kebutuhan,,,PCS,1.00 PCS : 1.00 PCS,1.00 PCS : 1.00 PCS,1
LB0682,,SOFTEX DAUN SIRIH 23 CM 30 PADS,Kebutuhan,,,PCS,1.00 PCS : 1.00 PCS,1.00 PCS : 1.00 PCS,1
LB7820,8997015182543,SOHIB NAGET 250GR,Frozen food,UD MALINDO FEEDMILL TBK.,PRASETYO PAMBUDI,DUS,1.00 DUS : 1.00 DUS,1.00 DUS : 20.00 PCS,20
LB2697,,SOHIB NAGET AYAM KOMBINASI 250gr,Frozen food,,,PCS,1.00 PCS : 1.00 PCS,1.00 PCS : 1.00 PCS,1
LB3513,,SOHIB NAGET AYAM STICK 250g,Frozen food,,,PCS,1.00 PCS : 1.00 PCS,1.00 PCS : 1.00 PCS,1
LB4298,,SOHIB SOSIS AYAM KOMBINASI 375GR,Frozen food,,,PCS,1.00 PCS : 1.00 PCS,1.00 PCS : 1.00 PCS,1
LB4299,,SOHIB SOSIS AYAM MERAH 750GR,Frozen food,,,PCS,1.00 PCS : 1.00 PCS,1.00 PCS : 1.00 PCS,1
LB0863,5800863,SOHUN CAP ATOM 285 gr,Sembako,GROSIR,M MUJAHIDIN,PCS,1.00 PCS : 1.00 PCS,1.00 PCS : 1.00 PCS,1
LB1230,8998866619288,SOKLIN ANTISEP 218GR,Kebutuhan,PT INTI NIAGA PRANASARI,AGUS PURNOMO,BOX,1.00 BOX : 1.00 BOX,1.00 BOX : 24.00 PCS,24
LB2063,8998866600521,SOKLIN LANTAI CITRUS LEMON 310ML,Kebutuhan,PT INTI NIAGA PRANASARI,AGUS PURNOMO,BOX,1.00 BOX : 1.00 BOX,1.00 BOX : 12.00 PCS,12
LB1186,8998866600569,SOKLIN LANTAI FRUITY APPLE 310ML,Kebutuhan,PT INTI NIAGA PRANASARI,AGUS PURNOMO,BOX,1.00 BOX : 1.00 BOX,1.00 BOX : 12.00 PCS,12
LB1184,8998866609159,SOKLIN LIQUID SOFTERGENT SAKURA STRW SACHET 22ML,Kebutuhan,PT INTI NIAGA PRANASARI,AGUS PURNOMO,BOX,1.00 BOX : 1.00 BOX,1.00 BOX : 10.00 RENTENG,10
LB1146,8998866605816,SOKLIN SMART COLOR 800GR+PIRING KERAMIK,Kebutuhan,PT INTI NIAGA PRANASARI,AGUS PURNOMO,BOX,1.00 BOX : 1.00 BOX,1.00 BOX : 6.00 PCS,6
LB1226,8998866605809,SOKLIN SMART WHITE 725GR+PIRING KERAMIK,Kebutuhan,PT INTI NIAGA PRANASARI,AGUS PURNOMO,BOX,1.00 BOX : 1.00 BOX,1.00 BOX : 6.00 PCS,6
LB4710,8998866612616,SOKLIN SOFTERGENT FREESIA PEONY 43GR,Kebutuhan,PT INTI NIAGA PRANASARI,AGUS PURNOMO,DUS,1.00 DUS : 1.00 DUS,1.00 DUS : 72.00 PCS,72
LB4711,,SOKLIN SOFTERGENT KOREAN CAMELLIA 43GR,Kebutuhan,,,DUS,1.00 DUS : 1.00 DUS,1.00 DUS : 72.00 PCS,72
LB4709,8998866610452,SOKLIN SOFTERGENT MAGNOLIA & BERRIES 43GR,Kebutuhan,PT INTI NIAGA PRANASARI,AGUS PURNOMO,DUS,1.00 DUS : 1.00 DUS,1.00 DUS : 72.00 PCS,72
LB1229,8998866609487,SOKLIN SOFTERGENT ROSY PINK 225GR,Kebutuhan,PT INTI NIAGA PRANASARI,AGUS PURNOMO,BOX,1.00 BOX : 1.00 BOX,1.00 BOX : 24.00 PCS,24
LB1183,8998866612180,SOKLIN SOFTERGENT SAKURA STRAWBERRY 225GR,Kebutuhan,PT INTI NIAGA PRANASARI,AGUS PURNOMO,BOX,1.00 BOX : 1.00 BOX,1.00 BOX : 24.00 PCS,24
LB5115,8998866608565,SOKLIN SOFTERGENT VELVET ORCHID 43GR,Kebutuhan,PT INTI NIAGA PRANASARI,AGUS PURNOMO,DUS,1.00 DUS : 1.00 DUS,1.00 DUS : 72.00 PCS,72
LB0065,8993200668243,SOSIS KANZLER SINGLES GOCHUJANG,Frozen food,PT. TIRTA PRIMA RASA,MOHAMMAD AMINUDIN,PACK,1.00 PACK : 1.00 PACK,1.00 PACK : 12.00 PCS,12
LB0898,8993200345717,SOSIS KANZLER SINGLES HOT NEW,Frozen food,PT. TIRTA PRIMA RASA,MOHAMMAD AMINUDIN,PACK,1.00 PACK : 1.00 PACK,1.00 PACK : 12.00 PCS,12
LB0899,8993200346318,SOSIS KANZLER SINGLES KEJU NEW,Frozen food,PT. TIRTA PRIMA RASA,MOHAMMAD AMINUDIN,PACK,1.00 PACK : 1.00 PACK,1.00 PACK : 12.00 PCS,12
LB3378,8993200669066,SOSIS KANZLER SINGLES MINI,Frozen food,PT. TIRTA PRIMA RASA,MOHAMMAD AMINUDIN,PACK,1.00 PACK : 1.00 PACK,1.00 PACK : 12.00 PCS,12
LB1088,8993200348312,SOSIS KANZLER SINGLES ORIGINAL NEW,Frozen food,PT. TIRTA PRIMA RASA,MOHAMMAD AMINUDIN,PACK,1.00 PACK : 1.00 PACK,1.00 PACK : 12.00 PCS,12
LB5995,8993071700233,SOSIS ROYAL HOT 55gr,Frozen food,CV PESONA BERKAH SALSABILA,M MUJAHIDIN,PACK,1.00 PACK : 1.00 PACK,1.00 PACK : 12.00 PCS,12
LB5994,8993071700257,SOSIS ROYAL ORIGINAL 55gr,Frozen food,CV PESONA BERKAH SALSABILA,M MUJAHIDIN,PACK,1.00 PACK : 1.00 PACK,1.00 PACK : 12.00 PCS,12
LB5369,8993110000782,SOSIS SO NICE SAPI 20GR,Snack,GROSIR,M MUJAHIDIN,PACK,1.00 PACK : 1.00 PACK,1.00 PACK : 25.00 PCS,25
LB0075,,SOYA BOTOL,Konsinyasi,,,PCS,1.00 PCS : 1.00 PCS,1.00 PCS : 1.00 PCS,1
LB0659,,SOYA SUSU KEDELAI,Konsinyasi,,,PCS,1.00 PCS : 1.00 PCS,1.00 PCS : 1.00 PCS,1
LB0601,,SPARROW COKLAT COMPOUND HITAM 500GR,Roti,,,DUS,1.00 DUS : 1.00 DUS,1.00 DUS : 24.00 PCS,24
LB0344,,SPESIAL BROWNIS MADU SARI,Konsinyasi,,,PCS,1.00 PCS : 1.00 PCS,1.00 PCS : 1.00 PCS,1
LB0345,,SPESIAL PANJANG MADU SARI,Konsinyasi,,,PCS,1.00 PCS : 1.00 PCS,1.00 PCS : 1.00 PCS,1
LB1251,,SPIDOL ARTLINE 107R,Oprasional,,,PCS,1.00 PCS : 1.00 PCS,1.00 PCS : 1.00 PCS,1
LB1403,,SPIDOL TULIS BIRU SNOWMAN 500,Oprasional,,,PCS,1.00 PCS : 1.00 PCS,1.00 PCS : 1.00 PCS,1
LB1250,,SPIDOL TULIS MERAH SNOWMAN 500,Oprasional,,,PCS,1.00 PCS : 1.00 PCS,1.00 PCS : 1.00 PCS,1
LB2728,,SPIDOL WB PERMANENT SNOWMAN,Oprasional,,,PACK,1.00 PACK : 1.00 PACK,1.00 PACK : 12.00 PCS,12
LB0954,,SPONGEBOB CUP,Konsinyasi,,,DUS,1.00 DUS : 1.00 DUS,1.00 DUS : 26.00 PCS,26
LB0973,,SPONGEBOB STICK,Konsinyasi,,,BOX,1.00 BOX : 1.00 BOX,1.00 BOX : 24.00 PCS,24
LB6480,,SPORK KCS BENING (sendok garpu),Oprasional,,,PACK,1.00 PACK : 1.00 PACK,1.00 PACK : 25.00 PCS,25
LB4235,5804235,SPRINKGOLD TEPUNG ROTI 250 GR,Sembako,REPACKING,ADITYA,BALL,1.00 BALL : 1.00 BALL,1.00 BALL : 20.00 PCS,20
LB0660,8992761002022,SPRITE,Minuman,COCA COLA,PRASETYO PAMBUDI,BOX,1.00 BOX : 1.00 BOX,1.00 BOX : 12.00 PCS,12
LB6659,,SPRITE LEMON + JERUK NIPIS 1L,Seasonal,,,BOX,1.00 BOX : 1.00 BOX,1.00 BOX : 12.00 PCS,12
LB0714,,SRIKANDI CAPCIN ICE 350ml,Konsinyasi,,,PCS,1.00 PCS : 1.00 PCS,1.00 PCS : 1.00 PCS,1
LB0943,,SRIKANDI GREENMOSS ICE 350ml,Konsinyasi,,,PCS,1.00 PCS : 1.00 PCS,1.00 PCS : 1.00 PCS,1
LB1371,,STAPLES BESAR,Oprasional,,,PCS,1.00 PCS : 1.00 PCS,1.00 PCS : 1.00 PCS,1
LB2274,,STAPLES KECIL,Oprasional,,,PCS,1.00 PCS : 1.00 PCS,1.00 PCS : 1.00 PCS,1
LB0037,,Stella All In One Jeju Orange 55gr,Kebutuhan,,,PCS,1.00 PCS : 1.00 PCS,1.00 PCS : 1.00 PCS,1
LB5916,,STELLA ALL IN ONE LAVENDER GARDEN 55GR,Kebutuhan,,,PCS,1.00 PCS : 1.00 PCS,1.00 PCS : 1.00 PCS,1
LB0059,,Stella All In One Lemon 55gr,Kebutuhan,,,PCS,1.00 PCS : 1.00 PCS,1.00 PCS : 1.00 PCS,1
LB5922,,STELLA APPLE FIESTA 175ML,Kebutuhan,,,PCS,1.00 PCS : 1.00 PCS,1.00 PCS : 1.00 PCS,1
LB5924,,STELLA CAR + INDOOR ROSE KISS 7ML,Kebutuhan,,,PCS,1.00 PCS : 1.00 PCS,1.00 PCS : 1.00 PCS,1
LB5926,,STELLA CAR + INDOR ORANGE SUNKIST 7ML,Kebutuhan,,,PCS,1.00 PCS : 1.00 PCS,1.00 PCS : 1.00 PCS,1
LB5927,,STELLA FUN N FRESH HAPPY DAY,Kebutuhan,,,PCS,1.00 PCS : 1.00 PCS,1.00 PCS : 1.00 PCS,1
LB5925,,STELLA FUN N FRESH SAKURA BLOSSOM,Kebutuhan,,,PCS,1.00 PCS : 1.00 PCS,1.00 PCS : 1.00 PCS,1
LB5923,,STELLA JEJU ORANGE 175ML,Kebutuhan,,,PCS,1.00 PCS : 1.00 PCS,1.00 PCS : 1.00 PCS,1
LB5920,,STELLA REFILL MATIC APPLE FIESTA 160ML,Kebutuhan,,,PCS,1.00 PCS : 1.00 PCS,1.00 PCS : 1.00 PCS,1
LB5919,,STELLA REFILL MATIC ORANGE TWIST 160ML,Kebutuhan,,,PCS,1.00 PCS : 1.00 PCS,1.00 PCS : 1.00 PCS,1
LB5918,,STELLA REFILL MATIC SECRET LAVENDER 160ML,Kebutuhan,,,PCS,1.00 PCS : 1.00 PCS,1.00 PCS : 1.00 PCS,1
LB5921,,STELLA SECRET LAVENDER 175ML,Kebutuhan,,,PCS,1.00 PCS : 1.00 PCS,1.00 PCS : 1.00 PCS,1
LB6243,,STELLA SET225ML,Kebutuhan,,,PCS,1.00 PCS : 1.00 PCS,1.00 PCS : 1.00 PCS,1
LB6029,,STERILLA 200ML,Minuman,,,DUS,1.00 DUS : 1.00 DUS,1.00 DUS : 1.00 DUS,1
LB0843,,STICK KONDANGAN RASA BALADO 370gr,Snack,,,DUS,1.00 DUS : 1.00 DUS,1.00 DUS : 5.00 PCS,5
LB0804,5800804,STIK BAWANG SARINAH,Snack,SNACK SARINAH,DANANG IMAM SANTOSO,BALL,1.00 BALL : 1.00 BALL,1.00 BALL : 10.00 PCS,10
LB6444,,STOP KONTAK JUPITER 3LUBANG,Kebutuhan,,,PCS,1.00 PCS : 1.00 PCS,1.00 PCS : 1.00 PCS,1
LB6445,,STOP KONTAK JUPITER 5LUBANG,Kebutuhan,,,PCS,1.00 PCS : 1.00 PCS,1.00 PCS : 1.00 PCS,1
LB2157,,STRAWBERRY NGAWI,Konsinyasi,,,PCS,1.00 PCS : 1.00 PCS,1.00 PCS : 1.00 PCS,1
LB1262,5801262,STYROFOAM BESAR,Oprasional,DC PACKAGING,M ROISUL ANAM,BALL,1.00 BALL : 1.00 BALL,1.00 BALL : 250.00 PCS,250
LB4954,,STYROFOAM KCS H-01 BURGER,Kebutuhan,,,BALL,1.00 BALL : 1.00 BALL,1.00 BALL : 200.00 PCS,200
LB4955,,STYROFOAM KCS I-01 / B3,Kebutuhan,,,BALL,1.00 BALL : 1.00 BALL,1.00 BALL : 100.00 PCS,100
LB4953,,STYROFOAM KCS L-03 POLOS,Kebutuhan,,,BALL,1.00 BALL : 1.00 BALL,1.00 BALL : 100.00 PCS,100
LB1264,5801264,STYROFOAM KECIL,Oprasional,DC PACKAGING,M ROISUL ANAM,BALL,1.00 BALL : 1.00 BALL,1.00 BALL : 250.00 PCS,250
LB5731,,STYROFOAM LUX H-01 BURGER,Kebutuhan,,,BALL,1.00 BALL : 1.00 BALL,1.00 BALL : 200.00 PCS,200
LB5730,,STYROFOAM LUX L-03 POLOS,Kebutuhan,,,BALL,1.00 BALL : 1.00 BALL,1.00 BALL : 100.00 PCS,100
LB3647,5803647,STYROFOAM MINI,Oprasional,DC PACKAGING,M ROISUL ANAM,BALL,1.00 BALL : 1.00 BALL,1.00 BALL : 250.00 PCS,250
LB1263,5801263,STYROFOAM TANGGUNG,Oprasional,DC PACKAGING,M ROISUL ANAM,BALL,1.00 BALL : 1.00 BALL,1.00 BALL : 250.00 PCS,250
LB0672,8994834002243,SUKI AYAM,Snack,PT. Semestanustra Distrindo,M KHOIRUL UMAM,BOX,1.00 BOX : 1.00 BOX,1.00 BOX : 20.00 PCS,20
LB4896,8995077609749,SUKRO ORIGINAL 34GR,Snack,CV LANDAHUR,M KHOIRUL UMAM,BALL,1.00 BALL : 1.00 BALL,1.00 BALL : 20.00 PCS,20
LB4897,8995077601507,SUKRO OVEN RASA BAWANG 21GR,Snack,CV LANDAHUR,M KHOIRUL UMAM,BALL,1.00 BALL : 1.00 BALL,1.00 BALL : 20.00 PCS,20
LB5716,,SULAK BENANG KECIL,Kebutuhan,,,PCS,1.00 PCS : 1.00 PCS,1.00 PCS : 1.00 PCS,1
LB6242,,SULAK RAFIA BESAR,Kebutuhan,,,PCS,1.00 PCS : 1.00 PCS,1.00 PCS : 1.00 PCS,1
LB5717,,SULAK RAFIA KECIL,Kebutuhan,,,PCS,1.00 PCS : 1.00 PCS,1.00 PCS : 1.00 PCS,1
LB0340,,SUMPIA PENDEK KOTA UDANG 5KG,Grosir,,,BALL,1.00 BALL : 1.00 BALL,1.00 BALL : 5.00 KG,5
LB3383,,SUNFISH BAKSO IKAN MIX 500gr,Frozen food,,,PCS,1.00 PCS : 1.00 PCS,1.00 PCS : 1.00 PCS,1
LB3432,8997035791008,SUNFISH CHICKEN DUMPLING 500gr,Frozen food,PT JERINDO JAYA ABADI,PRASETYO PAMBUDI,PCS,1.00 PCS : 1.00 PCS,1.00 PCS : 1.00 PCS,1
LB3454,,SUNFISH DUMPLING CHEESE 200gr,Frozen food,,,PCS,1.00 PCS : 1.00 PCS,1.00 PCS : 1.00 PCS,1
LB3382,8997035790780,SUNFISH DUMPLING CHEESE 500gr,Frozen food,PT JERINDO JAYA ABADI,PRASETYO PAMBUDI,PCS,1.00 PCS : 1.00 PCS,1.00 PCS : 1.00 PCS,1
LB3453,,SUNFISH DUMPLING CHIKEN 200gr,Frozen food,,,PCS,1.00 PCS : 1.00 PCS,1.00 PCS : 1.00 PCS,1
LB1699,,SUNFLOWER TEPUNG BERAS,Sembako,,,BALL,1.00 BALL : 1.00 BALL,1.00 BALL : 40.00 PCS,40
LB2238,,SUNLIGHT ANTI BAU 210ML,Kebutuhan,,,PCS,1.00 PCS : 1.00 PCS,1.00 PCS : 1.00 PCS,1
LB1151,8999999050009,SUNLIGHT JERUK NIPIS 100G,Kebutuhan,UD. SANUR BOJONEGORO,M MUJAHIDIN,PCS,1.00 PCS : 1.00 PCS,1.00 PCS : 1.00 PCS,1
LB1152,8999999059781,SUNLIGHT JERUK NIPIS 260G,Kebutuhan,UD. SANUR BOJONEGORO,M MUJAHIDIN,PCS,1.00 PCS : 1.00 PCS,1.00 PCS : 1.00 PCS,1
LB8044,,SUNLIGHT JERUK NIPIS 610g,Kebutuhan,,,DUS,1.00 DUS : 1.00 DUS,1.00 DUS : 12.00 PCS,12
LB5180,18994010020914,SUNPRIDE FRUIT JUICE PINEAPLLE DAN MANGO 220ML,Minuman,SEGAR KUMALA,M KHOIRUL UMAM,PACK,1.00 PACK : 1.00 PACK,1.00 PACK : 12.00 PCS,12
LB0668,18993118938213,SUPERIOR MIE BAKSO 600gr,Sembako,PT TUJUH BERLIAN SAKTI,M MUJAHIDIN,BOX,1.00 BOX : 1.00 BOX,1.00 BOX : 6.00 PCS,6
LB6311,,SUPERQUIN CHOCOLATE 270G,Seasonal,,,DUS,1.00 DUS : 1.00 DUS,1.00 DUS : 6.00 PCS,6
LB6493,,SUPERQUIN CHOCOLATE WAFER CREAM 600GR,Seasonal,,,DUS,1.00 DUS : 1.00 DUS,1.00 DUS : 6.00 PCS,6
LB6312,,SUPERQUIN WHITE COFFE 270G,Seasonal,,,DUS,1.00 DUS : 1.00 DUS,1.00 DUS : 6.00 PCS,6
LB6447,,SURYA CAPTIVA 12WATT,Kebutuhan,,,PCS,1.00 PCS : 1.00 PCS,1.00 PCS : 1.00 PCS,1
LB3205,,SUS COKLAT 2KG,Grosir,,,BALL,1.00 BALL : 1.00 BALL,1.00 BALL : 2.00 KG,2
LB0675,8996001600696,SUSU 7 KURMA,Minuman,BI PT. CIPTA NIAGA SEMESTA BJN,EKO SUYANTO,BOX,1.00 BOX : 1.00 BOX,1.00 BOX : 12.00 PCS,12
LB1622,8998898853100,SUSU JAHE SIDOMUNCUL 27GR,Sembako,SIDOMUNCUL,M MUJAHIDIN,DUS,1.00 DUS : 1.00 DUS,1.00 DUS : 120.00 PCS,120
LB0773,,SUSU KEDELAI FLIPI,Konsinyasi,,,PCS,1.00 PCS : 1.00 PCS,1.00 PCS : 1.00 PCS,1
LB0731,,SUSU MILK LIFE CLASSIC CHOCOLATE 115ML,Minuman,,,BOX,1.00 BOX : 1.00 BOX,1.00 BOX : 45.00 PCS,45
LB0280,,SUSU MILK LIFE CLASSIC STRAWBERRY 115ML,Minuman,,,BOX,1.00 BOX : 1.00 BOX,1.00 BOX : 45.00 PCS,45
LB0676,8998866202725,SUSU MILKU COKLAT,Minuman,PT INTI NIAGA PRANASARI BJN,ADITYA,BOX,1.00 BOX : 1.00 BOX,1.00 BOX : 12.00 PCS,12
LB3389,,SUSU MILKU ORIGINAL,Minuman,,,BOX,1.00 BOX : 1.00 BOX,1.00 BOX : 12.00 PCS,12
LB2367,8998866202732,SUSU MILKU STRAWBERRY,Minuman,PT INTI NIAGA PRANASARI BJN,ADITYA,BOX,1.00 BOX : 1.00 BOX,1.00 BOX : 12.00 PCS,12
LB1007,,SWEETY DRY X-PERT L28,Kebutuhan,,,PCS,1.00 PCS : 1.00 PCS,1.00 PCS : 1.00 PCS,1
LB1006,,SWEETY DRY X-PERT PANTS M32,Kebutuhan,,,PCS,1.00 PCS : 1.00 PCS,1.00 PCS : 1.00 PCS,1
LB6318,,SWEETY DRY X-PERT S38,Kebutuhan,,,PCS,1.00 PCS : 1.00 PCS,1.00 PCS : 1.00 PCS,1
LB1008,,SWEETY DRY X-PERT XL24,Kebutuhan,,,PCS,1.00 PCS : 1.00 PCS,1.00 PCS : 1.00 PCS,1
LB4670,,SWEETY PANTS DRY X-PERT SIZE L,Kebutuhan,,,RENTENG,1.00 RENTENG : 1.00 RENTENG,1.00 RENTENG : 6.00 PCS,6
LB4669,,SWEETY PANTS DRY X-PERT SIZE M,Kebutuhan,,,RENTENG,1.00 RENTENG : 1.00 RENTENG,1.00 RENTENG : 6.00 PCS,6
LB0680,,SWEETY SILVER PANTS SIZE M 30,Kebutuhan,,,PCS,1.00 PCS : 1.00 PCS,1.00 PCS : 1.00 PCS,1
LB0376,,SWEETY SILVER PANTS SIZE XL 26,Kebutuhan,,,PCS,1.00 PCS : 1.00 PCS,1.00 PCS : 1.00 PCS,1
LB6500,8997019582011,T-SOFT 200GR BELI 1 FREE 1,Kebutuhan,CV PUTRA SINAR TERANG,EKO SUYANTO,BALL,1.00 BALL : 1.00 BALL,1.00 BALL : 15.00 PCS,15
LB4912,,TAHU ISI BAKSO AJ 440gr,Frozen food,,,PCS,1.00 PCS : 1.00 PCS,1.00 PCS : 1.00 PCS,1
LB2194,,TAHU KUNING ISI 6,Konsinyasi,,,PACK,1.00 PACK : 1.00 PACK,1.00 PACK : 1.00 PACK,1
LB1258,5801258,TALI RAVIA,Oprasional,DC PACKAGING,M ROISUL ANAM,PCS,1.00 PCS : 1.00 PCS,1.00 PCS : 1.00 PCS,1
LB4614,,TALI RAVIA HITAM 1/4,Kebutuhan,,,BALL,1.00 BALL : 1.00 BALL,1.00 BALL : 10.00 PCS,10
LB0895,,TARO NET COWBOY 36gr,Snack,,,BOX,1.00 BOX : 1.00 BOX,1.00 BOX : 36.00 PCS,36
LB0896,,TARO NET ITALIAN PIZZA 36gr,Snack,,,BOX,1.00 BOX : 1.00 BOX,1.00 BOX : 36.00 PCS,36
LB0683,,TARO NET POTATO BBQ 36gr,Snack,,,BOX,1.00 BOX : 1.00 BOX,1.00 BOX : 36.00 PCS,36
LB0897,,TARO NET SEAWEED 36gr,Snack,,,BOX,1.00 BOX : 1.00 BOX,1.00 BOX : 36.00 PCS,36
LB0346,,TAWAR CASINO MADU SARI,Konsinyasi,,,PCS,1.00 PCS : 1.00 PCS,1.00 PCS : 1.00 PCS,1
LB1598,8994300101241,TEH BANDULAN RINGEN 40GR,Sembako,CV LANDAHUR,M KHOIRUL UMAM,PACK,1.00 PACK : 1.00 PACK,1.00 PACK : 10.00 PCS,10
LB4329,8994286110015,TEH DANDANG BIRU 40GR,Sembako,PT KARTINI TEH NASIONAL,DANANG IMAM SANTOSO,PACK,1.00 PACK : 1.00 PACK,1.00 PACK : 10.00 PCS,10
LB4327,8994286130587,TEH DANDANG BLACK TEA 50GR,Sembako,PT KARTINI TEH NASIONAL,DANANG IMAM SANTOSO,PCS,1.00 PCS : 1.00 PCS,1.00 PCS : 1.00 PCS,1
LB4328,8994286130570,TEH DANDANG JASMINE TEA 50GR,Sembako,PT KARTINI TEH NASIONAL,DANANG IMAM SANTOSO,PCS,1.00 PCS : 1.00 PCS,1.00 PCS : 1.00 PCS,1
LB4348,8994286120045,TEH DANDANG MERAH 40GR,Sembako,PT KARTINI TEH NASIONAL,DANANG IMAM SANTOSO,PACK,1.00 PACK : 1.00 PACK,1.00 PACK : 10.00 PCS,10
LB0684,8996001600146,TEH PUCUK HARUM,Minuman,BI PT. CIPTA NIAGA SEMESTA BJN,EKO SUYANTO,BOX,1.00 BOX : 1.00 BOX,1.00 BOX : 24.00 PCS,24
LB0685,,TEH RIO GULA BATU,Minuman,,,BOX,1.00 BOX : 1.00 BOX,1.00 BOX : 24.00 PCS,24
LB2254,,TELOKU BALADO 25GR,Snack,,,BOX,1.00 BOX : 1.00 BOX,1.00 BOX : 40.00 PCS,40
LB2318,,TELUR ASIN BEBEK CAP DARA,Konsinyasi,,,PACK,1.00 PACK : 1.00 PACK,1.00 PACK : 1.00 PACK,1
LB3452,,TELUR ASIN CAP ANYAR,Konsinyasi,,,PACK,1.00 PACK : 1.00 PACK,1.00 PACK : 1.00 PACK,1
LB3560,5803560,TELUR ASIN CAP TELASIN,Snack,"NGAWI,KALITIDU,SALE,FAUZAN",M KHOIRUL UMAM,PACK,1.00 PACK : 1.00 PACK,1.00 PACK : 1.00 PACK,1
LB0198,5700198,TELUR AYAM CREAM,Telur,"BLITAR, TUBAN DAN MAGETAN",M KHOIRUL UMAM,IKAT,1.00 IKAT : 1.00 IKAT,1.00 IKAT : 10.00 KG,10
LB6879,,TELUR AYAM KAMPUNG,Sembako,,,PACK,1.00 PACK : 1.00 PACK,1.00 PACK : 1.00 PACK,1
LB1031,5701036,TELUR AYAM NEGERI,Telur,"BLITAR, TUBAN DAN MAGETAN",M KHOIRUL UMAM,IKAT,1.00 IKAT : 1.00 IKAT,1.00 IKAT : 10.00 KG,10
LB7969,,TELUR AYAM NEGERI 15KG,Telur,,,IKAT,1.00 IKAT : 1.00 IKAT,1.00 IKAT : 15.00 KG,15
LB6941,5706941,TELUR AYAM OMEGA,Telur,RANGGA EGG,M KHOIRUL UMAM,IKAT,1.00 IKAT : 1.00 IKAT,1.00 IKAT : 10.00 KG,10
LB1754,5701754,TELUR PUYUH,Telur,"BLITAR, TUBAN DAN MAGETAN",M KHOIRUL UMAM,IKAT,1.00 IKAT : 1.00 IKAT,1.00 IKAT : 10.00 KG,10
LB5720,,TEMPAT SAMPAH BANGKOK BESAR,Kebutuhan,,,PCS,1.00 PCS : 1.00 PCS,1.00 PCS : 1.00 PCS,1
LB5719,,TEMPAT SAMPAH MAHAMERU KECIL,Kebutuhan,,,PCS,1.00 PCS : 1.00 PCS,1.00 PCS : 1.00 PCS,1
LB2013,,TEMPE BESAR,Sayuran,,,PCS,1.00 PCS : 1.00 PCS,1.00 PCS : 1.00 PCS,1
LB1638,,TEPUNG BERAS ROSEBRAND 200GR,Sembako,,,BALL,1.00 BALL : 1.00 BALL,1.00 BALL : 20.00 PCS,20
LB1637,8993093115008,TEPUNG BERAS ROSEBRAND 500GR,Sembako,PT. SUNGAI BUDI,EKO SUYANTO,BOX,1.00 BOX : 1.00 BOX,1.00 BOX : 20.00 PCS,20
LB1636,8993093135006,TEPUNG KETAN ROSEBRAND 500GR,Sembako,PT. SUNGAI BUDI,EKO SUYANTO,BOX,1.00 BOX : 1.00 BOX,1.00 BOX : 20.00 PCS,20
LB0861,,TEPUNG MAIZENA TEREOS 25kg,Sembako,,,DUS,1.00 KARUNG : 1.00 KARUNG,1.00 KARUNG : 25.00 KG,25
LB3040,,TEPUNG ROSEBRAND MAIZENA 250gr,Sembako,,,BOX,1.00 BOX : 1.00 BOX,1.00 BOX : 40.00 PCS,40
LB3877,,TEPUNG ROTI CAWANG EMAS 10KG,Sembako,,,BALL,1.00 BALL : 1.00 BALL,1.00 BALL : 10.00 KG,10
LB3015,,TEPUNG ROTI HARUM BREADCRUMB 10KG,Sembako,,,DUS,1.00 DUS : 1.00 DUS,1.00 DUS : 10.00 KG,10
LB1990,,TEPUNG ROTI INTIRASAKU 10KG,Sembako,,,DUS,1.00 DUS : 1.00 DUS,1.00 DUS : 10.00 KG,10
LB0658,,TEPUNG TAPIOKA CAP TANI 500gr,Sembako,,,BOX,1.00 BOX : 1.00 BOX,1.00 BOX : 20.00 PCS,20
LB6832,,TEPUNG TAPIOKA ROSEBRAND 200GR,Sembako,,,BALL,1.00 BALL : 1.00 BALL,1.00 BALL : 20.00 PCS,20
LB1912,8993093664605,TEPUNG TAPIOKA ROSEBRAND 500GR,Sembako,PT. SUNGAI BUDI,EKO SUYANTO,BALL,1.00 BALL : 1.00 BALL,1.00 BALL : 20.00 PCS,20
LB0602,8993296101112,TEPUNG TERIGU CAKRA KEMBAR 1kg,Sembako,PT. INDOMARCO ADI PRIMA,MIFTAKHUR ROZI,BOX,1.00 BOX : 1.00 BOX,1.00 BOX : 12.00 PCS,12
LB3036,,TEPUNG TERIGU DOUBLE ZERO 25KG,MATERIAL PRODUKSI,,,DUS,1.00 KARUNG : 1.00 KARUNG,1.00 KARUNG : 25.00 KG,25
LB0603,8993296301116,TEPUNG TERIGU KUNCI BIRU 1kg,Sembako,PT. INDOMARCO ADI PRIMA,MIFTAKHUR ROZI,BOX,1.00 BOX : 1.00 BOX,1.00 BOX : 12.00 PCS,12
LB1687,8993296201119,TEPUNG TERIGU SEGITIGA BIRU,Sembako,PT. INDOMARCO ADI PRIMA,MIFTAKHUR ROZI,BOX,1.00 BOX : 1.00 BOX,1.00 BOX : 12.00 PCS,12
LB2688,8993296210005,TEPUNG TERIGU SEGITIGA BIRU EKONOMIS,Sembako,PT. INDOMARCO ADI PRIMA,MIFTAKHUR ROZI,BOX,1.00 BOX : 1.00 BOX,1.00 BOX : 12.00 PCS,12
LB3028,,TEPUNG TERIGU SRIBOGA NINJA 25 KG,MATERIAL PRODUKSI,,,DUS,1.00 KARUNG : 1.00 KARUNG,1.00 KARUNG : 25.00 KG,25
LB3037,,TEPUNG TERIGU TALI EMAS SPESIAL 25KG,Sembako,,,DUS,1.00 KARUNG : 1.00 KARUNG,1.00 KARUNG : 25.00 KG,25
LB4776,,THINWAL KLIR REC 500ML,Oprasional,,,DUS,1.00 DUS : 1.00 DUS,1.00 DUS : 1.00 DUS,1
LB3648,,THINWAL KLIR SQUARE 350ML,Oprasional,,,DUS,1.00 DUS : 1.00 DUS,1.00 DUS : 1.00 DUS,1
LB4966,,THINWAL KLIR SQUARE 600ML,Oprasional,,,DUS,1.00 DUS : 1.00 DUS,1.00 DUS : 1.00 DUS,1
LB3649,,THINWAL KOKIKU REC 500ML,Oprasional,,,DUS,1.00 DUS : 1.00 DUS,1.00 DUS : 1.00 DUS,1
LB4535,,THINWALL REC HIBA 200ML,Oprasional,,,DUS,1.00 DUS : 1.00 DUS,1.00 DUS : 1.00 DUS,1
LB4266,,THINWALL REC KLIR 200ML,Oprasional,,,DUS,1.00 DUS : 1.00 DUS,1.00 DUS : 1.00 DUS,1
LB5032,,THINWALL REC KOKIKU 200ML,Oprasional,,,DUS,1.00 DUS : 1.00 DUS,1.00 DUS : 1.00 DUS,1
LB4708,,THINWALL REC MISTER 500ML,Oprasional,,,DUS,1.00 DUS : 1.00 DUS,1.00 DUS : 1.00 DUS,1
LB0860,,TIAS KITCHEN KUKER HOME MADE 500gr,Snack,,,BOX,1.00 BOX : 1.00 BOX,1.00 BOX : 12.00 PCS,12
LB0690,8994834001192,TIC-TIC,Snack,PT. Semestanustra Distrindo,M KHOIRUL UMAM,BOX,1.00 BOX : 1.00 BOX,1.00 BOX : 20.00 PCS,20
LB4718,8994834003370,TIC-TIC 20gr,Snack,PT. Semestanustra Distrindo,M KHOIRUL UMAM,DUS,1.00 DUS : 1.00 DUS,1.00 DUS : 60.00 PCS,60
LB4717,8994834006111,TIC-TIC SAOS SAMBAL COLEK 18GR,Snack,PT. Semestanustra Distrindo,M KHOIRUL UMAM,DUS,1.00 DUS : 1.00 DUS,1.00 DUS : 60.00 PCS,60
LB2301,,TICKTOSS RASA GULAI AYAM BAWANG 30GR,Snack,,,BOX,1.00 BOX : 1.00 BOX,1.00 BOX : 40.00 PCS,40
LB6421,,TING KEI ENTING GEPUK ORIGINAL,Snack,,,DUS,1.00 DUS : 1.00 DUS,1.00 DUS : 15.00 PCS,15
LB1252,,TINTA MERAH/BANDROL,Oprasional,,,PCS,1.00 PCS : 1.00 PCS,1.00 PCS : 1.00 PCS,1
LB1373,,TINTA SPIDOL REFILL ARTLINE 20ml,Oprasional,,,PCS,1.00 PCS : 1.00 PCS,1.00 PCS : 1.00 PCS,1
LB1253,,TINTA UNGU/BANDROL,Oprasional,,,PCS,1.00 PCS : 1.00 PCS,1.00 PCS : 1.00 PCS,1
LB5715,,TIPE X PARETTO,Kebutuhan,,,PACK,1.00 PACK : 1.00 PACK,1.00 PACK : 12.00 PCS,12
LB4615,,TIPE-X EXIS-01,Kebutuhan,,,PACK,1.00 PACK : 1.00 PACK,1.00 PACK : 12.00 PCS,12
LB5906,,TISSU BASAH MITU BABY CHARMING LILY 50 LEMBAR BELI 1 FREE 1,Kebutuhan,,,PCS,1.00 PCS : 1.00 PCS,1.00 PCS : 1.00 PCS,1
LB5905,,TISSU BASAH MITU BABY SWEET ROSE 50 LEMBAR BELI 1 FREE 1,Kebutuhan,,,PCS,1.00 PCS : 1.00 PCS,1.00 PCS : 1.00 PCS,1
LB4757,8993053641097,TISSU BASAH PASSEO 50 SHEETS BELI 1 FREE 1,Kebutuhan,PT UNIRAMA DUTA NIAGA,EKO SUYANTO,PCS,1.00 PCS : 1.00 PCS,1.00 PCS : 1.00 PCS,1
LB4756,8993053641042,TISSU BASAH PASSEO NON-PERFUMED 50 SHEETS BELI 1 FREE 1,Kebutuhan,PT UNIRAMA DUTA NIAGA,EKO SUYANTO,PCS,1.00 PCS : 1.00 PCS,1.00 PCS : 1.00 PCS,1
LB6317,,TISSU GREENSOFT FACIAL POP UP 130 SHEETS,Kebutuhan,,,PACK,1.00 PACK : 1.00 PACK,1.00 PACK : 6.00 PCS,6
LB7834,,TISSU KANOE FACIAL POP UP 150 SHEETS,Kebutuhan,,,PACK,1.00 PACK : 1.00 PACK,1.00 PACK : 10.00 PCS,10
LB0718,5800718,TISSU NICE SOFT PACK,Kebutuhan,PT UNIRAMA DUTA NIAGA,EKO SUYANTO,PCS,1.00 PCS : 1.00 PCS,1.00 PCS : 1.00 PCS,1
LB0693,5800693,TISSU PASSEO,Kebutuhan,PT UNIRAMA DUTA NIAGA,EKO SUYANTO,PCS,1.00 PCS : 1.00 PCS,1.00 PCS : 1.00 PCS,1
LB4754,5804754,TISSU PASSEO 12 SHEETS,Kebutuhan,PT UNIRAMA DUTA NIAGA,EKO SUYANTO,BALL,1.00 BALL : 1.00 BALL,1.00 BALL : 6.00 PCS,6
LB5901,8995154106055,TISSU YEPPEO 180 SHEETS,Kebutuhan,PT SAERAH SURYA PERKASA,PRASETYO PAMBUDI,BALL,1.00 BALL : 1.00 BALL,1.00 BALL : 30.00 PCS,30
LB3013,8997019581649,TISSUE GREENSOFT FACIAL 250gr,Kebutuhan,PT SUBUR MITRA SUKSES,PRASETYO PAMBUDI,PCS,1.00 PCS : 1.00 PCS,1.00 PCS : 1.00 PCS,1
LB3014,8997019580567,TISSUE GREENSOFT TRAVELPACK 50s,Kebutuhan,PT SUBUR MITRA SUKSES,PRASETYO PAMBUDI,PCS,1.00 PCS : 1.00 PCS,1.00 PCS : 1.00 PCS,1
LB1223,8993163411108,TISSUE MONTIS SOFT PACK 250SHEET,Kebutuhan,KOPERASI KAREB,PRASETYO PAMBUDI,PCS,1.00 PCS : 1.00 PCS,1.00 PCS : 1.00 PCS,1
LB0003,,TISSUE PASCOY 250 SHEET,Kebutuhan,,,PCS,1.00 PCS : 1.00 PCS,1.00 PCS : 1.00 PCS,1
LB3236,,TOFFIECO PANDAN 100g,Sembako,,,PCS,1.00 PCS : 1.00 PCS,1.00 PCS : 1.00 PCS,1
LB0995,,TOLAK ANGIN CAIR,Kebutuhan,,,BOX,1.00 BOX : 1.00 BOX,1.00 BOX : 12.00 PCS,12
LB7931,8998866809696,TOP CAPPUCINO 225GR,Sembako,PT INTI NIAGA PRANASARI,AGUS PURNOMO,DUS,1.00 DUS : 1.00 DUS,1.00 DUS : 20.00 PCS,20
LB7933,8998866202633,TOP COFFE GULA AREN 198GR,Sembako,PT INTI NIAGA PRANASARI,AGUS PURNOMO,DUS,1.00 DUS : 1.00 DUS,1.00 DUS : 20.00 PCS,20
LB7932,8998866200714,TOP COFFE SUSU 310GR,Sembako,PT INTI NIAGA PRANASARI,AGUS PURNOMO,DUS,1.00 DUS : 1.00 DUS,1.00 DUS : 12.00 PCS,12
LB1281,8998866202626,TOP KOPI GULA AREN 22GRAM,Sembako,PT INTI NIAGA PRANASARI,AGUS PURNOMO,DUS,1.00 DUS : 1.00 DUS,1.00 DUS : 180.00 PCS,180
LB1189,,TOP KOPI GULA AREN 3IN1 27gr,Sembako,,,BOX,1.00 BOX : 1.00 BOX,1.00 BOX : 12.00 RENTENG,12
LB6688,,TOPLES KACA SK500,Seasonal,,,DUS,1.00 DUS : 1.00 DUS,1.00 DUS : 24.00 PCS,24
LB4232,,TOPLES TIP TOP 250gram,Oprasional,,,DUS,1.00 DUS : 1.00 DUS,1.00 DUS : 1.00 DUS,1
LB4721,18996001410049,TORA BIKA MOKA 28GR,Sembako,BI PT. CIPTA NIAGA SEMESTA BJN,MIFTAKHUR ROZI,DUS,1.00 DUS : 1.00 DUS,1.00 DUS : 120.00 PCS,120
LB0694,8996001600641,TORA CAFÉ CAPPUCINO,Minuman,BI PT. CIPTA NIAGA SEMESTA BJN,EKO SUYANTO,BOX,1.00 BOX : 1.00 BOX,1.00 BOX : 12.00 PCS,12
LB0695,8996001600610,TORA CAFÉ MILKY LATTE,Minuman,BI PT. CIPTA NIAGA SEMESTA BJN,EKO SUYANTO,BOX,1.00 BOX : 1.00 BOX,1.00 BOX : 12.00 PCS,12
LB5151,8995077606496,TOS TOS KOREAN BBQ 140GR,Snack,CV LANDAHUR,M KHOIRUL UMAM,DUS,1.00 DUS : 1.00 DUS,1.00 DUS : 20.00 PCS,20
LB2239,,TOTOLE KALDU RASA JAMUR 80GR,Sembako,,,PCS,1.00 PCS : 1.00 PCS,1.00 PCS : 1.00 PCS,1
LB1434,,TRAY MIKA SEDANG,Alat,,,PCS,1.00 PCS : 1.00 PCS,1.00 PCS : 1.00 PCS,1
LB0975,,TROPICANA CHOCO VANILLA,Konsinyasi,,,BOX,1.00 BOX : 1.00 BOX,1.00 BOX : 30.00 PCS,30
LB3192,,TULIP 1000 CUP CASES 105mm,Kebutuhan,,,PACK,1.00 PACK : 1.00 PACK,1.00 PACK : 1.00 PACK,1
LB5124,,TUSUK GIGI HANISA,Kebutuhan,,,PACK,1.00 PACK : 1.00 PACK,1.00 PACK : 12.00 PCS,12
LB3655,,TUSUK SATE CAP PANDA,Oprasional,,,PACK,1.00 PACK : 1.00 PACK,1.00 PACK : 1.00 PACK,1
LB3654,,TUTUP CUP CEMBUNG,Oprasional,,,PACK,1.00 PACK : 1.00 PACK,1.00 PACK : 50.00 PCS,50
LB7990,,TUTUP KAMIPACK 650/800,Oprasional,,,PACK,1.00 PACK : 1.00 PACK,1.00 PACK : 25.00 PCS,25
LB0699,8886013221203,TWISTKO,Snack,PT. Semestanustra Distrindo,M KHOIRUL UMAM,BOX,1.00 BOX : 1.00 BOX,1.00 BOX : 20.00 PCS,20
LB4719,8994834006876,TWISTKO RASA JAGUNG BAKAR 20GR,Snack,PT. Semestanustra Distrindo,M KHOIRUL UMAM,DUS,1.00 DUS : 1.00 DUS,1.00 DUS : 40.00 PCS,40
LB2244,,UDANG VANAMI,Frozen food,,,PACK,1.00 PACK : 1.00 PACK,1.00 PACK : 1.00 PACK,1
LB0652,8998009050053,ULTRA SARI KACANG IJO 250ml,Minuman,PT ULTRAJAYA MILK INDUSTRY & TRADING CO.Tbk,M ROISUL ANAM,BOX,1.00 BOX : 1.00 BOX,1.00 BOX : 24.00 PCS,24
LB3261,8998009040023,ULTRA TEH KOTAK MELATI 300ml,Minuman,PT ULTRAJAYA MILK INDUSTRY & TRADING CO.Tbk,M ROISUL ANAM,BOX,1.00 BOX : 1.00 BOX,1.00 BOX : 24.00 PCS,24
LB5016,,ULTRAFLU PE,Kebutuhan,,,BOX,1.00 BOX : 1.00 BOX,1.00 BOX : 25.00 TABLET,25
LB0992,8998009010620,ULTRAMILK 1000ml CHOCOLATE,Minuman,PT ULTRAJAYA MILK INDUSTRY & TRADING CO.Tbk,M ROISUL ANAM,BOX,1.00 BOX : 1.00 BOX,1.00 BOX : 12.00 PCS,12
LB0993,8998009010613,ULTRAMILK 1000ml FULL CREAM,Minuman,PT ULTRAJAYA MILK INDUSTRY & TRADING CO.Tbk,M ROISUL ANAM,BOX,1.00 BOX : 1.00 BOX,1.00 BOX : 12.00 PCS,12
LB0702,8998009010231,ULTRAMILK 250ML CHOCOLATE,Minuman,PT ULTRAJAYA MILK INDUSTRY & TRADING CO.Tbk,M ROISUL ANAM,BOX,1.00 BOX : 1.00 BOX,1.00 BOX : 24.00 PCS,24
LB0703,8998009010224,ULTRAMILK 250ML FULL CREAM,Minuman,PT ULTRAJAYA MILK INDUSTRY & TRADING CO.Tbk,M ROISUL ANAM,BOX,1.00 BOX : 1.00 BOX,1.00 BOX : 24.00 PCS,24
LB1347,8998009010248,ULTRAMILK 250ml STRAWBERRY,Minuman,PT ULTRAJAYA MILK INDUSTRY & TRADING CO.Tbk,M ROISUL ANAM,BOX,1.00 BOX : 1.00 BOX,1.00 BOX : 24.00 PCS,24
LB0058,,UMI MIE GORENG 90Gr,Sembako,,,BOX,1.00 BOX : 1.00 BOX,1.00 BOX : 40.00 PCS,40
LB2859,,UMI MIE RASA SOTO NUSANTARA 75GR,Sembako,,,BOX,1.00 BOX : 1.00 BOX,1.00 BOX : 48.00 PCS,48
LB5064,,VASELINE UV EXTRA BRIGHTENING 100ML,Kebutuhan,,,PCS,1.00 PCS : 1.00 PCS,1.00 PCS : 1.00 PCS,1
LB6072,,VICKS VAPORUB 10GR,Kebutuhan,,,PACK,1.00 PACK : 1.00 PACK,1.00 PACK : 12.00 PCS,12
LB6073,,VICKS VAPORUB 25GR,Kebutuhan,,,PCS,1.00 PCS : 1.00 PCS,1.00 PCS : 1.00 PCS,1
LB0794,,VIGO SOSIS AYAM,Frozen food,,,PCS,1.00 PCS : 1.00 PCS,1.00 PCS : 1.00 PCS,1
LB5572,8997213770320,VIP CHIPS RUMPUT LAUT 28GR,Snack,UD BINTANG ANUGRAH,M MUJAHIDIN,DUS,1.00 DUS : 1.00 DUS,1.00 DUS : 60.00 PCS,60
LB1615,,VITA RASA KRUPUK BAWANG 200GR,Sembako,,,BOX,1.00 BOX : 1.00 BOX,1.00 BOX : 24.00 PCS,24
LB1712,,VITA RASA KRUPUK BAWANG 400GR,Sembako,,,BOX,1.00 BOX : 1.00 BOX,1.00 BOX : 10.00 PCS,10
LB1713,,VITA RASA KRUPUK BAWANG PELANGI 500GR,Sembako,,,BOX,1.00 BOX : 1.00 BOX,1.00 BOX : 10.00 PCS,10
LB1675,,VITA RASA KRUPUK CERIPING PEDAS 200GR,Sembako,,,BOX,1.00 BOX : 1.00 BOX,1.00 BOX : 24.00 PCS,24
LB1714,,VITA RASA KRUPUK CERIPING PEDAS 400GR,Sembako,,,BOX,1.00 BOX : 1.00 BOX,1.00 BOX : 12.00 PCS,12
LB1612,,VITA RASA KRUPUK UDANG 250GR,Sembako,,,BOX,1.00 BOX : 1.00 BOX,1.00 BOX : 20.00 PCS,20
LB1676,,VITA RASA KRUPUK UDANG 500GR,Sembako,,,BALL,1.00 BALL : 1.00 BALL,1.00 BALL : 10.00 PCS,10
LB5170,,VIVA FACE TONIC BENGKUANG 100ML,Kebutuhan,,,PCS,1.00 PCS : 1.00 PCS,1.00 PCS : 1.00 PCS,1
LB5141,,VIVA MILK CLEANSER BENGKUANG 100ML,Kebutuhan,,,PCS,1.00 PCS : 1.00 PCS,1.00 PCS : 1.00 PCS,1
LB1286,8999999500672,VIXAL EXTRA KUAT 160ML,Kebutuhan,UD. SANUR BOJONEGORO,M MUJAHIDIN,BOX,1.00 BOX : 1.00 BOX,1.00 BOX : 24.00 PCS,24
LB1812,8999999555450,VIXAL KUAT HARUM 160ML,Kebutuhan,UD. SANUR BOJONEGORO,M MUJAHIDIN,BOX,1.00 BOX : 1.00 BOX,1.00 BOX : 24.00 PCS,24
LB6042,8996001357552,WAFELLO COKELAT POUCH 97.5GR,Snack,BI PT. CIPTA NIAGA SEMESTA BJN,MIFTAKHUR ROZI,DUS,1.00 DUS : 1.00 DUS,1.00 DUS : 16.00 PCS,16
LB2335,,WALLS APEL ANGGUR,Konsinyasi,,,DUS,1.00 DUS : 1.00 DUS,1.00 DUS : 54.00 PCS,54
LB0256,,WALLS CUP CHOCO BALL,Konsinyasi,,,DUS,1.00 DUS : 1.00 DUS,1.00 DUS : 40.00 PCS,40
LB2311,,WALLS HARUM MANIS,Konsinyasi,,,BOX,1.00 BOX : 1.00 BOX,1.00 BOX : 40.00 PCS,40
LB2336,,WALLS JAMBU MERAH,Konsinyasi,,,BOX,1.00 BOX : 1.00 BOX,1.00 BOX : 48.00 PCS,48
LB2307,,WALLS JERUK NIPIS-MANGGA,Konsinyasi,,,DUS,1.00 DUS : 1.00 DUS,1.00 DUS : 54.00 PCS,54
LB0912,,WALLS MILKY STRAWBERRY,Konsinyasi,,,BOX,1.00 BOX : 1.00 BOX,1.00 BOX : 48.00 PCS,48
LB0782,,WALLS SERU ALPUKAT COKLAT,Konsinyasi,,,BOX,1.00 BOX : 1.00 BOX,1.00 BOX : 40.00 PCS,40
LB0397,,WALLS SWEET CORN STICK,Minuman,,,BOX,1.00 BOX : 1.00 BOX,1.00 BOX : 36.00 PCS,36
LB2095,,WALLS VANILLA SNOWBALL,Konsinyasi,,,DUS,1.00 DUS : 1.00 DUS,1.00 DUS : 40.00 PCS,40
LB7889,8993137698870,WARDAH BRIGHT NOW OIL CONTROL 100ML,Kebutuhan,PT PARAMA GLOBAL INSPIRA,ADITYA,PCS,1.00 PCS : 1.00 PCS,1.00 PCS : 1.00 PCS,1
LB7888,8993137697002,WARDAH BRIGHT NOW SMOOTH GLOW F 100ML,Kebutuhan,PT PARAMA GLOBAL INSPIRA,ADITYA,PCS,1.00 PCS : 1.00 PCS,1.00 PCS : 1.00 PCS,1
LB4381,,WIDARAN GETAS MANIS,Grosir,,,BALL,1.00 BALL : 1.00 BALL,1.00 BALL : 1.60 KG,1.6
LB3184,,WIJEN HITAM 1KG,Sembako,,,PCS,1.00 PCS : 1.00 PCS,1.00 PCS : 1.00 PCS,1
LB6578,,WINCHEEZ KEJU CHEDDAR 250gr,Sembako,,,PACK,1.00 PACK : 1.00 PACK,1.00 PACK : 8.00 PCS,8
LB2404,,WIPOL CITRUS FRESH BIO SHIELD 390ML,Kebutuhan,,,BOX,1.00 BOX : 1.00 BOX,1.00 BOX : 12.00 PCS,12
LB1346,,WIPOL KARBOL ACALYPTUS 450ML,Kebutuhan,,,BOX,1.00 BOX : 1.00 BOX,1.00 BOX : 12.00 PCS,12
LB1287,8999999520885,WIPOL KARBOL CEMARA 390ML,Kebutuhan,UD. SANUR BOJONEGORO,M MUJAHIDIN,BOX,1.00 BOX : 1.00 BOX,1.00 BOX : 24.00 PCS,24
LB7656,8992982810062,WONGHAE TOPOKKI CREAMY ROSE 80GR,Snack,CV ANDHIKA,PRASETYO PAMBUDI,DUS,1.00 DUS : 1.00 DUS,1.00 DUS : 40.00 PCS,40
LB5825,,WOW SPAGETI AGLIO OLIO,Sembako,,,DUS,1.00 DUS : 1.00 DUS,1.00 DUS : 60.00 PCS,60
LB5826,8996001526224,WOW SPAGETI CREAMY CARBONARA,Sembako,BI PT. CIPTA NIAGA SEMESTA BJN,MIFTAKHUR ROZI,DUS,1.00 DUS : 1.00 DUS,1.00 DUS : 60.00 PCS,60
LB5066,8996001526231,WOW SPAGETI MEATY BOLOGNESE 76GR,Sembako,BI PT. CIPTA NIAGA SEMESTA BJN,MIFTAKHUR ROZI,BOX,1.00 BOX : 1.00 BOX,1.00 BOX : 60.00 PCS,60
LB3062,,XENA EXTRA DOUBLE ACTING 25KG,Sembako,,,DUS,1.00 KARUNG : 1.00 KARUNG,1.00 KARUNG : 25.00 KG,25
LB4653,,XONCE VITAMIN C 500MG,Kebutuhan,,,BOX,1.00 BOX : 1.00 BOX,1.00 BOX : 50.00 TABLET,50
LB0705,,YAKULT,Konsinyasi,,,PACK,1.00 PACK : 1.00 PACK,1.00 PACK : 1.00 PACK,1
LB3284,,YAKULT LIGHT,Konsinyasi,,,PACK,1.00 PACK : 1.00 PACK,1.00 PACK : 1.00 PACK,1
LB4780,,YAKULT RASA MANGGA,Konsinyasi,,,PACK,1.00 PACK : 1.00 PACK,1.00 PACK : 1.00 PACK,1
LB7851,,YAKULT RASA STROBERI,Konsinyasi,,,PACK,1.00 PACK : 1.00 PACK,1.00 PACK : 1.00 PACK,1
LB4589,,YAKULT TWO BOTTLES,Konsinyasi,,,PACK,1.00 PACK : 1.00 PACK,1.00 PACK : 1.00 PACK,1
LB1110,,YAMI-YAMI HARUM PEDAS 35gr,Snack,,,BOX,1.00 BOX : 1.00 BOX,1.00 BOX : 60.00 PCS,60
LB1112,,YAMI-YAMI RUMPUT LAUT 35gr,Snack,,,BOX,1.00 BOX : 1.00 BOX,1.00 BOX : 60.00 PCS,60
LB1109,,YAMI-YAMI SALT&PEPPER,Snack,,,BOX,1.00 BOX : 1.00 BOX,1.00 BOX : 60.00 PCS,60
LB1111,,YAMI-YAMI SAPI PANGGANG 35gr,Snack,,,BOX,1.00 BOX : 1.00 BOX,1.00 BOX : 60.00 PCS,60
LB3849,8995202600108,YEYE POPCORN 150GR RASA PANDAN,Snack,PT. AGRO CHAMP PERKASA,M KHOIRUL UMAM,BOX,1.00 BOX : 1.00 BOX,1.00 BOX : 32.00 PCS,32
LB6703,,YOSAN CHOYO CHOYO 240gr,Seasonal,,,DUS,1.00 DUS : 1.00 DUS,1.00 DUS : 6.00 PCS,6
LB0707,8997009510055,YOU C1000 ORANGE,Minuman,PT ARTA BOGA CEMERLANG,ADITYA,BOX,1.00 BOX : 1.00 BOX,1.00 BOX : 30.00 PCS,30
LB1909,,YOYIC BLUEBERRY 130ml,Minuman,,,PACK,1.00 PACK : 1.00 PACK,1.00 PACK : 12.00 PCS,12
LB1427,,YOYIC JERUK 130ml,Minuman,,,PACK,1.00 PACK : 1.00 PACK,1.00 PACK : 12.00 PCS,12
LB1908,,YOYIC ORIGINAL 130ml,Minuman,,,PACK,1.00 PACK : 1.00 PACK,1.00 PACK : 12.00 PCS,12
LB3171,,ZEELANDIA QUICK 75 1KG,Kebutuhan,,,PCS,1.00 PCS : 1.00 PCS,1.00 PCS : 1.00 PCS,1
LB1322,8998866107525,ZINC SHAMPOO 10ML ACTIVE COOL,Kebutuhan,PT INTI NIAGA PRANASARI,AGUS PURNOMO,RENTENG,1.00 RENTENG : 1.00 RENTENG,1.00 RENTENG : 1.00 RENTENG,1
LB1155,8998866107518,ZINC SHAMPOO 10ML BLACK SHINE,Kebutuhan,PT INTI NIAGA PRANASARI,AGUS PURNOMO,RENTENG,1.00 RENTENG : 1.00 RENTENG,1.00 RENTENG : 1.00 RENTENG,1
LB1177,8998866107488,ZINC SHAMPOO 10ML REFRESHING COOL,Kebutuhan,PT INTI NIAGA PRANASARI,AGUS PURNOMO,RENTENG,1.00 RENTENG : 1.00 RENTENG,1.00 RENTENG : 1.00 RENTENG,1
LB4971,,ZINC SHAMPOO ACTIVE COOL 170ML,Kebutuhan,,,PCS,1.00 PCS : 1.00 PCS,1.00 PCS : 1.00 PCS,1
LB4972,,ZINC SHAMPOO ACTIVE FRESH 170ML,Kebutuhan,,,PCS,1.00 PCS : 1.00 PCS,1.00 PCS : 1.00 PCS,1
LB4974,,ZINC SHAMPOO ACTIVE SOFT CARE 170ML,Kebutuhan,,,PCS,1.00 PCS : 1.00 PCS,1.00 PCS : 1.00 PCS,1
LB4975,,ZINC SHAMPOO BLACK SHINE 170ML,Kebutuhan,,,PCS,1.00 PCS : 1.00 PCS,1.00 PCS : 1.00 PCS,1
LB4973,,ZINC SHAMPOO REFRESHING COOL 170ML,Kebutuhan,,,PCS,1.00 PCS : 1.00 PCS,1.00 PCS : 1.00 PCS,1
LB6032,,ZWITSAL SHAMPOO 100ML ALOE VERA KEMIRI SELEDRI,Kebutuhan,,,PCS,1.00 PCS : 1.00 PCS,1.00 PCS : 1.00 PCS,1
